Node0 Layer,Node0 X location,Node0 Y location,Node1 Layer,Node1 X location,Node1 Y location,Current
met1,4.3700,46.2400,met1,6.6700,46.2400,9.326e-13
met1,4.3700,68.0000,met1,9.2000,68.0000,1.559e-12
met1,4.3700,73.4400,met1,6.6700,73.4400,1.319e-12
met1,4.3700,84.3200,met1,6.6700,84.3200,1.047e-12
met1,4.6000,19.0400,met1,6.9000,19.0400,1.362e-13
met1,4.6000,24.4800,met1,7.1300,24.4800,8.176e-13
met1,4.6000,29.9200,met1,6.9000,29.9200,7.042e-13
met1,4.6000,40.8000,met1,8.0500,40.8000,2.319e-12
met1,4.6000,51.6800,met1,7.1300,51.6800,2.088e-12
met1,4.6000,57.1200,met1,7.5900,57.1200,4.547e-13
met1,4.6000,62.5600,met1,8.5100,62.5600,2.314e-13
met1,4.6000,78.8800,met1,7.1300,78.8800,4.285e-08
met1,4.6000,127.8400,met1,7.1300,127.8400,5.334e-13
met1,5.0600,95.2000,met1,7.1300,95.2000,1.482e-12
met1,5.0600,100.6400,met1,8.5100,100.6400,4.248e-13
met1,5.0600,106.0800,met1,8.7400,106.0800,9.231e-14
met1,5.0600,111.5200,met1,8.7400,111.5200,1.494e-11
met1,5.0600,116.9600,met1,7.1300,116.9600,1.117e-12
met1,5.9800,8.1600,met1,8.7400,8.1600,5.468e-14
met1,5.9800,13.6000,met1,8.7400,13.6000,5.468e-14
met1,5.9800,35.3600,met1,8.7400,35.3600,5.468e-14
met1,5.9800,89.7600,met1,8.7400,89.7600,5.468e-14
met1,5.9800,122.4000,met1,8.2800,122.4000,1.001e-12
met1,5.9800,133.2800,met1,8.7400,133.2800,1.517e-13
met1,5.9800,138.7200,met1,9.6600,138.7200,9.231e-14
met1,5.9800,144.1600,met1,9.6600,144.1600,9.231e-14
met1,6.6700,46.2400,met1,9.6600,46.2400,5.031e-07
met1,6.6700,73.4400,met1,8.7400,73.4400,4.783e-07
met1,6.6700,84.3200,met1,9.4300,84.3200,9.628e-07
met1,6.9000,19.0400,met1,8.7400,19.0400,1.574e-07
met1,6.9000,29.9200,met1,8.9700,29.9200,5.967e-07
met1,7.1300,24.4800,met1,8.9700,24.4800,7.661e-07
met1,7.1300,51.6800,met1,10.1200,51.6800,9.304e-07
met1,7.1300,78.8800,met1,9.6600,78.8800,7.082e-06
met1,7.1300,95.2000,met1,10.3500,95.2000,6.755e-06
met1,7.1300,116.9600,met1,9.8900,116.9600,6.037e-06
met1,7.1300,127.8400,met1,9.2000,127.8400,1.098e-06
met1,7.5900,57.1200,met1,10.5800,57.1200,7.119e-06
met1,8.0500,40.8000,met1,10.5800,40.8000,7.007e-06
met1,8.2800,122.4000,met1,10.8100,122.4000,1.169e-05
met1,8.5100,62.5600,met1,12.4200,62.5600,7.028e-06
met1,8.5100,100.6400,met1,11.5000,100.6400,6.661e-06
met1,8.7400,8.1600,met1,11.7300,8.1600,5.412e-06
met1,8.7400,13.6000,met1,11.7300,13.6000,5.547e-06
met1,8.7400,19.0400,met1,10.5800,19.0400,5.746e-06
met1,8.7400,35.3600,met1,12.4200,35.3600,6.602e-06
met1,8.7400,73.4400,met1,10.8100,73.4400,4.783e-07
met1,8.7400,89.7600,met1,11.9600,89.7600,6.806e-06
met1,8.7400,106.0800,met1,12.8800,106.0800,6.553e-06
met1,8.7400,111.5200,met1,11.9600,111.5200,6.352e-06
met1,8.7400,133.2800,met1,10.5800,133.2800,3.761e-13
met1,8.9700,24.4800,met1,11.0400,24.4800,7.661e-07
met1,8.9700,29.9200,met1,12.8800,29.9200,1.835e-05
met1,9.2000,68.0000,met1,14.7200,68.0000,1.353e-05
met1,9.2000,127.8400,met1,12.1900,127.8400,1.512e-05
met1,9.4300,84.3200,met1,11.7300,84.3200,9.628e-07
met1,9.6600,46.2400,met1,13.3400,46.2400,7.291e-06
met1,9.6600,78.8800,met1,13.3400,78.8800,7.082e-06
met1,9.6600,138.7200,met1,11.9600,138.7200,1.071e-13
met1,9.6600,144.1600,met1,13.3400,144.1600,9.231e-14
met1,9.8900,116.9600,met1,11.7300,116.9600,6.037e-06
met1,10.1200,51.6800,met1,11.9600,51.6800,9.304e-07
met1,10.3500,95.2000,met1,13.8000,95.2000,7.263e-06
met1,10.5800,19.0400,met1,14.4900,19.0400,8.196e-06
met1,10.5800,40.8000,met1,13.5700,40.8000,7.007e-06
met1,10.5800,57.1200,met1,14.4900,57.1200,7.119e-06
met1,10.5800,133.2800,met1,13.8000,133.2800,1.631e-06
met1,10.8100,73.4400,met1,13.1100,73.4400,4.783e-07
met1,10.8100,122.4000,met1,13.5700,122.4000,1.185e-05
met1,11.0400,24.4800,met1,14.7200,24.4800,6.245e-06
met1,11.5000,100.6400,met1,13.5700,100.6400,6.661e-06
met1,11.7300,8.1600,met1,14.9500,8.1600,5.572e-06
met1,11.7300,13.6000,met1,14.2600,13.6000,5.715e-06
met1,11.7300,84.3200,met1,15.6400,84.3200,8.398e-06
met1,11.7300,116.9600,met1,15.1800,116.9600,8.616e-06
met1,11.9600,51.6800,met1,15.8700,51.6800,9.304e-07
met1,11.9600,89.7600,met1,15.8700,89.7600,6.806e-06
met1,11.9600,111.5200,met1,15.8700,111.5200,6.352e-06
met1,11.9600,138.7200,met1,14.0300,138.7200,9.700e-06
met1,12.1900,127.8400,met1,14.4900,127.8400,1.894e-05
met1,12.4200,35.3600,met1,14.4900,35.3600,6.602e-06
met1,12.4200,62.5600,met1,14.7200,62.5600,7.028e-06
met1,12.8800,29.9200,met1,16.1000,29.9200,2.400e-05
met1,12.8800,106.0800,met1,15.6400,106.0800,6.553e-06
met1,13.1100,73.4400,met1,17.0200,73.4400,7.564e-06
met1,13.3400,46.2400,met1,18.1700,46.2400,1.409e-05
met1,13.3400,78.8800,met1,16.1000,78.8800,7.082e-06
met1,13.3400,144.1600,met1,15.4100,144.1600,9.093e-13
met1,13.5700,40.8000,met1,16.1000,40.8000,7.494e-06
met1,13.5700,100.6400,met1,15.8700,100.6400,6.661e-06
met1,13.5700,122.4000,met1,15.6400,122.4000,1.342e-05
met1,13.8000,95.2000,met1,16.1000,95.2000,2.650e-05
met1,13.8000,133.2800,met1,17.0200,133.2800,1.631e-06
met1,14.0300,138.7200,met1,17.7100,138.7200,9.700e-06
met1,14.2600,13.6000,met1,16.3300,13.6000,6.081e-06
met1,14.4900,19.0400,met1,17.4800,19.0400,8.997e-06
met1,14.4900,35.3600,met1,18.1700,35.3600,6.924e-06
met1,14.4900,57.1200,met1,17.4800,57.1200,7.604e-06
met1,14.4900,127.8400,met1,16.5600,127.8400,1.950e-05
met1,14.7200,24.4800,met1,17.2500,24.4800,3.563e-05
met1,14.7200,62.5600,met1,18.1700,62.5600,7.028e-06
met1,14.7200,68.0000,met1,17.0200,68.0000,1.353e-05
met1,14.9500,8.1600,met1,17.4800,8.1600,5.919e-06
met1,15.1800,116.9600,met1,17.4800,116.9600,8.616e-06
met1,15.4100,144.1600,met1,17.4800,144.1600,1.388e-06
met1,15.6400,84.3200,met1,17.7100,84.3200,8.398e-06
met1,15.6400,106.0800,met1,17.7100,106.0800,6.553e-06
met1,15.6400,122.4000,met1,18.1700,122.4000,1.797e-05
met1,15.8700,51.6800,met1,18.1700,51.6800,8.197e-06
met1,15.8700,89.7600,met1,18.1700,89.7600,1.369e-05
met1,15.8700,100.6400,met1,18.1700,100.6400,1.321e-05
met1,15.8700,111.5200,met1,17.9400,111.5200,6.826e-06
met1,16.1000,29.9200,met1,18.1700,29.9200,2.400e-05
met1,16.1000,40.8000,met1,18.1700,40.8000,7.494e-06
met1,16.1000,78.8800,met1,18.1700,78.8800,7.082e-06
met1,16.1000,95.2000,met1,17.9400,95.2000,2.650e-05
met1,16.3300,13.6000,met1,18.1700,13.6000,6.097e-06
met1,16.5600,127.8400,met1,19.3200,127.8400,3.914e-05
met1,17.0200,68.0000,met1,19.7800,68.0000,1.400e-05
met1,17.0200,73.4400,met1,19.7800,73.4400,7.564e-06
met1,17.0200,133.2800,met1,19.0900,133.2800,4.151e-06
met1,17.2500,24.4800,met1,20.7000,24.4800,3.565e-05
met1,17.4800,8.1600,met1,19.3200,8.1600,1.129e-05
met1,17.4800,19.0400,met1,19.5500,19.0400,9.011e-06
met1,17.4800,57.1200,met1,20.2400,57.1200,7.604e-06
met1,17.4800,116.9600,met1,20.2400,116.9600,1.798e-05
met1,17.4800,144.1600,met1,20.2400,144.1600,2.388e-06
met1,17.7100,84.3200,met1,20.7000,84.3200,8.398e-06
met1,17.7100,106.0800,met1,20.7000,106.0800,1.257e-05
met1,17.7100,138.7200,met1,20.7000,138.7200,1.888e-05
met1,17.9400,95.2000,met1,20.4700,95.2000,3.300e-05
met1,17.9400,111.5200,met1,20.4700,111.5200,1.284e-05
met1,18.1700,13.6000,met1,20.7000,13.6000,6.112e-06
met1,18.1700,29.9200,met1,20.2400,29.9200,2.401e-05
met1,18.1700,35.3600,met1,20.9300,35.3600,1.250e-05
met1,18.1700,40.8000,met1,20.0100,40.8000,7.494e-06
met1,18.1700,46.2400,met1,23.0000,46.2400,2.058e-05
met1,18.1700,51.6800,met1,20.4700,51.6800,8.197e-06
met1,18.1700,62.5600,met1,20.4700,62.5600,1.376e-05
met1,18.1700,78.8800,met1,20.4700,78.8800,1.398e-05
met1,18.1700,89.7600,met1,20.2400,89.7600,1.369e-05
met1,18.1700,100.6400,met1,20.2400,100.6400,1.321e-05
met1,18.1700,122.4000,met1,20.2400,122.4000,1.824e-05
met1,19.0900,133.2800,met1,22.0800,133.2800,5.882e-06
met1,19.3200,8.1600,met1,21.8500,8.1600,1.129e-05
met1,19.3200,127.8400,met1,21.3900,127.8400,4.049e-05
met1,19.5500,19.0400,met1,21.6200,19.0400,9.181e-06
met1,19.7800,68.0000,met1,21.6200,68.0000,3.520e-05
met1,19.7800,73.4400,met1,23.0000,73.4400,7.564e-06
met1,20.0100,40.8000,met1,22.5400,40.8000,7.651e-06
met1,20.2400,29.9200,met1,23.0000,29.9200,2.401e-05
met1,20.2400,57.1200,met1,23.0000,57.1200,1.411e-05
met1,20.2400,89.7600,met1,22.0800,89.7600,1.369e-05
met1,20.2400,100.6400,met1,22.5400,100.6400,1.321e-05
met1,20.2400,116.9600,met1,22.5400,116.9600,1.798e-05
met1,20.2400,122.4000,met1,22.0800,122.4000,1.834e-05
met1,20.2400,144.1600,met1,23.9200,144.1600,2.541e-06
met1,20.4700,51.6800,met1,24.1500,51.6800,2.694e-05
met1,20.4700,62.5600,met1,23.4600,62.5600,1.425e-05
met1,20.4700,78.8800,met1,23.0000,78.8800,1.447e-05
met1,20.4700,95.2000,met1,23.4600,95.2000,3.351e-05
met1,20.4700,111.5200,met1,23.0000,111.5200,1.334e-05
met1,20.7000,13.6000,met1,23.0000,13.6000,6.112e-06
met1,20.7000,24.4800,met1,23.0000,24.4800,3.581e-05
met1,20.7000,84.3200,met1,22.5400,84.3200,8.398e-06
met1,20.7000,106.0800,met1,26.2200,106.0800,1.257e-05
met1,20.7000,138.7200,met1,22.5400,138.7200,2.043e-05
met1,20.9300,35.3600,met1,23.6900,35.3600,1.284e-05
met1,21.3900,127.8400,met1,23.6900,127.8400,4.598e-05
met1,21.6200,19.0400,met1,24.1500,19.0400,9.562e-06
met1,21.6200,68.0000,met1,23.6900,68.0000,3.520e-05
met1,21.8500,8.1600,met1,24.6100,8.1600,1.146e-05
met1,22.0800,89.7600,met1,24.1500,89.7600,1.369e-05
met1,22.0800,122.4000,met1,23.9200,122.4000,2.039e-05
met1,22.0800,133.2800,met1,23.9200,133.2800,1.838e-05
met1,22.5400,40.8000,met1,24.8400,40.8000,7.940e-06
met1,22.5400,84.3200,met1,29.2100,84.3200,1.531e-05
met1,22.5400,100.6400,met1,25.5300,100.6400,1.321e-05
met1,22.5400,116.9600,met1,26.9100,116.9600,1.798e-05
met1,22.5400,138.7200,met1,25.7600,138.7200,2.344e-05
met1,23.0000,13.6000,met1,26.2200,13.6000,1.166e-05
met1,23.0000,24.4800,met1,26.2200,24.4800,4.121e-05
met1,23.0000,29.9200,met1,25.9900,29.9200,2.938e-05
met1,23.0000,46.2400,met1,24.8400,46.2400,2.555e-05
met1,23.0000,57.1200,met1,25.9900,57.1200,1.411e-05
met1,23.0000,73.4400,met1,25.7600,73.4400,1.431e-05
met1,23.0000,78.8800,met1,25.3000,78.8800,1.451e-05
met1,23.0000,111.5200,met1,25.5300,111.5200,1.334e-05
met1,23.4600,62.5600,met1,25.3000,62.5600,1.425e-05
met1,23.4600,95.2000,met1,25.5300,95.2000,3.351e-05
met1,23.6900,35.3600,met1,25.5300,35.3600,1.285e-05
met1,23.6900,68.0000,met1,25.7600,68.0000,3.536e-05
met1,23.6900,127.8400,met1,26.4500,127.8400,4.919e-05
met1,23.9200,122.4000,met1,25.9900,122.4000,2.039e-05
met1,23.9200,133.2800,met1,26.4500,133.2800,1.838e-05
met1,23.9200,144.1600,met1,26.9100,144.1600,2.541e-06
met1,24.1500,19.0400,met1,25.9900,19.0400,9.721e-06
met1,24.1500,51.6800,met1,27.1400,51.6800,2.712e-05
met1,24.1500,89.7600,met1,26.4500,89.7600,1.369e-05
met1,24.6100,8.1600,met1,27.1400,8.1600,1.195e-05
met1,24.8400,40.8000,met1,28.2900,40.8000,7.940e-06
met1,24.8400,46.2400,met1,26.6800,46.2400,2.685e-05
met1,25.3000,62.5600,met1,27.8300,62.5600,1.425e-05
met1,25.3000,78.8800,met1,27.3700,78.8800,1.456e-05
met1,25.5300,35.3600,met1,27.3700,35.3600,1.288e-05
met1,25.5300,95.2000,met1,27.8300,95.2000,3.941e-05
met1,25.5300,100.6400,met1,27.6000,100.6400,1.368e-05
met1,25.5300,111.5200,met1,28.5200,111.5200,1.382e-05
met1,25.7600,68.0000,met1,27.6000,68.0000,3.542e-05
met1,25.7600,73.4400,met1,28.5200,73.4400,1.435e-05
met1,25.7600,138.7200,met1,28.0600,138.7200,2.668e-05
met1,25.9900,19.0400,met1,28.5200,19.0400,9.735e-06
met1,25.9900,29.9200,met1,27.8300,29.9200,2.948e-05
met1,25.9900,57.1200,met1,28.5200,57.1200,1.443e-05
met1,25.9900,122.4000,met1,28.0600,122.4000,2.067e-05
met1,26.2200,13.6000,met1,28.0600,13.6000,1.168e-05
met1,26.2200,24.4800,met1,28.7500,24.4800,4.131e-05
met1,26.2200,106.0800,met1,31.2800,106.0800,2.508e-05
met1,26.4500,89.7600,met1,30.3600,89.7600,2.052e-05
met1,26.4500,127.8400,met1,28.7500,127.8400,5.104e-05
met1,26.4500,133.2800,met1,28.5200,133.2800,2.023e-05
met1,26.6800,46.2400,met1,29.4400,46.2400,2.685e-05
met1,26.9100,116.9600,met1,29.9000,116.9600,2.424e-05
met1,26.9100,144.1600,met1,30.3600,144.1600,1.251e-05
met1,27.1400,8.1600,met1,30.8200,8.1600,1.679e-05
met1,27.1400,51.6800,met1,31.2800,51.6800,3.216e-05
met1,27.3700,35.3600,met1,29.2100,35.3600,1.290e-05
met1,27.3700,78.8800,met1,29.2100,78.8800,1.461e-05
met1,27.6000,68.0000,met1,29.9000,68.0000,3.675e-05
met1,27.6000,100.6400,met1,29.4400,100.6400,1.368e-05
met1,27.8300,29.9200,met1,30.1300,29.9200,2.971e-05
met1,27.8300,62.5600,met1,30.8200,62.5600,1.935e-05
met1,27.8300,95.2000,met1,30.8200,95.2000,3.990e-05
met1,28.0600,13.6000,met1,30.3600,13.6000,1.168e-05
met1,28.0600,122.4000,met1,30.8200,122.4000,2.075e-05
met1,28.0600,138.7200,met1,30.3600,138.7200,2.683e-05
met1,28.2900,40.8000,met1,31.0500,40.8000,1.331e-05
met1,28.5200,19.0400,met1,30.8200,19.0400,9.735e-06
met1,28.5200,57.1200,met1,31.2800,57.1200,1.494e-05
met1,28.5200,73.4400,met1,31.2800,73.4400,1.439e-05
met1,28.5200,111.5200,met1,31.2800,111.5200,1.430e-05
met1,28.5200,133.2800,met1,31.2800,133.2800,2.023e-05
met1,28.7500,24.4800,met1,30.8200,24.4800,4.144e-05
met1,28.7500,127.8400,met1,31.2800,127.8400,5.246e-05
met1,29.2100,35.3600,met1,31.0500,35.3600,1.290e-05
met1,29.2100,78.8800,met1,31.0500,78.8800,1.469e-05
met1,29.2100,84.3200,met1,31.2800,84.3200,2.176e-05
met1,29.4400,46.2400,met1,31.2800,46.2400,2.724e-05
met1,29.4400,100.6400,met1,31.2800,100.6400,1.368e-05
met1,29.9000,68.0000,met1,31.9700,68.0000,9.037e-07
met1,29.9000,68.0000,met2,31.2800,68.0000,3.585e-05
met1,29.9000,116.9600,met1,31.9700,116.9600,2.340e-06
met1,29.9000,116.9600,met2,31.2800,116.9600,2.658e-05
met1,30.1300,29.9200,met1,31.9700,29.9200,8.438e-06
met1,30.1300,29.9200,met2,31.2800,29.9200,3.829e-05
met1,30.3600,13.6000,met1,33.1200,13.6000,3.154e-06
met1,30.3600,13.6000,met2,31.2800,13.6000,3.353e-05
met1,30.3600,89.7600,met1,33.1200,89.7600,1.832e-05
met1,30.3600,89.7600,met2,31.2800,89.7600,3.884e-05
met1,30.3600,138.7200,met1,32.4300,138.7200,9.084e-06
met1,30.3600,138.7200,met2,31.2800,138.7200,3.591e-05
met1,30.3600,144.1600,met1,34.0400,144.1600,1.172e-05
met1,30.3600,144.1600,met2,31.2800,144.1600,2.423e-05
met1,30.8200,8.1600,met1,33.3500,8.1600,1.090e-06
met1,30.8200,8.1600,met2,31.2800,8.1600,1.788e-05
met1,30.8200,19.0400,met1,32.8900,19.0400,2.851e-07
met1,30.8200,19.0400,met2,31.2800,19.0400,1.429e-05
met1,30.8200,24.4800,met1,33.3500,24.4800,2.140e-06
met1,30.8200,24.4800,met2,31.2800,24.4800,3.930e-05
met1,30.8200,62.5600,met1,34.0400,62.5600,1.368e-05
met1,30.8200,62.5600,met2,31.2800,62.5600,3.303e-05
met1,30.8200,95.2000,met1,32.8900,95.2000,1.905e-07
met1,30.8200,95.2000,met2,31.2800,95.2000,4.009e-05
met1,30.8200,122.4000,met1,33.8100,122.4000,1.775e-05
met1,30.8200,122.4000,met2,31.2800,122.4000,3.851e-05
met1,31.0500,35.3600,met1,33.1200,35.3600,9.401e-06
met1,31.0500,35.3600,met2,31.2800,35.3600,2.232e-05
met1,31.0500,40.8000,met1,34.0400,40.8000,3.066e-06
met1,31.0500,40.8000,met2,31.2800,40.8000,1.654e-05
met1,31.0500,78.8800,met1,33.3500,78.8800,2.184e-05
met1,31.0500,78.8800,met2,31.2800,78.8800,3.660e-05
met1,31.2800,46.2400,met1,33.3500,46.2400,4.945e-06
met1,31.2800,46.2400,met2,31.2800,46.2400,3.218e-05
met1,31.2800,51.6800,met1,33.3500,51.6800,3.832e-06
met1,31.2800,51.6800,met2,31.2800,51.6800,4.167e-05
met1,31.2800,57.1200,met1,35.4200,57.1200,2.520e-06
met1,31.2800,57.1200,met2,31.2800,57.1200,1.762e-05
met1,31.2800,73.4400,met1,34.5000,73.4400,9.569e-06
met1,31.2800,73.4400,met2,31.2800,73.4400,2.402e-05
met1,31.2800,84.3200,met1,36.3400,84.3200,2.040e-06
met1,31.2800,84.3200,met2,31.2800,84.3200,2.380e-05
met1,31.2800,100.6400,met1,36.8000,100.6400,9.387e-06
met1,31.2800,100.6400,met2,31.2800,100.6400,2.357e-05
met1,31.2800,106.0800,met1,33.1200,106.0800,5.651e-06
met1,31.2800,106.0800,met2,31.2800,106.0800,3.073e-05
met1,31.2800,111.5200,met1,33.5800,111.5200,1.107e-05
met1,31.2800,111.5200,met2,31.2800,111.5200,2.537e-05
met1,31.2800,127.8400,met1,33.3500,127.8400,1.639e-06
met1,31.2800,127.8400,met2,31.2800,127.8400,5.410e-05
met1,31.2800,133.2800,met1,33.5800,133.2800,3.010e-05
met1,31.2800,133.2800,met2,31.2800,133.2800,5.033e-05
met1,31.9700,29.9200,met1,34.2700,29.9200,8.257e-06
met1,31.9700,68.0000,met1,34.0400,68.0000,1.045e-06
met1,31.9700,116.9600,met1,34.5000,116.9600,1.317e-06
met1,32.4300,138.7200,met1,34.7300,138.7200,8.152e-06
met1,32.8900,19.0400,met1,35.4200,19.0400,4.514e-07
met1,32.8900,95.2000,met1,37.7200,95.2000,1.905e-07
met1,33.1200,13.6000,met1,36.1100,13.6000,3.514e-06
met1,33.1200,35.3600,met1,36.3400,35.3600,4.224e-06
met1,33.1200,89.7600,met1,36.1100,89.7600,1.832e-05
met1,33.1200,106.0800,met1,36.3400,106.0800,5.651e-06
met1,33.3500,8.1600,met1,35.8800,8.1600,6.759e-07
met1,33.3500,24.4800,met1,36.1100,24.4800,2.376e-06
met1,33.3500,46.2400,met1,36.3400,46.2400,4.789e-06
met1,33.3500,51.6800,met1,37.0300,51.6800,3.832e-06
met1,33.3500,78.8800,met1,36.3400,78.8800,2.184e-05
met1,33.3500,127.8400,met1,35.8800,127.8400,1.925e-06
met1,33.5800,111.5200,met1,37.2600,111.5200,5.458e-06
met1,33.5800,133.2800,met1,36.8000,133.2800,1.846e-05
met1,33.8100,122.4000,met1,37.2600,122.4000,7.907e-06
met1,34.0400,40.8000,met1,36.8000,40.8000,3.043e-06
met1,34.0400,62.5600,met1,36.8000,62.5600,1.368e-05
met1,34.0400,68.0000,met1,36.1100,68.0000,1.045e-06
met1,34.0400,144.1600,met1,36.5700,144.1600,1.172e-05
met1,34.2700,29.9200,met1,37.0300,29.9200,7.846e-06
met1,34.5000,73.4400,met1,36.5700,73.4400,4.715e-06
met1,34.5000,116.9600,met1,36.8000,116.9600,1.158e-06
met1,34.7300,138.7200,met1,37.2600,138.7200,6.939e-06
met1,35.4200,19.0400,met1,37.7200,19.0400,4.514e-07
met1,35.4200,57.1200,met1,38.1800,57.1200,2.520e-06
met1,35.8800,8.1600,met1,38.4100,8.1600,6.759e-07
met1,35.8800,127.8400,met1,37.7200,127.8400,2.996e-06
met1,36.1100,13.6000,met1,38.1800,13.6000,3.704e-06
met1,36.1100,24.4800,met1,37.9500,24.4800,2.388e-06
met1,36.1100,68.0000,met1,38.8700,68.0000,1.367e-06
met1,36.1100,89.7600,met1,39.5600,89.7600,1.738e-05
met1,36.3400,35.3600,met1,38.8700,35.3600,4.224e-06
met1,36.3400,46.2400,met1,38.8700,46.2400,3.236e-07
met1,36.3400,78.8800,met1,38.1800,78.8800,2.184e-05
met1,36.3400,84.3200,met1,39.1000,84.3200,4.179e-06
met1,36.3400,106.0800,met1,38.6400,106.0800,5.651e-06
met1,36.5700,73.4400,met1,38.6400,73.4400,3.871e-06
met1,36.5700,144.1600,met1,39.1000,144.1600,2.621e-06
met1,36.8000,40.8000,met1,39.5600,40.8000,2.884e-06
met1,36.8000,62.5600,met1,39.5600,62.5600,8.762e-06
met1,36.8000,100.6400,met1,39.1000,100.6400,3.593e-06
met1,36.8000,116.9600,met1,39.5600,116.9600,7.830e-08
met1,36.8000,133.2800,met1,39.5600,133.2800,1.846e-05
met1,37.0300,29.9200,met1,39.1000,29.9200,7.356e-06
met1,37.0300,51.6800,met1,39.3300,51.6800,1.552e-06
met1,37.2600,111.5200,met1,39.1000,111.5200,4.254e-07
met1,37.2600,122.4000,met1,39.3300,122.4000,7.907e-06
met1,37.2600,138.7200,met1,40.2500,138.7200,6.939e-06
met1,37.7200,19.0400,met1,41.4000,19.0400,7.558e-07
met1,37.7200,95.2000,met1,41.8600,95.2000,6.165e-06
met1,37.7200,127.8400,met1,39.7900,127.8400,2.996e-06
met1,37.9500,24.4800,met1,40.2500,24.4800,3.115e-06
met1,38.1800,13.6000,met1,40.4800,13.6000,3.725e-06
met1,38.1800,57.1200,met1,40.2500,57.1200,2.362e-06
met1,38.1800,78.8800,met1,41.6300,78.8800,1.688e-05
met1,38.4100,8.1600,met1,41.6300,8.1600,6.667e-07
met1,38.6400,73.4400,met1,41.1700,73.4400,7.734e-07
met1,38.6400,106.0800,met1,42.7800,106.0800,4.385e-07
met1,38.8700,35.3600,met1,40.7100,35.3600,3.333e-06
met1,38.8700,46.2400,met1,43.7000,46.2400,6.913e-07
met1,38.8700,68.0000,met1,42.7800,68.0000,1.982e-06
met1,39.1000,29.9200,met1,41.6300,29.9200,6.831e-06
met1,39.1000,84.3200,met1,41.6300,84.3200,4.179e-06
met1,39.1000,100.6400,met1,41.8600,100.6400,2.798e-06
met1,39.1000,111.5200,met1,41.1700,111.5200,4.254e-07
met1,39.1000,144.1600,met1,42.3200,144.1600,2.621e-06
met1,39.3300,51.6800,met1,42.0900,51.6800,1.872e-06
met1,39.3300,122.4000,met1,41.1700,122.4000,6.825e-06
met1,39.5600,40.8000,met1,41.4000,40.8000,2.884e-06
met1,39.5600,62.5600,met1,42.3200,62.5600,3.772e-06
met1,39.5600,89.7600,met1,41.8600,89.7600,8.871e-06
met1,39.5600,116.9600,met1,41.6300,116.9600,7.830e-08
met1,39.5600,133.2800,met1,42.0900,133.2800,7.006e-07
met1,39.7900,127.8400,met1,42.5500,127.8400,6.233e-06
met1,40.2500,24.4800,met1,42.5500,24.4800,3.291e-06
met1,40.2500,57.1200,met1,43.0100,57.1200,2.204e-06
met1,40.2500,138.7200,met1,42.3200,138.7200,5.994e-06
met1,40.4800,13.6000,met1,42.5500,13.6000,4.252e-06
met1,40.7100,35.3600,met1,43.0100,35.3600,4.633e-06
met1,41.1700,73.4400,met1,44.1600,73.4400,1.317e-06
met1,41.1700,111.5200,met1,43.9300,111.5200,6.319e-07
met1,41.1700,122.4000,met1,44.1600,122.4000,6.650e-06
met1,41.4000,19.0400,met1,43.7000,19.0400,1.256e-06
met1,41.4000,40.8000,met1,44.1600,40.8000,2.884e-06
met1,41.6300,8.1600,met1,44.6200,8.1600,4.437e-06
met1,41.6300,29.9200,met1,43.4700,29.9200,4.032e-06
met1,41.6300,78.8800,met1,44.1600,78.8800,1.665e-05
met1,41.6300,84.3200,met1,44.1600,84.3200,4.598e-06
met1,41.6300,116.9600,met1,43.9300,116.9600,1.143e-06
met1,41.8600,89.7600,met1,43.7000,89.7600,8.923e-06
met1,41.8600,95.2000,met1,44.1600,95.2000,6.165e-06
met1,41.8600,100.6400,met1,43.9300,100.6400,2.887e-06
met1,42.0900,51.6800,met1,45.0800,51.6800,1.887e-06
met1,42.0900,133.2800,met1,44.6200,133.2800,2.555e-06
met1,42.3200,62.5600,met1,44.3900,62.5600,3.772e-06
met1,42.3200,138.7200,met1,44.8500,138.7200,6.136e-06
met1,42.3200,144.1600,met1,44.8500,144.1600,2.621e-06
met1,42.5500,13.6000,met1,44.3900,13.6000,4.409e-06
met1,42.5500,24.4800,met1,45.3100,24.4800,3.352e-06
met1,42.5500,127.8400,met1,44.3900,127.8400,8.315e-06
met1,42.7800,68.0000,met1,45.0800,68.0000,2.329e-06
met1,42.7800,106.0800,met1,45.3100,106.0800,4.385e-07
met1,43.0100,35.3600,met1,45.3100,35.3600,5.489e-06
met1,43.0100,57.1200,met1,45.5400,57.1200,1.893e-06
met1,43.4700,29.9200,met1,45.5400,29.9200,3.275e-06
met1,43.7000,19.0400,met1,45.7700,19.0400,1.256e-06
met1,43.7000,46.2400,met1,45.5400,46.2400,6.913e-07
met1,43.7000,89.7600,met1,45.7700,89.7600,9.082e-06
met1,43.9300,100.6400,met1,45.7700,100.6400,2.957e-06
met1,43.9300,111.5200,met1,45.7700,111.5200,7.902e-07
met1,43.9300,116.9600,met1,45.7700,116.9600,2.142e-06
met1,44.1600,40.8000,met1,46.6900,40.8000,2.558e-06
met1,44.1600,73.4400,met1,46.9200,73.4400,1.317e-06
met1,44.1600,78.8800,met1,46.9200,78.8800,2.097e-05
met1,44.1600,84.3200,met1,46.0000,84.3200,4.598e-06
met1,44.1600,95.2000,met1,46.4600,95.2000,6.165e-06
met1,44.1600,122.4000,met1,46.2300,122.4000,6.650e-06
met1,44.3900,13.6000,met1,46.2300,13.6000,4.428e-06
met1,44.3900,62.5600,met1,47.3800,62.5600,3.597e-06
met1,44.3900,127.8400,met1,46.4600,127.8400,8.494e-06
met1,44.6200,8.1600,met1,46.9200,8.1600,4.437e-06
met1,44.6200,133.2800,met1,48.3000,133.2800,1.160e-05
met1,44.8500,138.7200,met1,46.9200,138.7200,6.301e-06
met1,44.8500,144.1600,met1,46.9200,144.1600,2.462e-06
met1,45.0800,51.6800,met1,48.0700,51.6800,1.887e-06
met1,45.0800,68.0000,met1,48.0700,68.0000,7.114e-06
met1,45.3100,24.4800,met1,49.2200,24.4800,3.352e-06
met1,45.3100,35.3600,met1,47.1500,35.3600,5.883e-06
met1,45.3100,106.0800,met1,47.8400,106.0800,4.385e-07
met1,45.5400,29.9200,met1,47.3800,29.9200,3.275e-06
met1,45.5400,46.2400,met1,48.3000,46.2400,6.025e-06
met1,45.5400,57.1200,met1,48.0700,57.1200,1.045e-06
met1,45.7700,19.0400,met1,47.8400,19.0400,1.489e-06
met1,45.7700,89.7600,met1,47.8400,89.7600,1.532e-05
met1,45.7700,100.6400,met1,48.0700,100.6400,2.957e-06
met1,45.7700,111.5200,met1,48.7600,111.5200,6.805e-06
met1,45.7700,116.9600,met1,47.8400,116.9600,3.087e-06
met1,46.0000,84.3200,met1,47.8400,84.3200,4.746e-06
met1,46.2300,13.6000,met1,48.5300,13.6000,4.428e-06
met1,46.2300,122.4000,met1,48.7600,122.4000,6.102e-06
met1,46.4600,95.2000,met1,49.6800,95.2000,6.880e-06
met1,46.4600,127.8400,met1,49.4500,127.8400,9.293e-06
met1,46.6900,40.8000,met1,48.5300,40.8000,2.720e-06
met1,46.9200,8.1600,met1,50.3700,8.1600,4.437e-06
met1,46.9200,73.4400,met1,48.9900,73.4400,6.199e-06
met1,46.9200,78.8800,met1,48.9900,78.8800,2.097e-05
met1,46.9200,138.7200,met1,49.6800,138.7200,7.208e-06
met1,46.9200,144.1600,met1,48.7600,144.1600,3.688e-07
met1,47.1500,35.3600,met1,49.2200,35.3600,5.901e-06
met1,47.3800,29.9200,met1,49.4500,29.9200,2.913e-06
met1,47.3800,62.5600,met1,51.5200,62.5600,1.412e-05
met1,47.8400,19.0400,met1,51.5200,19.0400,1.648e-06
met1,47.8400,84.3200,met1,49.9100,84.3200,4.966e-06
met1,47.8400,89.7600,met1,50.1400,89.7600,1.547e-05
met1,47.8400,106.0800,met1,50.1400,106.0800,4.385e-07
met1,47.8400,116.9600,met1,50.6000,116.9600,3.992e-06
met1,48.0700,51.6800,met1,50.8300,51.6800,7.484e-06
met1,48.0700,57.1200,met1,50.6000,57.1200,7.126e-09
met1,48.0700,68.0000,met1,51.7500,68.0000,7.330e-06
met1,48.0700,100.6400,met1,51.9800,100.6400,1.003e-05
met1,48.3000,46.2400,met1,50.3700,46.2400,6.025e-06
met1,48.3000,133.2800,met1,50.3700,133.2800,1.324e-05
met1,48.5300,13.6000,met1,50.6000,13.6000,4.783e-06
met1,48.5300,40.8000,met1,51.5200,40.8000,2.720e-06
met1,48.7600,111.5200,met1,51.5200,111.5200,6.805e-06
met1,48.7600,122.4000,met1,50.6000,122.4000,6.102e-06
met1,48.7600,144.1600,met1,51.5200,144.1600,7.650e-06
met1,48.9900,73.4400,met1,51.2900,73.4400,6.199e-06
met1,48.9900,78.8800,met1,50.8300,78.8800,2.123e-05
met1,49.2200,24.4800,met1,51.7500,24.4800,8.342e-06
met1,49.2200,35.3600,met1,52.6700,35.3600,5.901e-06
met1,49.4500,29.9200,met1,51.7500,29.9200,3.621e-07
met1,49.4500,127.8400,met1,52.4400,127.8400,9.535e-06
met1,49.6800,95.2000,met1,51.9800,95.2000,6.880e-06
met1,49.6800,138.7200,met1,52.2100,138.7200,7.208e-06
met1,49.9100,84.3200,met1,51.9800,84.3200,5.128e-06
met1,50.1400,89.7600,met1,51.9800,89.7600,1.547e-05
met1,50.1400,106.0800,met1,54.5100,106.0800,8.954e-07
met1,50.3700,8.1600,met1,52.4400,8.1600,4.840e-06
met1,50.3700,46.2400,met1,52.4400,46.2400,6.041e-06
met1,50.3700,133.2800,met1,52.6700,133.2800,1.324e-05
met1,50.6000,13.6000,met1,52.4400,13.6000,9.942e-06
met1,50.6000,57.1200,met1,52.4400,57.1200,1.667e-07
met1,50.6000,116.9600,met1,52.6700,116.9600,3.992e-06
met1,50.6000,122.4000,met1,52.9000,122.4000,7.487e-06
met1,50.8300,51.6800,met1,54.7400,51.6800,7.499e-06
met1,50.8300,78.8800,met1,53.3600,78.8800,2.135e-05
met1,51.2900,73.4400,met1,54.7400,73.4400,6.450e-06
met1,51.5200,19.0400,met1,54.2800,19.0400,1.648e-06
met1,51.5200,40.8000,met1,53.3600,40.8000,2.720e-06
met1,51.5200,62.5600,met1,53.3600,62.5600,1.412e-05
met1,51.5200,111.5200,met1,53.3600,111.5200,7.399e-06
met1,51.5200,144.1600,met1,55.2000,144.1600,7.650e-06
met1,51.7500,24.4800,met1,54.0500,24.4800,8.387e-06
met1,51.7500,29.9200,met1,53.8200,29.9200,4.787e-06
met1,51.7500,68.0000,met1,54.2800,68.0000,1.004e-05
met1,51.9800,84.3200,met1,54.0500,84.3200,5.337e-06
met1,51.9800,89.7600,met1,55.4300,89.7600,1.586e-05
met1,51.9800,95.2000,met1,54.2800,95.2000,7.068e-06
met1,51.9800,100.6400,met1,53.8200,100.6400,1.003e-05
met1,52.2100,138.7200,met1,54.7400,138.7200,9.143e-06
met1,52.4400,8.1600,met1,54.5100,8.1600,9.994e-06
met1,52.4400,13.6000,met1,56.1200,13.6000,1.010e-05
met1,52.4400,46.2400,met1,54.5100,46.2400,6.041e-06
met1,52.4400,57.1200,met1,54.2800,57.1200,1.667e-07
met1,52.4400,127.8400,met1,54.2800,127.8400,9.535e-06
met1,52.6700,35.3600,met1,55.2000,35.3600,6.247e-06
met1,52.6700,116.9600,met1,54.7400,116.9600,4.077e-06
met1,52.6700,133.2800,met1,54.5100,133.2800,1.953e-05
met1,52.9000,122.4000,met1,56.3500,122.4000,7.487e-06
met1,53.3600,40.8000,met1,55.8900,40.8000,8.270e-06
met1,53.3600,62.5600,met1,56.8100,62.5600,1.895e-05
met1,53.3600,78.8800,met1,56.1200,78.8800,2.163e-05
met1,53.3600,111.5200,met1,55.2000,111.5200,7.399e-06
met1,53.8200,29.9200,met1,55.6600,29.9200,2.390e-05
met1,53.8200,100.6400,met1,57.2700,100.6400,1.020e-05
met1,54.0500,24.4800,met1,56.1200,24.4800,1.024e-05
met1,54.0500,84.3200,met1,55.8900,84.3200,5.381e-06
met1,54.2800,19.0400,met1,56.8100,19.0400,6.478e-06
met1,54.2800,57.1200,met1,56.5800,57.1200,1.667e-07
met1,54.2800,68.0000,met1,56.1200,68.0000,1.031e-05
met1,54.2800,95.2000,met1,57.5000,95.2000,7.274e-06
met1,54.2800,127.8400,met1,56.3500,127.8400,1.017e-05
met1,54.5100,8.1600,met1,57.0400,8.1600,1.016e-05
met1,54.5100,46.2400,met1,57.2700,46.2400,1.146e-05
met1,54.5100,106.0800,met1,57.9600,106.0800,8.306e-06
met1,54.5100,133.2800,met1,57.5000,133.2800,3.234e-05
met1,54.7400,51.6800,met1,56.5800,51.6800,7.661e-06
met1,54.7400,73.4400,met1,57.5000,73.4400,6.450e-06
met1,54.7400,116.9600,met1,57.5000,116.9600,4.169e-06
met1,54.7400,138.7200,met1,57.0400,138.7200,1.035e-05
met1,55.2000,35.3600,met1,57.0400,35.3600,6.410e-06
met1,55.2000,111.5200,met1,58.1900,111.5200,7.785e-06
met1,55.2000,144.1600,met1,57.2700,144.1600,7.650e-06
met1,55.4300,89.7600,met1,57.5000,89.7600,1.633e-05
met1,55.6600,29.9200,met1,58.4200,29.9200,3.006e-05
met1,55.8900,40.8000,met1,58.4200,40.8000,8.615e-06
met1,55.8900,84.3200,met1,57.7300,84.3200,5.381e-06
met1,56.1200,13.6000,met1,58.4200,13.6000,1.010e-05
met1,56.1200,24.4800,met1,58.4200,24.4800,1.120e-05
met1,56.1200,68.0000,met1,58.4200,68.0000,1.059e-05
met1,56.1200,78.8800,met1,58.4200,78.8800,2.237e-05
met1,56.3500,122.4000,met1,58.4200,122.4000,2.139e-05
met1,56.3500,127.8400,met1,58.4200,127.8400,1.038e-05
met1,56.5800,51.6800,met1,58.4200,51.6800,1.306e-05
met1,56.5800,57.1200,met1,58.4200,57.1200,5.968e-06
met1,56.8100,19.0400,met1,59.5700,19.0400,6.801e-06
met1,56.8100,19.0400,met2,58.4200,19.0400,1.344e-05
met1,56.8100,62.5600,met1,58.6500,62.5600,1.277e-05
met1,56.8100,62.5600,met2,58.4200,62.5600,3.195e-05
met1,57.0400,8.1600,met1,59.1100,8.1600,8.765e-07
met1,57.0400,8.1600,met2,58.4200,8.1600,1.120e-05
met1,57.0400,35.3600,met1,59.5700,35.3600,8.773e-06
met1,57.0400,35.3600,met2,58.4200,35.3600,1.535e-05
met1,57.0400,138.7200,met1,59.5700,138.7200,1.973e-05
met1,57.0400,138.7200,met2,58.4200,138.7200,3.113e-05
met1,57.2700,46.2400,met1,59.5700,46.2400,1.014e-05
met1,57.2700,46.2400,met2,58.4200,46.2400,2.202e-05
met1,57.2700,100.6400,met1,59.5700,100.6400,1.806e-06
met1,57.2700,100.6400,met2,58.4200,100.6400,1.529e-05
met1,57.2700,144.1600,met1,59.1100,144.1600,1.256e-05
met1,57.2700,144.1600,met2,58.4200,144.1600,3.045e-05
met1,57.5000,73.4400,met1,59.5700,73.4400,1.010e-05
met1,57.5000,73.4400,met2,58.4200,73.4400,2.133e-05
met1,57.5000,89.7600,met1,59.5700,89.7600,4.551e-06
met1,57.5000,89.7600,met2,58.4200,89.7600,2.706e-05
met1,57.5000,95.2000,met1,59.5700,95.2000,5.068e-06
met1,57.5000,95.2000,met2,58.4200,95.2000,1.889e-05
met1,57.5000,116.9600,met1,59.5700,116.9600,9.266e-06
met1,57.5000,116.9600,met2,58.4200,116.9600,2.008e-05
met1,57.5000,133.2800,met1,59.5700,133.2800,8.501e-06
met1,57.5000,133.2800,met2,58.4200,133.2800,4.084e-05
met1,57.7300,84.3200,met1,59.5700,84.3200,2.202e-07
met1,57.7300,84.3200,met2,58.4200,84.3200,6.307e-06
met1,57.9600,106.0800,met1,60.2600,106.0800,5.089e-06
met1,57.9600,106.0800,met2,58.4200,106.0800,3.294e-05
met1,58.1900,111.5200,met1,60.0300,111.5200,7.073e-06
met1,58.1900,111.5200,met2,58.4200,111.5200,1.612e-05
met1,58.4200,13.6000,met1,60.7200,13.6000,5.733e-07
met1,58.4200,13.6000,met2,58.4200,13.6000,1.568e-05
met1,58.4200,24.4800,met1,60.4900,24.4800,5.766e-06
met1,58.4200,24.4800,met2,58.4200,24.4800,1.699e-05
met1,58.4200,29.9200,met1,61.6400,29.9200,3.881e-06
met1,58.4200,29.9200,met2,58.4200,29.9200,3.415e-05
met1,58.4200,40.8000,met1,60.7200,40.8000,4.684e-06
met1,58.4200,40.8000,met2,58.4200,40.8000,1.330e-05
met1,58.4200,51.6800,met1,60.2600,51.6800,1.399e-05
met1,58.4200,51.6800,met2,58.4200,51.6800,2.721e-05
met1,58.4200,57.1200,met1,61.8700,57.1200,1.632e-05
met1,58.4200,57.1200,met2,58.4200,57.1200,2.229e-05
met1,58.4200,68.0000,met1,61.6400,68.0000,1.523e-06
met1,58.4200,68.0000,met2,58.4200,68.0000,1.235e-05
met1,58.4200,78.8800,met1,60.2600,78.8800,6.557e-06
met1,58.4200,78.8800,met2,58.4200,78.8800,2.893e-05
met1,58.4200,122.4000,met1,61.6400,122.4000,2.490e-05
met1,58.4200,122.4000,met2,58.4200,122.4000,4.629e-05
met1,58.4200,127.8400,met1,60.2600,127.8400,1.263e-05
met1,58.4200,127.8400,met2,58.4200,127.8400,2.341e-05
met1,58.6500,62.5600,met1,60.7200,62.5600,1.276e-05
met1,59.1100,8.1600,met1,61.8700,8.1600,8.556e-07
met1,59.1100,144.1600,met1,61.6400,144.1600,1.256e-05
met1,59.5700,19.0400,met1,62.1000,19.0400,6.801e-06
met1,59.5700,35.3600,met1,61.8700,35.3600,3.626e-06
met1,59.5700,46.2400,met1,62.1000,46.2400,1.014e-05
met1,59.5700,73.4400,met1,61.8700,73.4400,1.010e-05
met1,59.5700,84.3200,met1,61.8700,84.3200,2.202e-07
met1,59.5700,89.7600,met1,62.3300,89.7600,4.551e-06
met1,59.5700,95.2000,met1,62.1000,95.2000,4.785e-06
met1,59.5700,100.6400,met1,61.8700,100.6400,1.730e-06
met1,59.5700,116.9600,met1,61.6400,116.9600,9.266e-06
met1,59.5700,133.2800,met1,61.4100,133.2800,8.501e-06
met1,59.5700,138.7200,met1,62.1000,138.7200,1.426e-05
met1,60.0300,111.5200,met1,63.9400,111.5200,1.802e-06
met1,60.2600,51.6800,met1,62.1000,51.6800,1.307e-05
met1,60.2600,78.8800,met1,63.2500,78.8800,1.567e-06
met1,60.2600,106.0800,met1,62.1000,106.0800,4.719e-06
met1,60.2600,127.8400,met1,63.7100,127.8400,1.171e-05
met1,60.4900,24.4800,met1,62.7900,24.4800,5.735e-06
met1,60.7200,13.6000,met1,62.7900,13.6000,5.733e-07
met1,60.7200,40.8000,met1,62.5600,40.8000,4.684e-06
met1,60.7200,62.5600,met1,62.7900,62.5600,1.157e-05
met1,61.4100,133.2800,met1,63.7100,133.2800,1.363e-06
met1,61.6400,29.9200,met1,63.4800,29.9200,3.789e-06
met1,61.6400,68.0000,met1,64.4000,68.0000,1.137e-06
met1,61.6400,116.9600,met1,63.9400,116.9600,9.266e-06
met1,61.6400,122.4000,met1,63.7100,122.4000,6.212e-06
met1,61.6400,144.1600,met1,65.3200,144.1600,1.256e-05
met1,61.8700,8.1600,met1,65.3200,8.1600,4.995e-07
met1,61.8700,35.3600,met1,64.8600,35.3600,3.215e-06
met1,61.8700,57.1200,met1,65.3200,57.1200,1.597e-05
met1,61.8700,73.4400,met1,63.9400,73.4400,9.939e-06
met1,61.8700,84.3200,met1,64.6300,84.3200,1.338e-07
met1,61.8700,100.6400,met1,64.8600,100.6400,1.568e-06
met1,62.1000,19.0400,met1,66.2400,19.0400,1.203e-06
met1,62.1000,46.2400,met1,63.9400,46.2400,2.747e-07
met1,62.1000,51.6800,met1,64.1700,51.6800,3.742e-06
met1,62.1000,95.2000,met1,64.8600,95.2000,4.785e-06
met1,62.1000,106.0800,met1,64.4000,106.0800,4.434e-06
met1,62.1000,138.7200,met1,64.1700,138.7200,1.426e-05
met1,62.3300,89.7600,met1,65.7800,89.7600,3.818e-06
met1,62.5600,40.8000,met1,65.0900,40.8000,4.627e-06
met1,62.7900,13.6000,met1,66.2400,13.6000,4.115e-07
met1,62.7900,24.4800,met1,64.6300,24.4800,5.694e-06
met1,62.7900,62.5600,met1,64.8600,62.5600,1.152e-05
met1,63.2500,78.8800,met1,66.0100,78.8800,1.234e-06
met1,63.4800,29.9200,met1,65.3200,29.9200,3.730e-06
met1,63.7100,122.4000,met1,68.0800,122.4000,5.341e-06
met1,63.7100,127.8400,met1,67.3900,127.8400,9.283e-06
met1,63.7100,133.2800,met1,66.2400,133.2800,1.520e-06
met1,63.9400,46.2400,met1,66.0100,46.2400,2.747e-07
met1,63.9400,73.4400,met1,67.1600,73.4400,9.831e-06
met1,63.9400,111.5200,met1,66.2400,111.5200,1.320e-06
met1,63.9400,116.9600,met1,65.7800,116.9600,9.266e-06
met1,64.1700,51.6800,met1,66.0100,51.6800,2.712e-06
met1,64.1700,138.7200,met1,66.4700,138.7200,1.092e-05
met1,64.4000,68.0000,met1,67.1600,68.0000,1.020e-06
met1,64.4000,106.0800,met1,67.3900,106.0800,4.434e-06
met1,64.6300,24.4800,met1,67.1600,24.4800,1.036e-06
met1,64.6300,84.3200,met1,68.5400,84.3200,6.192e-09
met1,64.8600,35.3600,met1,66.9300,35.3600,1.814e-07
met1,64.8600,62.5600,met1,66.7000,62.5600,8.963e-06
met1,64.8600,95.2000,met1,66.9300,95.2000,4.509e-06
met1,64.8600,100.6400,met1,66.7000,100.6400,1.268e-06
met1,65.0900,40.8000,met1,67.1600,40.8000,2.985e-07
met1,65.3200,8.1600,met1,67.6200,8.1600,2.822e-07
met1,65.3200,29.9200,met1,67.6200,29.9200,3.683e-06
met1,65.3200,57.1200,met1,67.8500,57.1200,1.593e-05
met1,65.3200,144.1600,met1,67.6200,144.1600,1.256e-05
met1,65.7800,89.7600,met1,71.0700,89.7600,3.365e-06
met1,65.7800,116.9600,met1,67.6200,116.9600,8.252e-06
met1,66.0100,46.2400,met1,69.0000,46.2400,3.300e-06
met1,66.0100,51.6800,met1,67.8500,51.6800,2.651e-06
met1,66.0100,78.8800,met1,68.5400,78.8800,1.158e-06
met1,66.2400,13.6000,met1,68.3100,13.6000,4.115e-07
met1,66.2400,19.0400,met1,68.0800,19.0400,1.033e-06
met1,66.2400,111.5200,met1,69.0000,111.5200,3.419e-08
met1,66.2400,133.2800,met1,68.0800,133.2800,2.380e-06
met1,66.4700,138.7200,met1,68.3100,138.7200,9.218e-06
met1,66.7000,62.5600,met1,68.7700,62.5600,8.890e-06
met1,66.7000,100.6400,met1,68.7700,100.6400,1.268e-06
met1,66.9300,35.3600,met1,69.4600,35.3600,1.755e-06
met1,66.9300,95.2000,met1,70.8400,95.2000,3.483e-06
met1,67.1600,24.4800,met1,69.9200,24.4800,1.201e-06
met1,67.1600,40.8000,met1,69.2300,40.8000,2.985e-07
met1,67.1600,68.0000,met1,70.3800,68.0000,1.020e-06
met1,67.1600,73.4400,met1,69.2300,73.4400,9.483e-06
met1,67.3900,106.0800,met1,70.8400,106.0800,2.065e-06
met1,67.3900,127.8400,met1,69.6900,127.8400,1.133e-06
met1,67.6200,8.1600,met1,69.4600,8.1600,2.632e-07
met1,67.6200,29.9200,met1,71.0700,29.9200,3.683e-06
met1,67.6200,116.9600,met1,70.1500,116.9600,1.662e-06
met1,67.6200,144.1600,met1,71.3000,144.1600,6.244e-06
met1,67.8500,51.6800,met1,69.9200,51.6800,1.507e-06
met1,67.8500,57.1200,met1,70.3800,57.1200,1.291e-05
met1,68.0800,19.0400,met1,69.9200,19.0400,1.033e-06
met1,68.0800,122.4000,met1,71.7600,122.4000,3.393e-06
met1,68.0800,133.2800,met1,70.3800,133.2800,2.380e-06
met1,68.3100,13.6000,met1,71.3000,13.6000,2.678e-07
met1,68.3100,138.7200,met1,70.6100,138.7200,5.100e-06
met1,68.5400,78.8800,met1,71.0700,78.8800,1.158e-06
met1,68.5400,84.3200,met1,71.3000,84.3200,6.192e-09
met1,68.7700,62.5600,met1,71.9900,62.5600,5.365e-06
met1,68.7700,100.6400,met1,70.6100,100.6400,1.204e-06
met1,69.0000,46.2400,met1,71.3000,46.2400,3.842e-06
met1,69.0000,111.5200,met1,71.3000,111.5200,3.419e-08
met1,69.2300,40.8000,met1,71.0700,40.8000,2.236e-06
met1,69.2300,73.4400,met1,71.3000,73.4400,8.957e-06
met1,69.4600,8.1600,met1,71.3000,8.1600,2.395e-07
met1,69.4600,35.3600,met1,71.5300,35.3600,1.755e-06
met1,69.6900,127.8400,met1,72.2200,127.8400,1.300e-06
met1,69.9200,19.0400,met1,72.2200,19.0400,8.543e-07
met1,69.9200,24.4800,met1,71.7600,24.4800,1.201e-06
met1,69.9200,51.6800,met1,71.7600,51.6800,1.507e-06
met1,70.1500,116.9600,met1,71.9900,116.9600,1.498e-06
met1,70.3800,57.1200,met1,72.6800,57.1200,1.013e-05
met1,70.3800,68.0000,met1,72.9100,68.0000,6.491e-07
met1,70.3800,133.2800,met1,72.2200,133.2800,2.380e-06
met1,70.6100,100.6400,met1,72.9100,100.6400,3.993e-07
met1,70.6100,138.7200,met1,73.3700,138.7200,3.308e-06
met1,70.8400,95.2000,met1,72.6800,95.2000,3.260e-06
met1,70.8400,106.0800,met1,72.6800,106.0800,2.348e-06
met1,71.0700,29.9200,met1,73.3700,29.9200,1.726e-06
met1,71.0700,40.8000,met1,73.3700,40.8000,3.068e-06
met1,71.0700,78.8800,met1,73.3700,78.8800,4.090e-06
met1,71.0700,89.7600,met1,73.3700,89.7600,1.830e-06
met1,71.3000,8.1600,met1,73.1400,8.1600,2.208e-07
met1,71.3000,13.6000,met1,73.3700,13.6000,4.352e-08
met1,71.3000,46.2400,met1,73.1400,46.2400,3.996e-06
met1,71.3000,73.4400,met1,73.3700,73.4400,2.540e-06
met1,71.3000,84.3200,met1,73.3700,84.3200,1.699e-07
met1,71.3000,111.5200,met1,73.3700,111.5200,1.772e-06
met1,71.3000,144.1600,met1,73.3700,144.1600,6.244e-06
met1,71.5300,35.3600,met1,73.3700,35.3600,2.161e-06
met1,71.7600,24.4800,met1,73.6000,24.4800,1.353e-06
met1,71.7600,51.6800,met1,74.0600,51.6800,4.086e-06
met1,71.7600,122.4000,met1,74.5200,122.4000,3.393e-06
met1,71.9900,62.5600,met1,73.8300,62.5600,1.111e-05
met1,71.9900,116.9600,met1,74.2900,116.9600,8.463e-07
met1,72.2200,19.0400,met1,74.2900,19.0400,6.916e-07
met1,72.2200,127.8400,met1,74.0600,127.8400,4.657e-06
met1,72.2200,133.2800,met1,75.4400,133.2800,4.911e-06
met1,72.6800,57.1200,met1,75.2100,57.1200,1.013e-05
met1,72.6800,95.2000,met1,74.5200,95.2000,3.260e-06
met1,72.6800,106.0800,met1,74.5200,106.0800,2.348e-06
met1,72.9100,68.0000,met1,75.4400,68.0000,4.472e-07
met1,72.9100,100.6400,met1,75.6700,100.6400,3.993e-07
met1,73.1400,8.1600,met1,75.4400,8.1600,2.208e-07
met1,73.1400,46.2400,met1,75.4400,46.2400,3.996e-06
met1,73.3700,13.6000,met1,75.4400,13.6000,4.352e-08
met1,73.3700,29.9200,met1,75.6700,29.9200,1.726e-06
met1,73.3700,35.3600,met1,75.6700,35.3600,2.241e-06
met1,73.3700,40.8000,met1,75.4400,40.8000,3.068e-06
met1,73.3700,73.4400,met1,75.6700,73.4400,2.581e-06
met1,73.3700,78.8800,met1,75.6700,78.8800,4.090e-06
met1,73.3700,84.3200,met1,75.6700,84.3200,3.495e-07
met1,73.3700,89.7600,met1,75.6700,89.7600,1.830e-06
met1,73.3700,111.5200,met1,75.4400,111.5200,1.772e-06
met1,73.3700,138.7200,met1,75.4400,138.7200,3.308e-06
met1,73.3700,144.1600,met1,75.4400,144.1600,6.244e-06
met1,73.6000,24.4800,met1,75.6700,24.4800,1.542e-06
met1,73.8300,62.5600,met1,75.6700,62.5600,1.116e-05
met1,74.0600,51.6800,met1,76.1300,51.6800,4.086e-06
met1,74.0600,127.8400,met1,76.5900,127.8400,4.691e-06
met1,74.2900,19.0400,met1,77.5100,19.0400,6.718e-07
met1,74.2900,116.9600,met1,77.2800,116.9600,3.042e-07
met1,74.5200,95.2000,met1,76.5900,95.2000,3.260e-06
met1,74.5200,106.0800,met1,77.2800,106.0800,2.348e-06
met1,74.5200,122.4000,met1,76.5900,122.4000,3.393e-06
met1,75.2100,57.1200,met1,77.0500,57.1200,1.091e-05
met1,75.4400,8.1600,met1,77.5100,8.1600,2.869e-08
met1,75.4400,13.6000,met1,78.2000,13.6000,1.965e-07
met1,75.4400,40.8000,met1,77.2800,40.8000,3.068e-06
met1,75.4400,46.2400,met1,77.5100,46.2400,4.556e-06
met1,75.4400,68.0000,met1,77.7400,68.0000,4.472e-07
met1,75.4400,111.5200,met1,77.5100,111.5200,1.772e-06
met1,75.4400,133.2800,met1,77.7400,133.2800,5.297e-06
met1,75.4400,138.7200,met1,79.1200,138.7200,1.406e-05
met1,75.4400,144.1600,met1,77.9700,144.1600,7.555e-06
met1,75.6700,24.4800,met1,77.7400,24.4800,1.562e-06
met1,75.6700,29.9200,met1,78.6600,29.9200,1.886e-06
met1,75.6700,35.3600,met1,79.8100,35.3600,2.270e-06
met1,75.6700,62.5600,met1,78.4300,62.5600,1.146e-05
met1,75.6700,73.4400,met1,78.6600,73.4400,2.581e-06
met1,75.6700,78.8800,met1,78.2000,78.8800,4.572e-06
met1,75.6700,84.3200,met1,78.2000,84.3200,3.696e-07
met1,75.6700,89.7600,met1,77.7400,89.7600,1.830e-06
met1,75.6700,100.6400,met1,77.9700,100.6400,3.993e-07
met1,76.1300,51.6800,met1,79.1200,51.6800,1.290e-05
met1,76.5900,95.2000,met1,80.0400,95.2000,2.064e-06
met1,76.5900,122.4000,met1,78.4300,122.4000,1.070e-05
met1,76.5900,127.8400,met1,78.8900,127.8400,5.128e-06
met1,77.0500,57.1200,met1,80.9600,57.1200,1.097e-05
met1,77.2800,40.8000,met1,79.1200,40.8000,3.068e-06
met1,77.2800,106.0800,met1,80.9600,106.0800,7.587e-06
met1,77.2800,116.9600,met1,81.4200,116.9600,1.283e-05
met1,77.5100,8.1600,met1,80.0400,8.1600,2.869e-08
met1,77.5100,19.0400,met1,80.0400,19.0400,4.651e-07
met1,77.5100,46.2400,met1,79.5800,46.2400,4.556e-06
met1,77.5100,111.5200,met1,79.3500,111.5200,1.931e-06
met1,77.7400,24.4800,met1,80.2700,24.4800,1.574e-06
met1,77.7400,68.0000,met1,80.2700,68.0000,4.472e-07
met1,77.7400,89.7600,met1,81.4200,89.7600,3.020e-06
met1,77.7400,133.2800,met1,79.8100,133.2800,5.955e-06
met1,77.9700,100.6400,met1,79.8100,100.6400,4.683e-06
met1,77.9700,144.1600,met1,80.5000,144.1600,7.989e-06
met1,78.2000,13.6000,met1,81.6500,13.6000,1.965e-07
met1,78.2000,78.8800,met1,80.7300,78.8800,4.572e-06
met1,78.2000,84.3200,met1,80.2700,84.3200,3.696e-07
met1,78.4300,62.5600,met1,81.4200,62.5600,1.264e-05
met1,78.4300,122.4000,met1,80.2700,122.4000,1.070e-05
met1,78.6600,29.9200,met1,80.7300,29.9200,1.886e-06
met1,78.6600,73.4400,met1,81.4200,73.4400,7.807e-06
met1,78.8900,127.8400,met1,81.8800,127.8400,6.487e-06
met1,79.1200,40.8000,met1,81.6500,40.8000,3.068e-06
met1,79.1200,51.6800,met1,82.8000,51.6800,1.290e-05
met1,79.1200,138.7200,met1,81.4200,138.7200,1.483e-05
met1,79.3500,111.5200,met1,81.6500,111.5200,6.793e-06
met1,79.5800,46.2400,met1,81.8800,46.2400,4.704e-06
met1,79.8100,35.3600,met1,82.5700,35.3600,7.558e-06
met1,79.8100,100.6400,met1,81.8800,100.6400,4.699e-06
met1,79.8100,133.2800,met1,83.0300,133.2800,7.757e-06
met1,80.0400,8.1600,met1,82.3400,8.1600,2.869e-08
met1,80.0400,19.0400,met1,83.0300,19.0400,4.393e-06
met1,80.0400,95.2000,met1,82.5700,95.2000,1.678e-05
met1,80.2700,24.4800,met1,83.2600,24.4800,1.763e-06
met1,80.2700,68.0000,met1,82.5700,68.0000,4.535e-08
met1,80.2700,84.3200,met1,82.5700,84.3200,8.109e-07
met1,80.2700,122.4000,met1,82.8000,122.4000,1.317e-05
met1,80.5000,144.1600,met1,83.4900,144.1600,8.233e-06
met1,80.7300,29.9200,met1,82.8000,29.9200,6.683e-06
met1,80.7300,78.8800,met1,83.2600,78.8800,1.019e-05
met1,80.9600,57.1200,met1,83.2600,57.1200,1.097e-05
met1,80.9600,106.0800,met1,83.7200,106.0800,7.797e-06
met1,81.4200,62.5600,met1,83.4900,62.5600,1.749e-05
met1,81.4200,73.4400,met1,84.4100,73.4400,8.311e-06
met1,81.4200,89.7600,met1,83.7200,89.7600,8.201e-06
met1,81.4200,116.9600,met1,83.7200,116.9600,1.283e-05
met1,81.4200,138.7200,met1,83.2600,138.7200,1.483e-05
met1,81.6500,13.6000,met1,85.5600,13.6000,5.457e-06
met1,81.6500,40.8000,met1,84.6400,40.8000,3.350e-06
met1,81.6500,111.5200,met1,83.9500,111.5200,7.031e-06
met1,81.8800,46.2400,met1,85.1000,46.2400,9.686e-06
met1,81.8800,100.6400,met1,84.4100,100.6400,4.699e-06
met1,81.8800,127.8400,met1,83.9500,127.8400,6.576e-06
met1,82.3400,8.1600,met1,85.5600,8.1600,5.194e-06
met1,82.5700,35.3600,met1,85.1000,35.3600,7.721e-06
met1,82.5700,68.0000,met1,84.6400,68.0000,2.657e-07
met1,82.5700,84.3200,met1,84.6400,84.3200,9.728e-07
met1,82.5700,95.2000,met1,84.8700,95.2000,1.694e-05
met1,82.8000,29.9200,met1,84.8700,29.9200,2.352e-05
met1,82.8000,51.6800,met1,85.3300,51.6800,1.307e-05
met1,82.8000,122.4000,met1,85.1000,122.4000,1.317e-05
met1,83.0300,19.0400,met1,84.8700,19.0400,4.435e-06
met1,83.0300,133.2800,met1,85.3300,133.2800,7.860e-06
met1,83.2600,24.4800,met1,85.1000,24.4800,2.723e-06
met1,83.2600,57.1200,met1,85.5600,57.1200,1.576e-05
met1,83.2600,78.8800,met1,85.5600,78.8800,1.019e-05
met1,83.2600,138.7200,met1,85.5600,138.7200,1.627e-05
met1,83.4900,62.5600,met1,85.5600,62.5600,1.749e-05
met1,83.4900,144.1600,met1,85.5600,144.1600,9.776e-06
met1,83.7200,89.7600,met1,85.5600,89.7600,8.201e-06
met1,83.7200,106.0800,met1,85.5600,106.0800,8.154e-06
met1,83.7200,116.9600,met1,85.5600,116.9600,1.292e-05
met1,83.9500,111.5200,met1,86.7100,111.5200,4.441e-06
met1,83.9500,111.5200,met2,85.5600,111.5200,1.174e-05
met1,83.9500,127.8400,met1,86.0200,127.8400,2.030e-05
met1,83.9500,127.8400,met2,85.5600,127.8400,2.887e-05
met1,84.4100,73.4400,met1,87.1700,73.4400,2.537e-05
met1,84.4100,73.4400,met2,85.5600,73.4400,3.389e-05
met1,84.4100,100.6400,met1,86.4800,100.6400,9.439e-06
met1,84.4100,100.6400,met2,85.5600,100.6400,1.440e-05
met1,84.6400,40.8000,met1,86.7100,40.8000,7.559e-06
met1,84.6400,40.8000,met2,85.5600,40.8000,1.153e-05
met1,84.6400,68.0000,met1,87.1700,68.0000,1.469e-05
met1,84.6400,68.0000,met2,85.5600,68.0000,1.543e-05
met1,84.6400,84.3200,met1,86.7100,84.3200,4.315e-06
met1,84.6400,84.3200,met2,85.5600,84.3200,5.287e-06
met1,84.8700,19.0400,met1,86.7100,19.0400,1.435e-05
met1,84.8700,19.0400,met2,85.5600,19.0400,1.899e-05
met1,84.8700,29.9200,met1,87.1700,29.9200,4.109e-06
met1,84.8700,29.9200,met2,85.5600,29.9200,2.797e-05
met1,84.8700,95.2000,met1,87.1700,95.2000,2.519e-06
met1,84.8700,95.2000,met2,85.5600,95.2000,1.981e-05
met1,85.1000,24.4800,met1,87.1700,24.4800,1.496e-05
met1,85.1000,24.4800,met2,85.5600,24.4800,1.768e-05
met1,85.1000,35.3600,met1,87.1700,35.3600,2.758e-06
met1,85.1000,35.3600,met2,85.5600,35.3600,1.122e-05
met1,85.1000,46.2400,met1,87.1700,46.2400,4.871e-06
met1,85.1000,46.2400,met2,85.5600,46.2400,1.456e-05
met1,85.1000,122.4000,met1,87.1700,122.4000,2.258e-06
met1,85.1000,122.4000,met2,85.5600,122.4000,4.375e-05
met1,85.3300,51.6800,met1,87.1700,51.6800,3.203e-06
met1,85.3300,51.6800,met2,85.5600,51.6800,1.643e-05
met1,85.3300,133.2800,met1,87.1700,133.2800,1.747e-05
met1,85.3300,133.2800,met2,85.5600,133.2800,2.796e-05
met1,85.5600,8.1600,met1,88.0900,8.1600,4.665e-06
met1,85.5600,8.1600,met2,85.5600,8.1600,9.859e-06
met1,85.5600,13.6000,met1,87.6300,13.6000,7.176e-06
met1,85.5600,13.6000,met2,85.5600,13.6000,1.263e-05
met1,85.5600,57.1200,met1,89.2400,57.1200,8.665e-06
met1,85.5600,57.1200,met2,85.5600,57.1200,2.443e-05
met1,85.5600,62.5600,met1,87.8600,62.5600,7.995e-06
met1,85.5600,62.5600,met2,85.5600,62.5600,2.574e-05
met1,85.5600,78.8800,met1,88.3200,78.8800,6.493e-06
met1,85.5600,78.8800,met2,85.5600,78.8800,1.668e-05
met1,85.5600,89.7600,met1,87.8600,89.7600,1.823e-05
met1,85.5600,89.7600,met2,85.5600,89.7600,2.643e-05
met1,85.5600,106.0800,met1,87.8600,106.0800,1.721e-05
met1,85.5600,106.0800,met2,85.5600,106.0800,2.536e-05
met1,85.5600,116.9600,met1,87.4000,116.9600,6.522e-06
met1,85.5600,116.9600,met2,85.5600,116.9600,1.944e-05
met1,85.5600,138.7200,met1,88.3200,138.7200,2.024e-05
met1,85.5600,138.7200,met2,85.5600,138.7200,3.779e-05
met1,85.5600,144.1600,met1,89.2400,144.1600,2.016e-05
met1,85.5600,144.1600,met2,85.5600,144.1600,2.994e-05
met1,86.0200,127.8400,met1,88.7800,127.8400,2.030e-05
met1,86.4800,100.6400,met1,89.2400,100.6400,4.620e-06
met1,86.7100,19.0400,met1,89.4700,19.0400,1.435e-05
met1,86.7100,40.8000,met1,89.0100,40.8000,6.963e-06
met1,86.7100,84.3200,met1,89.4700,84.3200,4.315e-06
met1,86.7100,111.5200,met1,90.8500,111.5200,4.441e-06
met1,87.1700,24.4800,met1,89.2400,24.4800,1.496e-05
met1,87.1700,29.9200,met1,89.7000,29.9200,3.446e-06
met1,87.1700,35.3600,met1,89.4700,35.3600,2.758e-06
met1,87.1700,46.2400,met1,89.7000,46.2400,4.709e-06
met1,87.1700,51.6800,met1,89.2400,51.6800,3.203e-06
met1,87.1700,68.0000,met1,90.6200,68.0000,1.469e-05
met1,87.1700,73.4400,met1,89.7000,73.4400,2.537e-05
met1,87.1700,95.2000,met1,89.4700,95.2000,2.519e-06
met1,87.1700,122.4000,met1,90.1600,122.4000,3.504e-06
met1,87.1700,133.2800,met1,89.7000,133.2800,1.747e-05
met1,87.4000,116.9600,met1,89.7000,116.9600,4.950e-06
met1,87.6300,13.6000,met1,91.7700,13.6000,7.015e-06
met1,87.8600,62.5600,met1,90.1600,62.5600,7.811e-06
met1,87.8600,89.7600,met1,90.3900,89.7600,1.298e-05
met1,87.8600,106.0800,met1,90.1600,106.0800,1.721e-05
met1,88.0900,8.1600,met1,89.9300,8.1600,4.503e-06
met1,88.3200,78.8800,met1,92.9200,78.8800,8.938e-07
met1,88.3200,138.7200,met1,90.3900,138.7200,2.974e-06
met1,88.7800,127.8400,met1,90.6200,127.8400,2.662e-06
met1,89.0100,40.8000,met1,91.3100,40.8000,6.011e-06
met1,89.2400,24.4800,met1,91.7700,24.4800,9.897e-06
met1,89.2400,51.6800,met1,91.5400,51.6800,2.777e-06
met1,89.2400,57.1200,met1,92.9200,57.1200,1.609e-06
met1,89.2400,100.6400,met1,91.7700,100.6400,4.620e-06
met1,89.2400,144.1600,met1,92.9200,144.1600,7.083e-07
met1,89.4700,19.0400,met1,92.0000,19.0400,1.394e-05
met1,89.4700,35.3600,met1,91.5400,35.3600,2.256e-06
met1,89.4700,84.3200,met1,92.2300,84.3200,3.852e-06
met1,89.4700,95.2000,met1,91.3100,95.2000,2.106e-06
met1,89.7000,29.9200,met1,92.0000,29.9200,3.446e-06
met1,89.7000,46.2400,met1,93.8400,46.2400,3.640e-06
met1,89.7000,73.4400,met1,91.7700,73.4400,2.046e-05
met1,89.7000,116.9600,met1,91.7700,116.9600,4.950e-06
met1,89.7000,133.2800,met1,91.5400,133.2800,1.731e-05
met1,89.9300,8.1600,met1,92.2300,8.1600,4.489e-06
met1,90.1600,62.5600,met1,94.0700,62.5600,7.794e-06
met1,90.1600,106.0800,met1,92.6900,106.0800,9.883e-06
met1,90.1600,122.4000,met1,92.9200,122.4000,3.665e-06
met1,90.3900,89.7600,met1,92.9200,89.7600,1.296e-05
met1,90.3900,138.7200,met1,92.9200,138.7200,3.133e-06
met1,90.6200,68.0000,met1,93.3800,68.0000,1.310e-05
met1,90.6200,127.8400,met1,93.1500,127.8400,2.662e-06
met1,90.8500,111.5200,met1,92.9200,111.5200,3.972e-06
met1,91.3100,40.8000,met1,93.3800,40.8000,2.228e-06
met1,91.3100,95.2000,met1,94.7600,95.2000,2.092e-06
met1,91.5400,35.3600,met1,93.3800,35.3600,2.236e-06
met1,91.5400,51.6800,met1,95.2200,51.6800,2.777e-06
met1,91.5400,133.2800,met1,94.3000,133.2800,3.694e-07
met1,91.7700,13.6000,met1,94.5300,13.6000,2.033e-06
met1,91.7700,24.4800,met1,94.5300,24.4800,9.736e-06
met1,91.7700,73.4400,met1,94.3000,73.4400,2.029e-05
met1,91.7700,100.6400,met1,93.8400,100.6400,3.718e-06
met1,91.7700,116.9600,met1,94.0700,116.9600,4.950e-06
met1,92.0000,19.0400,met1,94.7600,19.0400,1.394e-05
met1,92.0000,29.9200,met1,94.7600,29.9200,1.747e-06
met1,92.2300,8.1600,met1,95.2200,8.1600,4.332e-06
met1,92.2300,84.3200,met1,94.7600,84.3200,3.791e-06
met1,92.6900,106.0800,met1,95.4500,106.0800,5.918e-06
met1,92.9200,57.1200,met1,96.6000,57.1200,2.163e-06
met1,92.9200,78.8800,met1,94.7600,78.8800,6.890e-07
met1,92.9200,89.7600,met1,95.2200,89.7600,1.273e-05
met1,92.9200,111.5200,met1,95.6800,111.5200,1.838e-06
met1,92.9200,122.4000,met1,94.7600,122.4000,3.665e-06
met1,92.9200,138.7200,met1,94.7600,138.7200,3.133e-06
met1,92.9200,144.1600,met1,95.2200,144.1600,7.083e-07
met1,93.1500,127.8400,met1,94.9900,127.8400,2.501e-06
met1,93.3800,35.3600,met1,95.6800,35.3600,2.236e-06
met1,93.3800,40.8000,met1,95.4500,40.8000,2.228e-06
met1,93.3800,68.0000,met1,95.4500,68.0000,3.283e-06
met1,93.8400,46.2400,met1,96.1400,46.2400,3.640e-06
met1,93.8400,100.6400,met1,98.2100,100.6400,3.514e-06
met1,94.0700,62.5600,met1,96.8300,62.5600,2.531e-06
met1,94.0700,116.9600,met1,96.6000,116.9600,4.478e-06
met1,94.3000,73.4400,met1,96.3700,73.4400,2.029e-05
met1,94.3000,133.2800,met1,97.5200,133.2800,7.309e-07
met1,94.5300,13.6000,met1,97.5200,13.6000,2.020e-06
met1,94.5300,24.4800,met1,98.4400,24.4800,9.595e-06
met1,94.7600,19.0400,met1,96.8300,19.0400,1.371e-05
met1,94.7600,29.9200,met1,97.0600,29.9200,1.747e-06
met1,94.7600,78.8800,met1,96.6000,78.8800,5.814e-07
met1,94.7600,84.3200,met1,99.1300,84.3200,3.606e-06
met1,94.7600,95.2000,met1,97.0600,95.2000,3.044e-06
met1,94.7600,122.4000,met1,96.6000,122.4000,3.665e-06
met1,94.7600,138.7200,met1,97.7500,138.7200,3.609e-06
met1,94.9900,127.8400,met1,96.8300,127.8400,5.756e-07
met1,95.2200,8.1600,met1,97.5200,8.1600,4.332e-06
met1,95.2200,51.6800,met1,98.2100,51.6800,2.333e-06
met1,95.2200,89.7600,met1,98.2100,89.7600,1.088e-05
met1,95.2200,144.1600,met1,98.2100,144.1600,2.184e-06
met1,95.4500,40.8000,met1,97.7500,40.8000,8.617e-07
met1,95.4500,68.0000,met1,97.7500,68.0000,3.547e-06
met1,95.4500,106.0800,met1,97.7500,106.0800,6.921e-06
met1,95.6800,35.3600,met1,97.5200,35.3600,1.856e-06
met1,95.6800,111.5200,met1,97.7500,111.5200,1.883e-06
met1,96.1400,46.2400,met1,100.2800,46.2400,1.449e-06
met1,96.3700,73.4400,met1,99.3600,73.4400,1.934e-05
met1,96.6000,57.1200,met1,99.8200,57.1200,2.375e-06
met1,96.6000,78.8800,met1,98.6700,78.8800,5.814e-07
met1,96.6000,116.9600,met1,100.2800,116.9600,1.900e-06
met1,96.6000,122.4000,met1,98.4400,122.4000,3.988e-06
met1,96.8300,19.0400,met1,98.6700,19.0400,1.371e-05
met1,96.8300,62.5600,met1,99.3600,62.5600,2.516e-06
met1,96.8300,127.8400,met1,99.3600,127.8400,1.017e-06
met1,97.0600,29.9200,met1,100.2800,29.9200,2.157e-06
met1,97.0600,95.2000,met1,99.5900,95.2000,3.074e-06
met1,97.5200,8.1600,met1,100.5100,8.1600,9.682e-07
met1,97.5200,13.6000,met1,100.2800,13.6000,1.975e-06
met1,97.5200,35.3600,met1,99.8200,35.3600,7.319e-07
met1,97.5200,133.2800,met1,99.8200,133.2800,3.473e-06
met1,97.7500,40.8000,met1,100.2800,40.8000,1.289e-06
met1,97.7500,68.0000,met1,100.5100,68.0000,3.547e-06
met1,97.7500,106.0800,met1,99.8200,106.0800,7.176e-06
met1,97.7500,111.5200,met1,100.2800,111.5200,2.489e-06
met1,97.7500,138.7200,met1,100.7400,138.7200,5.869e-06
met1,98.2100,51.6800,met1,100.9700,51.6800,2.347e-06
met1,98.2100,89.7600,met1,100.9700,89.7600,6.066e-06
met1,98.2100,100.6400,met1,100.5100,100.6400,1.812e-06
met1,98.2100,144.1600,met1,100.2800,144.1600,3.356e-06
met1,98.4400,24.4800,met1,100.2800,24.4800,1.221e-05
met1,98.4400,122.4000,met1,100.9700,122.4000,4.019e-06
met1,98.6700,19.0400,met1,100.9700,19.0400,1.342e-05
met1,98.6700,78.8800,met1,100.9700,78.8800,2.658e-07
met1,99.1300,84.3200,met1,100.9700,84.3200,2.885e-06
met1,99.3600,62.5600,met1,102.1200,62.5600,2.461e-06
met1,99.3600,73.4400,met1,101.2000,73.4400,1.934e-05
met1,99.3600,127.8400,met1,102.1200,127.8400,1.325e-06
met1,99.5900,95.2000,met1,102.1200,95.2000,3.237e-06
met1,99.8200,35.3600,met1,102.1200,35.3600,7.319e-07
met1,99.8200,57.1200,met1,102.5800,57.1200,2.375e-06
met1,99.8200,106.0800,met1,101.6600,106.0800,7.176e-06
met1,99.8200,133.2800,met1,102.5800,133.2800,3.657e-06
met1,100.2800,13.6000,met1,102.1200,13.6000,2.996e-06
met1,100.2800,24.4800,met1,103.0400,24.4800,1.238e-05
met1,100.2800,29.9200,met1,102.1200,29.9200,2.157e-06
met1,100.2800,40.8000,met1,103.0400,40.8000,2.266e-06
met1,100.2800,46.2400,met1,103.9600,46.2400,1.449e-06
met1,100.2800,111.5200,met1,103.5000,111.5200,2.759e-06
met1,100.2800,116.9600,met1,103.2700,116.9600,3.138e-06
met1,100.2800,144.1600,met1,102.1200,144.1600,3.356e-06
met1,100.5100,8.1600,met1,102.8100,8.1600,9.682e-07
met1,100.5100,68.0000,met1,102.5800,68.0000,3.547e-06
met1,100.5100,100.6400,met1,104.4200,100.6400,1.831e-06
met1,100.7400,138.7200,met1,103.0400,138.7200,5.869e-06
met1,100.9700,19.0400,met1,103.2700,19.0400,1.615e-05
met1,100.9700,51.6800,met1,105.1100,51.6800,2.347e-06
met1,100.9700,78.8800,met1,103.0400,78.8800,4.790e-06
met1,100.9700,84.3200,met1,102.8100,84.3200,2.102e-06
met1,100.9700,89.7600,met1,103.2700,89.7600,6.451e-06
met1,100.9700,122.4000,met1,103.0400,122.4000,4.019e-06
met1,101.2000,73.4400,met1,103.5000,73.4400,1.934e-05
met1,101.6600,106.0800,met1,105.3400,106.0800,7.335e-06
met1,102.1200,13.6000,met1,106.0300,13.6000,2.996e-06
met1,102.1200,29.9200,met1,104.6500,29.9200,7.064e-06
met1,102.1200,35.3600,met1,104.8800,35.3600,2.842e-07
met1,102.1200,62.5600,met1,104.1900,62.5600,2.461e-06
met1,102.1200,95.2000,met1,104.8800,95.2000,4.052e-06
met1,102.1200,127.8400,met1,104.1900,127.8400,1.325e-06
met1,102.1200,144.1600,met1,105.1100,144.1600,3.356e-06
met1,102.5800,57.1200,met1,105.1100,57.1200,2.375e-06
met1,102.5800,68.0000,met1,107.1800,68.0000,9.005e-06
met1,102.5800,133.2800,met1,106.7200,133.2800,6.343e-06
met1,102.8100,8.1600,met1,106.0300,8.1600,1.153e-06
met1,102.8100,84.3200,met1,105.3400,84.3200,2.269e-06
met1,103.0400,24.4800,met1,105.3400,24.4800,1.240e-05
met1,103.0400,40.8000,met1,105.5700,40.8000,2.266e-06
met1,103.0400,78.8800,met1,105.8000,78.8800,4.954e-06
met1,103.0400,122.4000,met1,105.1100,122.4000,8.510e-06
met1,103.0400,138.7200,met1,105.1100,138.7200,6.526e-06
met1,103.2700,19.0400,met1,110.1700,19.0400,1.619e-05
met1,103.2700,89.7600,met1,106.2600,89.7600,6.451e-06
met1,103.2700,116.9600,met1,105.8000,116.9600,4.452e-06
met1,103.5000,73.4400,met1,106.7200,73.4400,1.954e-05
met1,103.5000,111.5200,met1,106.7200,111.5200,2.937e-06
met1,103.9600,46.2400,met1,105.8000,46.2400,1.449e-06
met1,104.1900,62.5600,met1,106.0300,62.5600,2.545e-06
met1,104.1900,127.8400,met1,106.0300,127.8400,3.364e-06
met1,104.4200,100.6400,met1,106.7200,100.6400,2.779e-06
met1,104.6500,29.9200,met1,106.4900,29.9200,7.084e-06
met1,104.8800,35.3600,met1,106.9500,35.3600,2.842e-07
met1,104.8800,95.2000,met1,106.9500,95.2000,4.052e-06
met1,105.1100,51.6800,met1,107.4100,51.6800,7.484e-06
met1,105.1100,57.1200,met1,107.8700,57.1200,2.819e-06
met1,105.1100,122.4000,met1,107.1800,122.4000,8.673e-06
met1,105.1100,138.7200,met1,107.4100,138.7200,8.131e-06
met1,105.1100,144.1600,met1,108.1000,144.1600,5.608e-06
met1,105.3400,24.4800,met1,108.1000,24.4800,1.250e-05
met1,105.3400,84.3200,met1,107.6400,84.3200,2.318e-06
met1,105.3400,106.0800,met1,108.1000,106.0800,7.335e-06
met1,105.5700,40.8000,met1,108.3300,40.8000,2.597e-06
met1,105.8000,46.2400,met1,108.1000,46.2400,6.637e-06
met1,105.8000,78.8800,met1,108.1000,78.8800,5.017e-06
met1,105.8000,116.9600,met1,107.8700,116.9600,9.012e-06
met1,106.0300,8.1600,met1,108.1000,8.1600,1.229e-06
met1,106.0300,13.6000,met1,108.1000,13.6000,3.407e-06
met1,106.0300,62.5600,met1,108.1000,62.5600,2.561e-06
met1,106.0300,127.8400,met1,108.1000,127.8400,5.159e-06
met1,106.2600,89.7600,met1,109.9400,89.7600,7.959e-06
met1,106.4900,29.9200,met1,108.7900,29.9200,7.084e-06
met1,106.7200,73.4400,met1,109.9400,73.4400,1.954e-05
met1,106.7200,100.6400,met1,110.8600,100.6400,3.266e-06
met1,106.7200,111.5200,met1,108.5600,111.5200,3.285e-06
met1,106.7200,133.2800,met1,108.5600,133.2800,6.343e-06
met1,106.9500,35.3600,met1,109.2500,35.3600,2.842e-07
met1,106.9500,95.2000,met1,108.7900,95.2000,5.673e-06
met1,107.1800,68.0000,met1,109.4800,68.0000,9.748e-06
met1,107.1800,122.4000,met1,109.2500,122.4000,8.673e-06
met1,107.4100,51.6800,met1,109.4800,51.6800,7.484e-06
met1,107.4100,138.7200,met1,109.7100,138.7200,9.589e-06
met1,107.6400,84.3200,met1,111.5500,84.3200,2.384e-06
met1,107.8700,57.1200,met1,110.4000,57.1200,3.011e-06
met1,107.8700,116.9600,met1,110.1700,116.9600,9.012e-06
met1,108.1000,8.1600,met1,111.3200,8.1600,6.524e-06
met1,108.1000,13.6000,met1,109.9400,13.6000,3.407e-06
met1,108.1000,24.4800,met1,109.9400,24.4800,1.250e-05
met1,108.1000,46.2400,met1,110.6300,46.2400,6.828e-06
met1,108.1000,62.5600,met1,111.3200,62.5600,2.742e-06
met1,108.1000,78.8800,met1,109.9400,78.8800,5.383e-06
met1,108.1000,106.0800,met1,111.3200,106.0800,1.262e-05
met1,108.1000,127.8400,met1,110.1700,127.8400,5.355e-06
met1,108.1000,144.1600,met1,110.8600,144.1600,1.386e-05
met1,108.3300,40.8000,met1,110.6300,40.8000,7.479e-06
met1,108.5600,111.5200,met1,112.2400,111.5200,3.446e-06
met1,108.5600,133.2800,met1,111.3200,133.2800,1.550e-05
met1,108.7900,29.9200,met1,111.0900,29.9200,7.084e-06
met1,108.7900,95.2000,met1,111.5500,95.2000,5.869e-06
met1,109.2500,35.3600,met1,111.3200,35.3600,5.583e-08
met1,109.2500,122.4000,met1,111.3200,122.4000,8.673e-06
met1,109.4800,51.6800,met1,112.0100,51.6800,7.759e-06
met1,109.4800,68.0000,met1,112.7000,68.0000,9.748e-06
met1,109.7100,138.7200,met1,112.7000,138.7200,1.044e-05
met1,109.9400,13.6000,met1,112.0100,13.6000,3.407e-06
met1,109.9400,24.4800,met1,112.2400,24.4800,1.253e-05
met1,109.9400,73.4400,met1,112.4700,73.4400,1.954e-05
met1,109.9400,78.8800,met1,111.7800,78.8800,5.517e-06
met1,109.9400,89.7600,met1,112.2400,89.7600,7.959e-06
met1,110.1700,19.0400,met1,112.7000,19.0400,2.120e-05
met1,110.1700,116.9600,met1,112.7000,116.9600,9.493e-06
met1,110.1700,127.8400,met1,112.7000,127.8400,6.987e-06
met1,110.4000,57.1200,met1,112.7000,57.1200,3.011e-06
met1,110.6300,40.8000,met1,112.7000,40.8000,7.518e-06
met1,110.6300,46.2400,met1,112.7000,46.2400,6.828e-06
met1,110.8600,100.6400,met1,112.7000,100.6400,8.280e-06
met1,110.8600,144.1600,met1,112.7000,144.1600,1.386e-05
met1,111.0900,29.9200,met1,113.8500,29.9200,4.728e-06
met1,111.0900,29.9200,met2,112.7000,29.9200,1.704e-05
met1,111.3200,8.1600,met1,113.3900,8.1600,5.548e-06
met1,111.3200,8.1600,met2,112.7000,8.1600,1.207e-05
met1,111.3200,35.3600,met1,113.3900,35.3600,1.748e-05
met1,111.3200,35.3600,met2,112.7000,35.3600,1.766e-05
met1,111.3200,62.5600,met1,114.0800,62.5600,3.606e-05
met1,111.3200,62.5600,met2,112.7000,62.5600,3.918e-05
met1,111.3200,106.0800,met1,113.1600,106.0800,4.808e-06
met1,111.3200,106.0800,met2,112.7000,106.0800,1.743e-05
met1,111.3200,122.4000,met1,113.6200,122.4000,5.284e-06
met1,111.3200,122.4000,met2,112.7000,122.4000,1.978e-05
met1,111.3200,133.2800,met1,113.3900,133.2800,1.344e-05
met1,111.3200,133.2800,met2,112.7000,133.2800,2.940e-05
met1,111.5500,84.3200,met1,113.6200,84.3200,9.675e-06
met1,111.5500,84.3200,met2,112.7000,84.3200,1.252e-05
met1,111.5500,95.2000,met1,113.6200,95.2000,4.951e-06
met1,111.5500,95.2000,met2,112.7000,95.2000,1.115e-05
met1,111.7800,78.8800,met1,114.3100,78.8800,6.172e-06
met1,111.7800,78.8800,met2,112.7000,78.8800,1.169e-05
met1,112.0100,13.6000,met1,114.7700,13.6000,1.175e-05
met1,112.0100,13.6000,met2,112.7000,13.6000,1.552e-05
met1,112.0100,51.6800,met1,114.5400,51.6800,1.155e-07
met1,112.0100,51.6800,met2,112.7000,51.6800,8.185e-06
met1,112.2400,24.4800,met1,114.3100,24.4800,8.739e-07
met1,112.2400,24.4800,met2,112.7000,24.4800,1.348e-05
met1,112.2400,89.7600,met1,114.7700,89.7600,3.145e-05
met1,112.2400,89.7600,met2,112.7000,89.7600,3.950e-05
met1,112.2400,111.5200,met1,114.3100,111.5200,5.777e-06
met1,112.2400,111.5200,met2,112.7000,111.5200,9.222e-06
met1,112.4700,73.4400,met1,114.7700,73.4400,1.163e-06
met1,112.4700,73.4400,met2,112.7000,73.4400,2.627e-05
met1,112.7000,19.0400,met1,114.7700,19.0400,8.143e-07
met1,112.7000,19.0400,met2,112.7000,19.0400,2.203e-05
met1,112.7000,40.8000,met1,114.7700,40.8000,4.402e-06
met1,112.7000,40.8000,met2,112.7000,40.8000,1.192e-05
met1,112.7000,46.2400,met1,114.7700,46.2400,5.122e-06
met1,112.7000,46.2400,met2,112.7000,46.2400,1.212e-05
met1,112.7000,57.1200,met1,114.7700,57.1200,1.161e-05
met1,112.7000,57.1200,met2,112.7000,57.1200,1.974e-05
met1,112.7000,68.0000,met1,114.5400,68.0000,4.952e-06
met1,112.7000,68.0000,met2,112.7000,68.0000,1.486e-05
met1,112.7000,100.6400,met1,114.7700,100.6400,1.021e-05
met1,112.7000,100.6400,met2,112.7000,100.6400,1.851e-05
met1,112.7000,116.9600,met1,114.7700,116.9600,4.629e-06
met1,112.7000,116.9600,met2,112.7000,116.9600,1.412e-05
met1,112.7000,127.8400,met1,114.7700,127.8400,1.607e-05
met1,112.7000,127.8400,met2,112.7000,127.8400,4.111e-05
met1,112.7000,138.7200,met1,114.7700,138.7200,7.353e-06
met1,112.7000,138.7200,met2,112.7000,138.7200,2.039e-05
met1,112.7000,144.1600,met1,114.7700,144.1600,7.001e-06
met1,112.7000,144.1600,met2,112.7000,144.1600,2.297e-05
met1,113.1600,106.0800,met1,117.0700,106.0800,4.618e-06
met1,113.3900,8.1600,met1,116.8400,8.1600,5.514e-06
met1,113.3900,35.3600,met1,115.9200,35.3600,1.731e-05
met1,113.3900,133.2800,met1,115.2300,133.2800,1.159e-05
met1,113.6200,84.3200,met1,115.6900,84.3200,4.484e-06
met1,113.6200,95.2000,met1,116.3800,95.2000,4.951e-06
met1,113.6200,122.4000,met1,115.4600,122.4000,5.284e-06
met1,113.8500,29.9200,met1,116.3800,29.9200,4.712e-06
met1,114.0800,62.5600,met1,117.3000,62.5600,1.922e-05
met1,114.3100,24.4800,met1,116.3800,24.4800,1.012e-07
met1,114.3100,78.8800,met1,116.3800,78.8800,5.449e-06
met1,114.3100,111.5200,met1,116.8400,111.5200,6.294e-07
met1,114.5400,51.6800,met1,117.3000,51.6800,7.544e-08
met1,114.5400,68.0000,met1,117.0700,68.0000,1.860e-07
met1,114.7700,13.6000,met1,116.8400,13.6000,1.175e-05
met1,114.7700,19.0400,met1,116.8400,19.0400,6.562e-07
met1,114.7700,40.8000,met1,116.8400,40.8000,4.109e-06
met1,114.7700,46.2400,met1,117.0700,46.2400,2.519e-07
met1,114.7700,57.1200,met1,117.0700,57.1200,1.161e-05
met1,114.7700,73.4400,met1,117.3000,73.4400,1.163e-06
met1,114.7700,89.7600,met1,118.4500,89.7600,3.007e-05
met1,114.7700,100.6400,met1,116.8400,100.6400,1.021e-05
met1,114.7700,116.9600,met1,116.6100,116.9600,4.629e-06
met1,114.7700,127.8400,met1,117.3000,127.8400,1.607e-05
met1,114.7700,138.7200,met1,117.3000,138.7200,6.154e-06
met1,114.7700,144.1600,met1,116.8400,144.1600,7.001e-06
met1,115.2300,133.2800,met1,118.9100,133.2800,9.589e-06
met1,115.4600,122.4000,met1,118.2200,122.4000,5.121e-06
met1,115.6900,84.3200,met1,118.6800,84.3200,4.319e-06
met1,115.9200,35.3600,met1,117.7600,35.3600,1.731e-05
met1,116.3800,24.4800,met1,119.1400,24.4800,7.734e-08
met1,116.3800,29.9200,met1,118.9100,29.9200,4.712e-06
met1,116.3800,78.8800,met1,119.1400,78.8800,5.232e-06
met1,116.3800,95.2000,met1,119.8300,95.2000,4.951e-06
met1,116.6100,116.9600,met1,120.5200,116.9600,4.462e-06
met1,116.8400,8.1600,met1,119.1400,8.1600,5.514e-06
met1,116.8400,13.6000,met1,118.9100,13.6000,1.144e-05
met1,116.8400,19.0400,met1,118.9100,19.0400,6.562e-07
met1,116.8400,40.8000,met1,119.1400,40.8000,3.988e-06
met1,116.8400,100.6400,met1,118.9100,100.6400,1.005e-05
met1,116.8400,111.5200,met1,119.6000,111.5200,6.294e-07
met1,116.8400,144.1600,met1,118.9100,144.1600,1.607e-06
met1,117.0700,46.2400,met1,120.5200,46.2400,4.306e-09
met1,117.0700,57.1200,met1,118.9100,57.1200,1.067e-05
met1,117.0700,68.0000,met1,120.0600,68.0000,2.507e-07
met1,117.0700,106.0800,met1,119.8300,106.0800,4.135e-06
met1,117.3000,51.6800,met1,120.9800,51.6800,6.807e-07
met1,117.3000,62.5600,met1,120.5200,62.5600,1.862e-05
met1,117.3000,73.4400,met1,120.9800,73.4400,5.174e-07
met1,117.3000,127.8400,met1,120.0600,127.8400,3.885e-06
met1,117.3000,138.7200,met1,119.8300,138.7200,6.154e-06
met1,117.7600,35.3600,met1,120.5200,35.3600,1.726e-05
met1,118.2200,122.4000,met1,121.2100,122.4000,5.121e-06
met1,118.4500,89.7600,met1,120.5200,89.7600,3.004e-05
met1,118.6800,84.3200,met1,121.2100,84.3200,4.319e-06
met1,118.9100,13.6000,met1,120.7500,13.6000,1.144e-05
met1,118.9100,19.0400,met1,120.9800,19.0400,6.319e-07
met1,118.9100,29.9200,met1,122.8200,29.9200,5.111e-07
met1,118.9100,57.1200,met1,121.9000,57.1200,9.674e-06
met1,118.9100,100.6400,met1,120.7500,100.6400,1.005e-05
met1,118.9100,133.2800,met1,120.9800,133.2800,7.808e-06
met1,118.9100,144.1600,met1,122.3600,144.1600,1.768e-06
met1,119.1400,8.1600,met1,121.9000,8.1600,3.602e-07
met1,119.1400,24.4800,met1,121.9000,24.4800,7.734e-08
met1,119.1400,40.8000,met1,122.1300,40.8000,3.967e-06
met1,119.1400,78.8800,met1,121.6700,78.8800,5.232e-06
met1,119.6000,111.5200,met1,122.5900,111.5200,4.703e-07
met1,119.8300,95.2000,met1,123.7400,95.2000,5.388e-07
met1,119.8300,106.0800,met1,121.6700,106.0800,9.726e-07
met1,119.8300,138.7200,met1,122.3600,138.7200,5.214e-06
met1,120.0600,68.0000,met1,123.0500,68.0000,2.507e-07
met1,120.0600,127.8400,met1,122.5900,127.8400,3.885e-06
met1,120.5200,35.3600,met1,122.8200,35.3600,1.710e-05
met1,120.5200,46.2400,met1,123.7400,46.2400,3.747e-07
met1,120.5200,62.5600,met1,123.7400,62.5600,1.079e-05
met1,120.5200,89.7600,met1,122.5900,89.7600,1.361e-05
met1,120.5200,116.9600,met1,122.3600,116.9600,4.462e-06
met1,120.7500,13.6000,met1,123.9700,13.6000,1.117e-05
met1,120.7500,100.6400,met1,123.2800,100.6400,9.537e-06
met1,120.9800,19.0400,met1,124.2000,19.0400,4.219e-06
met1,120.9800,51.6800,met1,123.0500,51.6800,6.807e-07
met1,120.9800,73.4400,met1,123.2800,73.4400,5.174e-07
met1,120.9800,133.2800,met1,125.1200,133.2800,2.123e-06
met1,121.2100,84.3200,met1,123.9700,84.3200,8.785e-07
met1,121.2100,122.4000,met1,125.1200,122.4000,1.580e-06
met1,121.6700,78.8800,met1,124.6600,78.8800,5.670e-07
met1,121.6700,106.0800,met1,123.9700,106.0800,1.136e-06
met1,121.9000,8.1600,met1,123.9700,8.1600,3.602e-07
met1,121.9000,24.4800,met1,123.9700,24.4800,7.734e-08
met1,121.9000,57.1200,met1,123.7400,57.1200,9.674e-06
met1,122.1300,40.8000,met1,124.2000,40.8000,3.753e-06
met1,122.3600,116.9600,met1,124.2000,116.9600,8.318e-07
met1,122.3600,138.7200,met1,124.2000,138.7200,3.925e-06
met1,122.3600,144.1600,met1,124.6600,144.1600,1.768e-06
met1,122.5900,89.7600,met1,128.5700,89.7600,1.599e-05
met1,122.5900,111.5200,met1,125.5800,111.5200,5.288e-08
met1,122.5900,127.8400,met1,124.8900,127.8400,3.725e-06
met1,122.8200,29.9200,met1,124.8900,29.9200,9.049e-07
met1,122.8200,35.3600,met1,125.1200,35.3600,1.702e-05
met1,123.0500,51.6800,met1,125.3500,51.6800,6.807e-07
met1,123.0500,68.0000,met1,125.3500,68.0000,5.537e-07
met1,123.2800,73.4400,met1,126.2700,73.4400,4.641e-06
met1,123.2800,100.6400,met1,125.3500,100.6400,8.927e-06
met1,123.7400,46.2400,met1,125.5800,46.2400,3.747e-07
met1,123.7400,57.1200,met1,126.9600,57.1200,4.360e-06
met1,123.7400,62.5600,met1,126.2700,62.5600,1.571e-05
met1,123.7400,95.2000,met1,126.5000,95.2000,5.388e-07
met1,123.9700,8.1600,met1,126.2700,8.1600,3.602e-07
met1,123.9700,13.6000,met1,126.7300,13.6000,6.035e-06
met1,123.9700,24.4800,met1,126.5000,24.4800,3.010e-07
met1,123.9700,84.3200,met1,126.5000,84.3200,1.074e-06
met1,123.9700,106.0800,met1,126.5000,106.0800,1.206e-06
met1,124.2000,19.0400,met1,126.2700,19.0400,4.219e-06
met1,124.2000,40.8000,met1,127.1900,40.8000,1.244e-06
met1,124.2000,116.9600,met1,126.9600,116.9600,8.318e-07
met1,124.2000,138.7200,met1,126.2700,138.7200,1.859e-06
met1,124.6600,78.8800,met1,126.5000,78.8800,2.288e-06
met1,124.6600,144.1600,met1,127.4200,144.1600,1.768e-06
met1,124.8900,29.9200,met1,126.7300,29.9200,1.018e-06
met1,124.8900,127.8400,met1,126.7300,127.8400,3.130e-06
met1,125.1200,35.3600,met1,126.9600,35.3600,1.702e-05
met1,125.1200,122.4000,met1,127.4200,122.4000,1.580e-06
met1,125.1200,133.2800,met1,127.4200,133.2800,2.123e-06
met1,125.3500,51.6800,met1,127.6500,51.6800,1.399e-06
met1,125.3500,68.0000,met1,127.8800,68.0000,7.609e-07
met1,125.3500,100.6400,met1,127.6500,100.6400,8.552e-06
met1,125.5800,46.2400,met1,127.4200,46.2400,5.586e-07
met1,125.5800,111.5200,met1,127.4200,111.5200,2.692e-06
met1,126.2700,8.1600,met1,128.5700,8.1600,8.679e-08
met1,126.2700,19.0400,met1,128.5700,19.0400,4.253e-06
met1,126.2700,62.5600,met1,128.5700,62.5600,1.573e-05
met1,126.2700,73.4400,met1,128.5700,73.4400,5.438e-06
met1,126.2700,138.7200,met1,128.5700,138.7200,7.130e-07
met1,126.5000,24.4800,met1,128.5700,24.4800,5.289e-07
met1,126.5000,78.8800,met1,128.5700,78.8800,2.288e-06
met1,126.5000,84.3200,met1,128.5700,84.3200,1.074e-06
met1,126.5000,95.2000,met1,128.5700,95.2000,5.388e-07
met1,126.5000,106.0800,met1,128.5700,106.0800,1.206e-06
met1,126.7300,13.6000,met1,128.5700,13.6000,6.251e-06
met1,126.7300,29.9200,met1,128.5700,29.9200,1.053e-06
met1,126.7300,127.8400,met1,128.5700,127.8400,8.026e-07
met1,126.9600,35.3600,met1,129.2600,35.3600,9.642e-08
met1,126.9600,57.1200,met1,128.8000,57.1200,4.360e-06
met1,126.9600,116.9600,met1,129.9500,116.9600,8.318e-07
met1,127.1900,40.8000,met1,129.7200,40.8000,1.272e-06
met1,127.4200,46.2400,met1,130.6400,46.2400,5.586e-07
met1,127.4200,111.5200,met1,129.7200,111.5200,2.692e-06
met1,127.4200,122.4000,met1,130.8700,122.4000,1.580e-06
met1,127.4200,133.2800,met1,129.7200,133.2800,3.930e-06
met1,127.4200,144.1600,met1,129.2600,144.1600,1.768e-06
met1,127.6500,51.6800,met1,129.4900,51.6800,1.619e-06
met1,127.6500,100.6400,met1,130.8700,100.6400,9.112e-06
met1,127.8800,68.0000,met1,129.9500,68.0000,7.609e-07
met1,128.5700,8.1600,met1,131.1000,8.1600,4.994e-06
met1,128.5700,13.6000,met1,130.8700,13.6000,6.251e-06
met1,128.5700,19.0400,met1,130.8700,19.0400,4.291e-06
met1,128.5700,24.4800,met1,132.4800,24.4800,5.289e-07
met1,128.5700,29.9200,met1,131.3300,29.9200,1.053e-06
met1,128.5700,62.5600,met1,132.4800,62.5600,1.573e-05
met1,128.5700,73.4400,met1,130.6400,73.4400,5.438e-06
met1,128.5700,78.8800,met1,130.8700,78.8800,2.288e-06
met1,128.5700,84.3200,met1,131.7900,84.3200,1.074e-06
met1,128.5700,89.7600,met1,130.8700,89.7600,2.120e-05
met1,128.5700,95.2000,met1,130.6400,95.2000,5.509e-06
met1,128.5700,106.0800,met1,131.3300,106.0800,1.206e-06
met1,128.5700,127.8400,met1,132.0200,127.8400,1.600e-07
met1,128.5700,138.7200,met1,130.6400,138.7200,7.672e-06
met1,128.8000,57.1200,met1,131.1000,57.1200,1.178e-05
met1,129.2600,35.3600,met1,133.1700,35.3600,2.688e-07
met1,129.2600,144.1600,met1,132.4800,144.1600,1.932e-06
met1,129.4900,51.6800,met1,132.0200,51.6800,1.706e-06
met1,129.7200,40.8000,met1,132.2500,40.8000,1.272e-06
met1,129.7200,111.5200,met1,132.0200,111.5200,2.692e-06
met1,129.7200,133.2800,met1,131.7900,133.2800,1.269e-05
met1,129.9500,68.0000,met1,134.0900,68.0000,1.946e-06
met1,129.9500,116.9600,met1,132.4800,116.9600,1.318e-06
met1,130.6400,46.2400,met1,133.8600,46.2400,5.586e-07
met1,130.6400,73.4400,met1,134.0900,73.4400,5.809e-06
met1,130.6400,95.2000,met1,133.4000,95.2000,5.509e-06
met1,130.6400,138.7200,met1,132.4800,138.7200,9.534e-06
met1,130.8700,13.6000,met1,134.7800,13.6000,1.121e-05
met1,130.8700,19.0400,met1,132.7100,19.0400,4.306e-06
met1,130.8700,78.8800,met1,133.4000,78.8800,2.455e-06
met1,130.8700,89.7600,met1,133.6300,89.7600,2.169e-05
met1,130.8700,100.6400,met1,133.6300,100.6400,9.609e-06
met1,130.8700,122.4000,met1,133.4000,122.4000,8.239e-06
met1,131.1000,8.1600,met1,134.3200,8.1600,4.994e-06
met1,131.1000,57.1200,met1,133.8600,57.1200,1.252e-05
met1,131.3300,29.9200,met1,135.2400,29.9200,6.133e-06
met1,131.3300,106.0800,met1,134.3200,106.0800,6.925e-06
met1,131.7900,84.3200,met1,134.5500,84.3200,6.515e-06
met1,131.7900,133.2800,met1,134.0900,133.2800,1.285e-05
met1,132.0200,51.6800,met1,134.3200,51.6800,1.706e-06
met1,132.0200,111.5200,met1,134.7800,111.5200,3.789e-06
met1,132.0200,127.8400,met1,134.0900,127.8400,2.425e-05
met1,132.2500,40.8000,met1,134.0900,40.8000,6.198e-06
met1,132.4800,24.4800,met1,135.4700,24.4800,5.639e-06
met1,132.4800,62.5600,met1,134.3200,62.5600,1.573e-05
met1,132.4800,116.9600,met1,134.7800,116.9600,6.651e-06
met1,132.4800,138.7200,met1,134.5500,138.7200,9.534e-06
met1,132.4800,144.1600,met1,134.3200,144.1600,1.932e-06
met1,132.7100,19.0400,met1,136.1600,19.0400,4.778e-06
met1,133.1700,35.3600,met1,135.9300,35.3600,2.984e-05
met1,133.4000,78.8800,met1,136.1600,78.8800,8.034e-06
met1,133.4000,95.2000,met1,135.4700,95.2000,5.509e-06
met1,133.4000,122.4000,met1,135.9300,122.4000,8.239e-06
met1,133.6300,89.7600,met1,138.0000,89.7600,2.172e-05
met1,133.6300,100.6400,met1,135.4700,100.6400,9.629e-06
met1,133.8600,46.2400,met1,137.3100,46.2400,5.971e-06
met1,133.8600,57.1200,met1,135.7000,57.1200,1.252e-05
met1,134.0900,40.8000,met1,136.1600,40.8000,6.198e-06
met1,134.0900,68.0000,met1,137.0800,68.0000,7.276e-06
met1,134.0900,73.4400,met1,136.8500,73.4400,5.828e-06
met1,134.0900,127.8400,met1,135.9300,127.8400,2.441e-05
met1,134.0900,133.2800,met1,136.3900,133.2800,1.293e-05
met1,134.3200,8.1600,met1,136.3900,8.1600,4.994e-06
met1,134.3200,51.6800,met1,137.7700,51.6800,1.749e-06
met1,134.3200,62.5600,met1,137.0800,62.5600,2.102e-05
met1,134.3200,106.0800,met1,136.3900,106.0800,6.925e-06
met1,134.3200,144.1600,met1,137.5400,144.1600,1.152e-05
met1,134.5500,84.3200,met1,138.4600,84.3200,6.677e-06
met1,134.5500,138.7200,met1,136.3900,138.7200,1.124e-05
met1,134.7800,13.6000,met1,137.0800,13.6000,1.151e-05
met1,134.7800,111.5200,met1,138.2300,111.5200,3.789e-06
met1,134.7800,116.9600,met1,138.6900,116.9600,7.338e-06
met1,135.2400,29.9200,met1,137.3100,29.9200,6.413e-06
met1,135.4700,24.4800,met1,138.0000,24.4800,5.682e-06
met1,135.4700,95.2000,met1,137.7700,95.2000,6.015e-06
met1,135.4700,100.6400,met1,139.8400,100.6400,1.101e-05
met1,135.7000,57.1200,met1,137.7700,57.1200,1.385e-05
met1,135.9300,35.3600,met1,139.8400,35.3600,2.987e-05
met1,135.9300,122.4000,met1,138.0000,122.4000,8.751e-06
met1,135.9300,127.8400,met1,139.3800,127.8400,2.441e-05
met1,136.1600,19.0400,met1,138.9200,19.0400,4.778e-06
met1,136.1600,40.8000,met1,138.4600,40.8000,6.444e-06
met1,136.1600,78.8800,met1,138.9200,78.8800,8.034e-06
met1,136.3900,8.1600,met1,139.1500,8.1600,1.015e-05
met1,136.3900,106.0800,met1,138.6900,106.0800,6.925e-06
met1,136.3900,133.2800,met1,139.8400,133.2800,1.785e-05
met1,136.3900,138.7200,met1,138.9200,138.7200,1.361e-05
met1,136.8500,73.4400,met1,139.8400,73.4400,7.029e-06
met1,137.0800,13.6000,met1,139.8400,13.6000,1.155e-05
met1,137.0800,62.5600,met1,139.8400,62.5600,2.191e-05
met1,137.0800,68.0000,met1,139.8400,68.0000,7.276e-06
met1,137.3100,29.9200,met1,139.8400,29.9200,6.454e-06
met1,137.3100,46.2400,met1,139.3800,46.2400,6.133e-06
met1,137.5400,144.1600,met1,139.8400,144.1600,1.152e-05
met1,137.7700,51.6800,met1,139.8400,51.6800,2.358e-06
met1,137.7700,57.1200,met1,139.8400,57.1200,1.402e-05
met1,137.7700,95.2000,met1,139.8400,95.2000,6.483e-06
met1,138.0000,24.4800,met1,139.8400,24.4800,5.682e-06
met1,138.0000,89.7600,met1,139.8400,89.7600,2.322e-05
met1,138.0000,122.4000,met1,139.8400,122.4000,8.751e-06
met1,138.2300,111.5200,met1,141.2200,111.5200,3.546e-07
met1,138.2300,111.5200,met2,139.8400,111.5200,4.638e-06
met1,138.4600,40.8000,met1,141.2200,40.8000,4.890e-06
met1,138.4600,40.8000,met2,139.8400,40.8000,1.138e-05
met1,138.4600,84.3200,met1,141.2200,84.3200,5.591e-06
met1,138.4600,84.3200,met2,139.8400,84.3200,1.227e-05
met1,138.6900,106.0800,met1,141.2200,106.0800,5.907e-06
met1,138.6900,106.0800,met2,139.8400,106.0800,1.331e-05
met1,138.6900,116.9600,met1,141.2200,116.9600,5.480e-06
met1,138.6900,116.9600,met2,139.8400,116.9600,1.331e-05
met1,138.9200,19.0400,met1,141.4500,19.0400,5.587e-06
met1,138.9200,19.0400,met2,139.8400,19.0400,1.065e-05
met1,138.9200,78.8800,met1,141.6800,78.8800,2.265e-06
met1,138.9200,78.8800,met2,139.8400,78.8800,1.087e-05
met1,138.9200,138.7200,met1,141.2200,138.7200,1.228e-12
met1,138.9200,138.7200,met2,139.8400,138.7200,1.361e-05
met1,139.1500,8.1600,met1,141.6800,8.1600,3.775e-07
met1,139.1500,8.1600,met2,139.8400,8.1600,1.088e-05
met1,139.3800,46.2400,met1,141.4500,46.2400,9.979e-07
met1,139.3800,46.2400,met2,139.8400,46.2400,7.131e-06
met1,139.3800,127.8400,met1,141.6800,127.8400,3.668e-13
met1,139.3800,127.8400,met2,139.8400,127.8400,3.019e-05
met1,139.8400,13.6000,met1,142.3700,13.6000,5.062e-06
met1,139.8400,13.6000,met2,139.8400,13.6000,1.687e-05
met1,139.8400,24.4800,met1,142.3700,24.4800,1.789e-07
met1,139.8400,24.4800,met2,139.8400,24.4800,6.950e-06
met1,139.8400,29.9200,met1,142.3700,29.9200,5.118e-06
met1,139.8400,29.9200,met2,139.8400,29.9200,1.186e-05
met1,139.8400,35.3600,met1,141.6800,35.3600,1.596e-07
met1,139.8400,35.3600,met2,139.8400,35.3600,3.026e-05
met1,139.8400,51.6800,met1,142.3700,51.6800,3.998e-07
met1,139.8400,51.6800,met2,139.8400,51.6800,2.916e-06
met1,139.8400,57.1200,met1,141.9100,57.1200,2.401e-07
met1,139.8400,57.1200,met2,139.8400,57.1200,1.921e-05
met1,139.8400,62.5600,met1,142.3700,62.5600,5.252e-07
met1,139.8400,62.5600,met2,139.8400,62.5600,2.259e-05
met1,139.8400,68.0000,met1,142.3700,68.0000,1.700e-07
met1,139.8400,68.0000,met2,139.8400,68.0000,8.540e-06
met1,139.8400,73.4400,met1,142.3700,73.4400,5.517e-06
met1,139.8400,73.4400,met2,139.8400,73.4400,1.255e-05
met1,139.8400,89.7600,met1,142.3700,89.7600,3.518e-07
met1,139.8400,89.7600,met2,139.8400,89.7600,2.902e-05
met1,139.8400,95.2000,met1,142.3700,95.2000,3.968e-07
met1,139.8400,95.2000,met2,139.8400,95.2000,7.037e-06
met1,139.8400,100.6400,met1,141.9100,100.6400,2.541e-07
met1,139.8400,100.6400,met2,139.8400,100.6400,1.646e-05
met1,139.8400,122.4000,met1,141.9100,122.4000,5.406e-06
met1,139.8400,122.4000,met2,139.8400,122.4000,1.416e-05
met1,139.8400,133.2800,met1,141.9100,133.2800,3.267e-13
met1,139.8400,133.2800,met2,139.8400,133.2800,1.793e-05
met1,139.8400,144.1600,met1,141.6800,144.1600,2.725e-13
met1,139.8400,144.1600,met2,139.8400,144.1600,1.152e-05
met1,141.2200,40.8000,met1,144.4400,40.8000,5.848e-13
met1,141.2200,84.3200,met1,143.7500,84.3200,2.479e-07
met1,141.2200,106.0800,met1,143.7500,106.0800,3.226e-07
met1,141.2200,111.5200,met1,143.7500,111.5200,3.546e-07
met1,141.2200,116.9600,met1,144.4400,116.9600,1.223e-12
met1,141.2200,138.7200,met1,143.5200,138.7200,6.616e-14
met1,141.4500,19.0400,met1,144.4400,19.0400,1.774e-14
met1,141.4500,46.2400,met1,143.7500,46.2400,5.591e-07
met1,141.6800,8.1600,met1,144.4400,8.1600,3.775e-07
met1,141.6800,35.3600,met1,144.2100,35.3600,1.596e-07
met1,141.6800,78.8800,met1,143.7500,78.8800,1.480e-06
met1,141.6800,127.8400,met1,144.4400,127.8400,2.194e-13
met1,141.6800,144.1600,met1,144.4400,144.1600,1.517e-13
met1,141.9100,57.1200,met1,143.7500,57.1200,2.401e-07
met1,141.9100,100.6400,met1,143.7500,100.6400,2.541e-07
met1,141.9100,122.4000,met1,144.4400,122.4000,1.075e-12
met1,141.9100,133.2800,met1,144.4400,133.2800,7.612e-14
met1,142.3700,13.6000,met1,144.6700,13.6000,1.620e-07
met1,142.3700,24.4800,met1,144.4400,24.4800,1.659e-07
met1,142.3700,29.9200,met1,144.2100,29.9200,1.613e-07
met1,142.3700,51.6800,met1,145.3600,51.6800,1.487e-12
met1,142.3700,62.5600,met1,145.1300,62.5600,1.290e-07
met1,142.3700,68.0000,met1,144.9000,68.0000,6.821e-13
met1,142.3700,73.4400,met1,145.1300,73.4400,1.100e-07
met1,142.3700,89.7600,met1,145.1300,89.7600,2.295e-07
met1,142.3700,95.2000,met1,145.1300,95.2000,1.924e-07
met1,143.5200,138.7200,met1,146.2800,138.7200,5.310e-13
met1,143.7500,46.2400,met1,146.2800,46.2400,7.003e-13
met1,143.7500,57.1200,met1,146.0500,57.1200,1.093e-07
met1,143.7500,78.8800,met1,146.2800,78.8800,1.187e-06
met1,143.7500,84.3200,met1,146.2800,84.3200,3.312e-13
met1,143.7500,100.6400,met1,146.0500,100.6400,1.053e-07
met1,143.7500,106.0800,met1,146.2800,106.0800,6.739e-14
met1,143.7500,111.5200,met1,146.7400,111.5200,2.693e-12
met1,144.2100,29.9200,met1,146.9700,29.9200,5.468e-14
met1,144.2100,35.3600,met1,146.9700,35.3600,5.468e-14
met1,144.4400,8.1600,met1,146.7400,8.1600,5.908e-13
met1,144.4400,19.0400,met1,146.7400,19.0400,1.359e-13
met1,144.4400,24.4800,met1,146.2800,24.4800,1.850e-13
met1,144.4400,40.8000,met1,146.7400,40.8000,4.096e-13
met1,144.4400,116.9600,met1,146.7400,116.9600,1.092e-12
met1,144.4400,122.4000,met1,146.7400,122.4000,9.095e-13
met1,144.4400,127.8400,met1,146.2800,127.8400,1.846e-13
met1,144.4400,133.2800,met1,146.2800,133.2800,1.846e-13
met1,144.4400,144.1600,met1,146.7400,144.1600,1.815e-13
met1,144.9000,68.0000,met1,146.7400,68.0000,1.846e-13
met1,145.1300,62.5600,met1,146.9700,62.5600,3.297e-12
met1,145.1300,73.4400,met1,146.9700,73.4400,1.364e-12
met1,145.1300,89.7600,met1,146.9700,89.7600,1.846e-13
met1,145.1300,95.2000,met1,146.9700,95.2000,1.846e-13
met2,31.2800,8.1600,met3,31.2800,8.1600,1.788e-05
met2,31.2800,13.6000,met3,31.2800,13.6000,3.353e-05
met2,31.2800,19.0400,met3,31.2800,19.0400,1.429e-05
met2,31.2800,24.4800,met3,31.2800,24.4800,3.930e-05
met2,31.2800,29.9200,met3,31.2800,29.9200,3.829e-05
met2,31.2800,35.3600,met3,31.2800,35.3600,2.232e-05
met2,31.2800,40.8000,met3,31.2800,40.8000,1.654e-05
met2,31.2800,46.2400,met3,31.2800,46.2400,3.218e-05
met2,31.2800,51.6800,met3,31.2800,51.6800,4.167e-05
met2,31.2800,57.1200,met3,31.2800,57.1200,1.762e-05
met2,31.2800,62.5600,met3,31.2800,62.5600,3.303e-05
met2,31.2800,68.0000,met3,31.2800,68.0000,3.585e-05
met2,31.2800,73.4400,met3,31.2800,73.4400,2.402e-05
met2,31.2800,78.8800,met3,31.2800,78.8800,3.660e-05
met2,31.2800,84.3200,met3,31.2800,84.3200,2.380e-05
met2,31.2800,89.7600,met3,31.2800,89.7600,3.884e-05
met2,31.2800,95.2000,met3,31.2800,95.2000,4.009e-05
met2,31.2800,100.6400,met3,31.2800,100.6400,2.357e-05
met2,31.2800,106.0800,met3,31.2800,106.0800,3.073e-05
met2,31.2800,111.5200,met3,31.2800,111.5200,2.537e-05
met2,31.2800,116.9600,met3,31.2800,116.9600,2.658e-05
met2,31.2800,122.4000,met3,31.2800,122.4000,3.851e-05
met2,31.2800,127.8400,met3,31.2800,127.8400,5.410e-05
met2,31.2800,133.2800,met3,31.2800,133.2800,5.033e-05
met2,31.2800,138.7200,met3,31.2800,138.7200,3.591e-05
met2,31.2800,144.1600,met3,31.2800,144.1600,2.423e-05
met2,58.4200,8.1600,met3,58.4200,8.1600,1.120e-05
met2,58.4200,13.6000,met3,58.4200,13.6000,1.568e-05
met2,58.4200,19.0400,met3,58.4200,19.0400,1.344e-05
met2,58.4200,24.4800,met3,58.4200,24.4800,1.699e-05
met2,58.4200,29.9200,met3,58.4200,29.9200,3.415e-05
met2,58.4200,35.3600,met3,58.4200,35.3600,1.535e-05
met2,58.4200,40.8000,met3,58.4200,40.8000,1.330e-05
met2,58.4200,46.2400,met3,58.4200,46.2400,2.202e-05
met2,58.4200,51.6800,met3,58.4200,51.6800,2.721e-05
met2,58.4200,57.1200,met3,58.4200,57.1200,2.229e-05
met2,58.4200,62.5600,met3,58.4200,62.5600,3.195e-05
met2,58.4200,68.0000,met3,58.4200,68.0000,1.235e-05
met2,58.4200,73.4400,met3,58.4200,73.4400,2.133e-05
met2,58.4200,78.8800,met3,58.4200,78.8800,2.893e-05
met2,58.4200,84.3200,met3,58.4200,84.3200,6.307e-06
met2,58.4200,89.7600,met3,58.4200,89.7600,2.706e-05
met2,58.4200,95.2000,met3,58.4200,95.2000,1.889e-05
met2,58.4200,100.6400,met3,58.4200,100.6400,1.529e-05
met2,58.4200,106.0800,met3,58.4200,106.0800,3.294e-05
met2,58.4200,111.5200,met3,58.4200,111.5200,1.612e-05
met2,58.4200,116.9600,met3,58.4200,116.9600,2.008e-05
met2,58.4200,122.4000,met3,58.4200,122.4000,4.629e-05
met2,58.4200,127.8400,met3,58.4200,127.8400,2.341e-05
met2,58.4200,133.2800,met3,58.4200,133.2800,4.084e-05
met2,58.4200,138.7200,met3,58.4200,138.7200,3.113e-05
met2,58.4200,144.1600,met3,58.4200,144.1600,3.045e-05
met2,85.5600,8.1600,met3,85.5600,8.1600,9.859e-06
met2,85.5600,13.6000,met3,85.5600,13.6000,1.263e-05
met2,85.5600,19.0400,met3,85.5600,19.0400,1.899e-05
met2,85.5600,24.4800,met3,85.5600,24.4800,1.768e-05
met2,85.5600,29.9200,met3,85.5600,29.9200,2.797e-05
met2,85.5600,35.3600,met3,85.5600,35.3600,1.122e-05
met2,85.5600,40.8000,met3,85.5600,40.8000,1.153e-05
met2,85.5600,46.2400,met3,85.5600,46.2400,1.456e-05
met2,85.5600,51.6800,met3,85.5600,51.6800,1.643e-05
met2,85.5600,57.1200,met3,85.5600,57.1200,2.443e-05
met2,85.5600,62.5600,met3,85.5600,62.5600,2.574e-05
met2,85.5600,68.0000,met3,85.5600,68.0000,1.543e-05
met2,85.5600,73.4400,met3,85.5600,73.4400,3.389e-05
met2,85.5600,78.8800,met3,85.5600,78.8800,1.668e-05
met2,85.5600,84.3200,met3,85.5600,84.3200,5.287e-06
met2,85.5600,89.7600,met3,85.5600,89.7600,2.643e-05
met2,85.5600,95.2000,met3,85.5600,95.2000,1.981e-05
met2,85.5600,100.6400,met3,85.5600,100.6400,1.440e-05
met2,85.5600,106.0800,met3,85.5600,106.0800,2.536e-05
met2,85.5600,111.5200,met3,85.5600,111.5200,1.174e-05
met2,85.5600,116.9600,met3,85.5600,116.9600,1.944e-05
met2,85.5600,122.4000,met3,85.5600,122.4000,4.375e-05
met2,85.5600,127.8400,met3,85.5600,127.8400,2.887e-05
met2,85.5600,133.2800,met3,85.5600,133.2800,2.796e-05
met2,85.5600,138.7200,met3,85.5600,138.7200,3.779e-05
met2,85.5600,144.1600,met3,85.5600,144.1600,2.994e-05
met2,112.7000,8.1600,met3,112.7000,8.1600,1.207e-05
met2,112.7000,13.6000,met3,112.7000,13.6000,1.552e-05
met2,112.7000,19.0400,met3,112.7000,19.0400,2.203e-05
met2,112.7000,24.4800,met3,112.7000,24.4800,1.348e-05
met2,112.7000,29.9200,met3,112.7000,29.9200,1.704e-05
met2,112.7000,35.3600,met3,112.7000,35.3600,1.766e-05
met2,112.7000,40.8000,met3,112.7000,40.8000,1.192e-05
met2,112.7000,46.2400,met3,112.7000,46.2400,1.212e-05
met2,112.7000,51.6800,met3,112.7000,51.6800,8.185e-06
met2,112.7000,57.1200,met3,112.7000,57.1200,1.974e-05
met2,112.7000,62.5600,met3,112.7000,62.5600,3.918e-05
met2,112.7000,68.0000,met3,112.7000,68.0000,1.486e-05
met2,112.7000,73.4400,met3,112.7000,73.4400,2.627e-05
met2,112.7000,78.8800,met3,112.7000,78.8800,1.169e-05
met2,112.7000,84.3200,met3,112.7000,84.3200,1.252e-05
met2,112.7000,89.7600,met3,112.7000,89.7600,3.950e-05
met2,112.7000,95.2000,met3,112.7000,95.2000,1.115e-05
met2,112.7000,100.6400,met3,112.7000,100.6400,1.851e-05
met2,112.7000,106.0800,met3,112.7000,106.0800,1.743e-05
met2,112.7000,111.5200,met3,112.7000,111.5200,9.222e-06
met2,112.7000,116.9600,met3,112.7000,116.9600,1.412e-05
met2,112.7000,122.4000,met3,112.7000,122.4000,1.978e-05
met2,112.7000,127.8400,met3,112.7000,127.8400,4.111e-05
met2,112.7000,133.2800,met3,112.7000,133.2800,2.940e-05
met2,112.7000,138.7200,met3,112.7000,138.7200,2.039e-05
met2,112.7000,144.1600,met3,112.7000,144.1600,2.297e-05
met2,139.8400,8.1600,met3,139.8400,8.1600,1.088e-05
met2,139.8400,13.6000,met3,139.8400,13.6000,1.687e-05
met2,139.8400,19.0400,met3,139.8400,19.0400,1.065e-05
met2,139.8400,24.4800,met3,139.8400,24.4800,6.950e-06
met2,139.8400,29.9200,met3,139.8400,29.9200,1.186e-05
met2,139.8400,35.3600,met3,139.8400,35.3600,3.026e-05
met2,139.8400,40.8000,met3,139.8400,40.8000,1.138e-05
met2,139.8400,46.2400,met3,139.8400,46.2400,7.131e-06
met2,139.8400,51.6800,met3,139.8400,51.6800,2.916e-06
met2,139.8400,57.1200,met3,139.8400,57.1200,1.921e-05
met2,139.8400,62.5600,met3,139.8400,62.5600,2.259e-05
met2,139.8400,68.0000,met3,139.8400,68.0000,8.540e-06
met2,139.8400,73.4400,met3,139.8400,73.4400,1.255e-05
met2,139.8400,78.8800,met3,139.8400,78.8800,1.087e-05
met2,139.8400,84.3200,met3,139.8400,84.3200,1.227e-05
met2,139.8400,89.7600,met3,139.8400,89.7600,2.902e-05
met2,139.8400,95.2000,met3,139.8400,95.2000,7.037e-06
met2,139.8400,100.6400,met3,139.8400,100.6400,1.646e-05
met2,139.8400,106.0800,met3,139.8400,106.0800,1.331e-05
met2,139.8400,111.5200,met3,139.8400,111.5200,4.638e-06
met2,139.8400,116.9600,met3,139.8400,116.9600,1.331e-05
met2,139.8400,122.4000,met3,139.8400,122.4000,1.416e-05
met2,139.8400,127.8400,met3,139.8400,127.8400,3.019e-05
met2,139.8400,133.2800,met3,139.8400,133.2800,1.793e-05
met2,139.8400,138.7200,met3,139.8400,138.7200,1.361e-05
met2,139.8400,144.1600,met3,139.8400,144.1600,1.152e-05
met3,31.2800,8.1600,met4,31.2800,8.1600,1.788e-05
met3,31.2800,13.6000,met4,31.2800,13.6000,3.353e-05
met3,31.2800,19.0400,met4,31.2800,19.0400,1.429e-05
met3,31.2800,24.4800,met4,31.2800,24.4800,3.930e-05
met3,31.2800,29.9200,met4,31.2800,29.9200,3.829e-05
met3,31.2800,35.3600,met4,31.2800,35.3600,2.232e-05
met3,31.2800,40.8000,met4,31.2800,40.8000,1.654e-05
met3,31.2800,46.2400,met4,31.2800,46.2400,3.218e-05
met3,31.2800,51.6800,met4,31.2800,51.6800,4.167e-05
met3,31.2800,57.1200,met4,31.2800,57.1200,1.762e-05
met3,31.2800,62.5600,met4,31.2800,62.5600,3.303e-05
met3,31.2800,68.0000,met4,31.2800,68.0000,3.585e-05
met3,31.2800,73.4400,met4,31.2800,73.4400,2.402e-05
met3,31.2800,78.8800,met4,31.2800,78.8800,3.660e-05
met3,31.2800,84.3200,met4,31.2800,84.3200,2.380e-05
met3,31.2800,89.7600,met4,31.2800,89.7600,3.884e-05
met3,31.2800,95.2000,met4,31.2800,95.2000,4.009e-05
met3,31.2800,100.6400,met4,31.2800,100.6400,2.357e-05
met3,31.2800,106.0800,met4,31.2800,106.0800,3.073e-05
met3,31.2800,111.5200,met4,31.2800,111.5200,2.537e-05
met3,31.2800,116.9600,met4,31.2800,116.9600,2.658e-05
met3,31.2800,122.4000,met4,31.2800,122.4000,3.851e-05
met3,31.2800,127.8400,met4,31.2800,127.8400,5.410e-05
met3,31.2800,133.2800,met4,31.2800,133.2800,5.033e-05
met3,31.2800,138.7200,met4,31.2800,138.7200,3.591e-05
met3,31.2800,144.1600,met4,31.2800,144.1600,2.423e-05
met3,58.4200,8.1600,met4,58.4200,8.1600,1.120e-05
met3,58.4200,13.6000,met4,58.4200,13.6000,1.568e-05
met3,58.4200,19.0400,met4,58.4200,19.0400,1.344e-05
met3,58.4200,24.4800,met4,58.4200,24.4800,1.699e-05
met3,58.4200,29.9200,met4,58.4200,29.9200,3.415e-05
met3,58.4200,35.3600,met4,58.4200,35.3600,1.535e-05
met3,58.4200,40.8000,met4,58.4200,40.8000,1.330e-05
met3,58.4200,46.2400,met4,58.4200,46.2400,2.202e-05
met3,58.4200,51.6800,met4,58.4200,51.6800,2.721e-05
met3,58.4200,57.1200,met4,58.4200,57.1200,2.229e-05
met3,58.4200,62.5600,met4,58.4200,62.5600,3.195e-05
met3,58.4200,68.0000,met4,58.4200,68.0000,1.235e-05
met3,58.4200,73.4400,met4,58.4200,73.4400,2.133e-05
met3,58.4200,78.8800,met4,58.4200,78.8800,2.893e-05
met3,58.4200,84.3200,met4,58.4200,84.3200,6.307e-06
met3,58.4200,89.7600,met4,58.4200,89.7600,2.706e-05
met3,58.4200,95.2000,met4,58.4200,95.2000,1.889e-05
met3,58.4200,100.6400,met4,58.4200,100.6400,1.529e-05
met3,58.4200,106.0800,met4,58.4200,106.0800,3.294e-05
met3,58.4200,111.5200,met4,58.4200,111.5200,1.612e-05
met3,58.4200,116.9600,met4,58.4200,116.9600,2.008e-05
met3,58.4200,122.4000,met4,58.4200,122.4000,4.629e-05
met3,58.4200,127.8400,met4,58.4200,127.8400,2.341e-05
met3,58.4200,133.2800,met4,58.4200,133.2800,4.084e-05
met3,58.4200,138.7200,met4,58.4200,138.7200,3.113e-05
met3,58.4200,144.1600,met4,58.4200,144.1600,3.045e-05
met3,85.5600,8.1600,met4,85.5600,8.1600,9.859e-06
met3,85.5600,13.6000,met4,85.5600,13.6000,1.263e-05
met3,85.5600,19.0400,met4,85.5600,19.0400,1.899e-05
met3,85.5600,24.4800,met4,85.5600,24.4800,1.768e-05
met3,85.5600,29.9200,met4,85.5600,29.9200,2.797e-05
met3,85.5600,35.3600,met4,85.5600,35.3600,1.122e-05
met3,85.5600,40.8000,met4,85.5600,40.8000,1.153e-05
met3,85.5600,46.2400,met4,85.5600,46.2400,1.456e-05
met3,85.5600,51.6800,met4,85.5600,51.6800,1.643e-05
met3,85.5600,57.1200,met4,85.5600,57.1200,2.443e-05
met3,85.5600,62.5600,met4,85.5600,62.5600,2.574e-05
met3,85.5600,68.0000,met4,85.5600,68.0000,1.543e-05
met3,85.5600,73.4400,met4,85.5600,73.4400,3.389e-05
met3,85.5600,78.8800,met4,85.5600,78.8800,1.668e-05
met3,85.5600,84.3200,met4,85.5600,84.3200,5.287e-06
met3,85.5600,89.7600,met4,85.5600,89.7600,2.643e-05
met3,85.5600,95.2000,met4,85.5600,95.2000,1.981e-05
met3,85.5600,100.6400,met4,85.5600,100.6400,1.440e-05
met3,85.5600,106.0800,met4,85.5600,106.0800,2.536e-05
met3,85.5600,111.5200,met4,85.5600,111.5200,1.174e-05
met3,85.5600,116.9600,met4,85.5600,116.9600,1.944e-05
met3,85.5600,122.4000,met4,85.5600,122.4000,4.375e-05
met3,85.5600,127.8400,met4,85.5600,127.8400,2.887e-05
met3,85.5600,133.2800,met4,85.5600,133.2800,2.796e-05
met3,85.5600,138.7200,met4,85.5600,138.7200,3.779e-05
met3,85.5600,144.1600,met4,85.5600,144.1600,2.994e-05
met3,112.7000,8.1600,met4,112.7000,8.1600,1.207e-05
met3,112.7000,13.6000,met4,112.7000,13.6000,1.552e-05
met3,112.7000,19.0400,met4,112.7000,19.0400,2.203e-05
met3,112.7000,24.4800,met4,112.7000,24.4800,1.348e-05
met3,112.7000,29.9200,met4,112.7000,29.9200,1.704e-05
met3,112.7000,35.3600,met4,112.7000,35.3600,1.766e-05
met3,112.7000,40.8000,met4,112.7000,40.8000,1.192e-05
met3,112.7000,46.2400,met4,112.7000,46.2400,1.212e-05
met3,112.7000,51.6800,met4,112.7000,51.6800,8.185e-06
met3,112.7000,57.1200,met4,112.7000,57.1200,1.974e-05
met3,112.7000,62.5600,met4,112.7000,62.5600,3.918e-05
met3,112.7000,68.0000,met4,112.7000,68.0000,1.486e-05
met3,112.7000,73.4400,met4,112.7000,73.4400,2.627e-05
met3,112.7000,78.8800,met4,112.7000,78.8800,1.169e-05
met3,112.7000,84.3200,met4,112.7000,84.3200,1.252e-05
met3,112.7000,89.7600,met4,112.7000,89.7600,3.950e-05
met3,112.7000,95.2000,met4,112.7000,95.2000,1.115e-05
met3,112.7000,100.6400,met4,112.7000,100.6400,1.851e-05
met3,112.7000,106.0800,met4,112.7000,106.0800,1.743e-05
met3,112.7000,111.5200,met4,112.7000,111.5200,9.222e-06
met3,112.7000,116.9600,met4,112.7000,116.9600,1.412e-05
met3,112.7000,122.4000,met4,112.7000,122.4000,1.978e-05
met3,112.7000,127.8400,met4,112.7000,127.8400,4.111e-05
met3,112.7000,133.2800,met4,112.7000,133.2800,2.940e-05
met3,112.7000,138.7200,met4,112.7000,138.7200,2.039e-05
met3,112.7000,144.1600,met4,112.7000,144.1600,2.297e-05
met3,139.8400,8.1600,met4,139.8400,8.1600,1.088e-05
met3,139.8400,13.6000,met4,139.8400,13.6000,1.687e-05
met3,139.8400,19.0400,met4,139.8400,19.0400,1.065e-05
met3,139.8400,24.4800,met4,139.8400,24.4800,6.950e-06
met3,139.8400,29.9200,met4,139.8400,29.9200,1.186e-05
met3,139.8400,35.3600,met4,139.8400,35.3600,3.026e-05
met3,139.8400,40.8000,met4,139.8400,40.8000,1.138e-05
met3,139.8400,46.2400,met4,139.8400,46.2400,7.131e-06
met3,139.8400,51.6800,met4,139.8400,51.6800,2.916e-06
met3,139.8400,57.1200,met4,139.8400,57.1200,1.921e-05
met3,139.8400,62.5600,met4,139.8400,62.5600,2.259e-05
met3,139.8400,68.0000,met4,139.8400,68.0000,8.540e-06
met3,139.8400,73.4400,met4,139.8400,73.4400,1.255e-05
met3,139.8400,78.8800,met4,139.8400,78.8800,1.087e-05
met3,139.8400,84.3200,met4,139.8400,84.3200,1.227e-05
met3,139.8400,89.7600,met4,139.8400,89.7600,2.902e-05
met3,139.8400,95.2000,met4,139.8400,95.2000,7.037e-06
met3,139.8400,100.6400,met4,139.8400,100.6400,1.646e-05
met3,139.8400,106.0800,met4,139.8400,106.0800,1.331e-05
met3,139.8400,111.5200,met4,139.8400,111.5200,4.638e-06
met3,139.8400,116.9600,met4,139.8400,116.9600,1.331e-05
met3,139.8400,122.4000,met4,139.8400,122.4000,1.416e-05
met3,139.8400,127.8400,met4,139.8400,127.8400,3.019e-05
met3,139.8400,133.2800,met4,139.8400,133.2800,1.793e-05
met3,139.8400,138.7200,met4,139.8400,138.7200,1.361e-05
met3,139.8400,144.1600,met4,139.8400,144.1600,1.152e-05
met4,31.2800,8.1600,met4,31.2800,13.6000,1.788e-05
met4,31.2800,13.6000,met4,31.2800,19.0400,5.141e-05
met4,31.2800,19.0400,met4,31.2800,24.4800,6.570e-05
met4,31.2800,24.4800,met4,31.2800,29.9200,1.050e-04
met4,31.2800,29.9200,met4,31.2800,35.3600,4.868e-05
met4,31.2800,29.9200,met5,29.1400,32.6400,1.920e-04
met4,31.2800,35.3600,met4,31.2800,40.8000,2.636e-05
met4,31.2800,40.8000,met4,31.2800,46.2400,9.819e-06
met4,31.2800,46.2400,met4,31.2800,51.6800,2.236e-05
met4,31.2800,51.6800,met4,31.2800,57.1200,6.403e-05
met4,31.2800,57.1200,met4,31.2800,62.5600,6.494e-05
met4,31.2800,57.1200,met5,29.1400,59.8400,1.466e-04
met4,31.2800,62.5600,met4,31.2800,68.0000,3.191e-05
met4,31.2800,68.0000,met4,31.2800,73.4400,3.933e-06
met4,31.2800,73.4400,met4,31.2800,78.8800,2.795e-05
met4,31.2800,78.8800,met4,31.2800,84.3200,6.455e-05
met4,31.2800,84.3200,met4,31.2800,89.7600,7.074e-05
met4,31.2800,84.3200,met5,29.1400,87.0400,1.591e-04
met4,31.2800,89.7600,met4,31.2800,95.2000,3.189e-05
met4,31.2800,95.2000,met4,31.2800,100.6400,8.201e-06
met4,31.2800,100.6400,met4,31.2800,106.0800,3.177e-05
met4,31.2800,106.0800,met4,31.2800,111.5200,6.250e-05
met4,31.2800,111.5200,met4,31.2800,116.9600,7.601e-05
met4,31.2800,111.5200,met5,29.1400,114.2400,1.639e-04
met4,31.2800,116.9600,met4,31.2800,122.4000,4.942e-05
met4,31.2800,122.4000,met4,31.2800,127.8400,1.092e-05
met4,31.2800,127.8400,met4,31.2800,133.2800,4.318e-05
met4,31.2800,133.2800,met4,31.2800,138.7200,9.351e-05
met4,31.2800,138.7200,met4,31.2800,144.1600,2.423e-05
met4,31.2800,138.7200,met5,29.1400,141.4400,1.537e-04
met4,58.4200,8.1600,met4,58.4200,13.6000,1.120e-05
met4,58.4200,13.6000,met4,58.4200,19.0400,2.688e-05
met4,58.4200,19.0400,met4,58.4200,24.4800,4.032e-05
met4,58.4200,24.4800,met4,58.4200,29.9200,5.731e-05
met4,58.4200,29.9200,met4,58.4200,35.3600,3.443e-05
met4,58.4200,29.9200,met5,58.4200,32.6400,1.259e-04
met4,58.4200,35.3600,met4,58.4200,40.8000,1.907e-05
met4,58.4200,40.8000,met4,58.4200,46.2400,5.773e-06
met4,58.4200,46.2400,met4,58.4200,51.6800,1.625e-05
met4,58.4200,51.6800,met4,58.4200,57.1200,4.346e-05
met4,58.4200,57.1200,met4,58.4200,62.5600,4.719e-05
met4,58.4200,57.1200,met5,58.4200,59.8400,1.129e-04
met4,58.4200,62.5600,met4,58.4200,68.0000,1.524e-05
met4,58.4200,68.0000,met4,58.4200,73.4400,2.896e-06
met4,58.4200,73.4400,met4,58.4200,78.8800,1.843e-05
met4,58.4200,78.8800,met4,58.4200,84.3200,4.736e-05
met4,58.4200,84.3200,met4,58.4200,89.7600,4.587e-05
met4,58.4200,84.3200,met5,58.4200,87.0400,9.953e-05
met4,58.4200,89.7600,met4,58.4200,95.2000,1.880e-05
met4,58.4200,95.2000,met4,58.4200,100.6400,8.710e-08
met4,58.4200,100.6400,met4,58.4200,106.0800,1.538e-05
met4,58.4200,106.0800,met4,58.4200,111.5200,4.832e-05
met4,58.4200,111.5200,met4,58.4200,116.9600,6.140e-05
met4,58.4200,111.5200,met5,58.4200,114.2400,1.258e-04
met4,58.4200,116.9600,met4,58.4200,122.4000,4.133e-05
met4,58.4200,122.4000,met4,58.4200,127.8400,4.963e-06
met4,58.4200,127.8400,met4,58.4200,133.2800,2.838e-05
met4,58.4200,133.2800,met4,58.4200,138.7200,6.922e-05
met4,58.4200,138.7200,met4,58.4200,144.1600,3.045e-05
met4,58.4200,138.7200,met5,58.4200,141.4400,1.308e-04
met4,85.5600,8.1600,met4,85.5600,13.6000,9.859e-06
met4,85.5600,13.6000,met4,85.5600,19.0400,2.249e-05
met4,85.5600,19.0400,met4,85.5600,24.4800,4.148e-05
met4,85.5600,24.4800,met4,85.5600,29.9200,5.917e-05
met4,85.5600,29.9200,met4,85.5600,35.3600,2.492e-05
met4,85.5600,29.9200,met5,85.5600,32.6400,1.121e-04
met4,85.5600,35.3600,met4,85.5600,40.8000,1.370e-05
met4,85.5600,40.8000,met4,85.5600,46.2400,2.172e-06
met4,85.5600,46.2400,met4,85.5600,51.6800,1.238e-05
met4,85.5600,51.6800,met4,85.5600,57.1200,2.882e-05
met4,85.5600,57.1200,met4,85.5600,62.5600,4.670e-05
met4,85.5600,57.1200,met5,85.5600,59.8400,9.994e-05
met4,85.5600,62.5600,met4,85.5600,68.0000,2.096e-05
met4,85.5600,68.0000,met4,85.5600,73.4400,5.534e-06
met4,85.5600,73.4400,met4,85.5600,78.8800,2.835e-05
met4,85.5600,78.8800,met4,85.5600,84.3200,4.504e-05
met4,85.5600,84.3200,met4,85.5600,89.7600,4.399e-05
met4,85.5600,84.3200,met5,85.5600,87.0400,9.431e-05
met4,85.5600,89.7600,met4,85.5600,95.2000,1.756e-05
met4,85.5600,95.2000,met4,85.5600,100.6400,2.252e-06
met4,85.5600,100.6400,met4,85.5600,106.0800,1.665e-05
met4,85.5600,106.0800,met4,85.5600,111.5200,4.202e-05
met4,85.5600,111.5200,met4,85.5600,116.9600,5.905e-05
met4,85.5600,111.5200,met5,85.5600,114.2400,1.128e-04
met4,85.5600,116.9600,met4,85.5600,122.4000,3.960e-05
met4,85.5600,122.4000,met4,85.5600,127.8400,4.142e-06
met4,85.5600,127.8400,met4,85.5600,133.2800,3.301e-05
met4,85.5600,133.2800,met4,85.5600,138.7200,6.096e-05
met4,85.5600,138.7200,met4,85.5600,144.1600,2.994e-05
met4,85.5600,138.7200,met5,85.5600,141.4400,1.287e-04
met4,112.7000,8.1600,met4,112.7000,13.6000,1.207e-05
met4,112.7000,13.6000,met4,112.7000,19.0400,2.760e-05
met4,112.7000,19.0400,met4,112.7000,24.4800,4.963e-05
met4,112.7000,24.4800,met4,112.7000,29.9200,6.310e-05
met4,112.7000,29.9200,met4,112.7000,35.3600,2.768e-05
met4,112.7000,29.9200,met5,109.1400,32.6400,1.078e-04
met4,112.7000,35.3600,met4,112.7000,40.8000,1.002e-05
met4,112.7000,40.8000,met4,112.7000,46.2400,1.900e-06
met4,112.7000,46.2400,met4,112.7000,51.6800,1.402e-05
met4,112.7000,51.6800,met4,112.7000,57.1200,2.221e-05
met4,112.7000,57.1200,met4,112.7000,62.5600,5.314e-05
met4,112.7000,57.1200,met5,109.1400,59.8400,9.509e-05
met4,112.7000,62.5600,met4,112.7000,68.0000,1.396e-05
met4,112.7000,68.0000,met4,112.7000,73.4400,8.988e-07
met4,112.7000,73.4400,met4,112.7000,78.8800,2.717e-05
met4,112.7000,78.8800,met4,112.7000,84.3200,3.885e-05
met4,112.7000,84.3200,met4,112.7000,89.7600,4.913e-05
met4,112.7000,84.3200,met5,109.1400,87.0400,1.005e-04
met4,112.7000,89.7600,met4,112.7000,95.2000,9.623e-06
met4,112.7000,95.2000,met4,112.7000,100.6400,1.526e-06
met4,112.7000,100.6400,met4,112.7000,106.0800,2.004e-05
met4,112.7000,106.0800,met4,112.7000,111.5200,3.746e-05
met4,112.7000,111.5200,met4,112.7000,116.9600,4.556e-05
met4,112.7000,111.5200,met5,109.1400,114.2400,9.224e-05
met4,112.7000,116.9600,met4,112.7000,122.4000,3.143e-05
met4,112.7000,122.4000,met4,112.7000,127.8400,1.165e-05
met4,112.7000,127.8400,met4,112.7000,133.2800,2.945e-05
met4,112.7000,133.2800,met4,112.7000,138.7200,5.885e-05
met4,112.7000,138.7200,met4,112.7000,144.1600,2.297e-05
met4,112.7000,138.7200,met5,109.1400,141.4400,1.022e-04
met4,139.8400,8.1600,met4,139.8400,13.6000,1.088e-05
met4,139.8400,13.6000,met4,139.8400,19.0400,2.775e-05
met4,139.8400,19.0400,met4,139.8400,24.4800,3.840e-05
met4,139.8400,24.4800,met4,139.8400,29.9200,4.535e-05
met4,139.8400,29.9200,met4,139.8400,35.3600,3.431e-05
met4,139.8400,29.9200,met5,139.1400,32.6400,9.152e-05
met4,139.8400,35.3600,met4,139.8400,40.8000,4.043e-06
met4,139.8400,40.8000,met4,139.8400,46.2400,7.333e-06
met4,139.8400,46.2400,met4,139.8400,51.6800,1.446e-05
met4,139.8400,51.6800,met4,139.8400,57.1200,1.738e-05
met4,139.8400,57.1200,met4,139.8400,62.5600,3.043e-05
met4,139.8400,57.1200,met5,139.1400,59.8400,6.702e-05
met4,139.8400,62.5600,met4,139.8400,68.0000,7.841e-06
met4,139.8400,68.0000,met4,139.8400,73.4400,6.987e-07
met4,139.8400,73.4400,met4,139.8400,78.8800,1.325e-05
met4,139.8400,78.8800,met4,139.8400,84.3200,2.412e-05
met4,139.8400,84.3200,met4,139.8400,89.7600,3.665e-05
met4,139.8400,84.3200,met5,139.1400,87.0400,7.304e-05
met4,139.8400,89.7600,met4,139.8400,95.2000,7.634e-06
met4,139.8400,95.2000,met4,139.8400,100.6400,5.963e-07
met4,139.8400,100.6400,met4,139.8400,106.0800,1.586e-05
met4,139.8400,106.0800,met4,139.8400,111.5200,2.917e-05
met4,139.8400,111.5200,met4,139.8400,116.9600,3.479e-05
met4,139.8400,111.5200,met5,139.1400,114.2400,6.859e-05
met4,139.8400,116.9600,met4,139.8400,122.4000,2.148e-05
met4,139.8400,122.4000,met4,139.8400,127.8400,7.319e-06
met4,139.8400,127.8400,met4,139.8400,133.2800,2.287e-05
met4,139.8400,133.2800,met4,139.8400,138.7200,4.080e-05
met4,139.8400,138.7200,met4,139.8400,144.1600,1.152e-05
met4,139.8400,138.7200,met5,139.1400,141.4400,6.593e-05
met5,9.1400,32.6400,met5,19.1400,32.6400,2.782e-14
met5,9.1400,59.8400,met5,19.1400,59.8400,1.573e-14
met5,9.1400,87.0400,met5,19.1400,87.0400,1.210e-15
met5,9.1400,114.2400,met5,19.1400,114.2400,1.452e-14
met5,9.1400,141.4400,met5,19.1400,141.4400,1.331e-14
met5,19.1400,32.6400,met5,29.1400,32.6400,5.323e-14
met5,19.1400,59.8400,met5,29.1400,59.8400,8.468e-15
met5,19.1400,87.0400,met5,29.1400,87.0400,5.710e-13
met5,19.1400,114.2400,met5,29.1400,114.2400,1.694e-14
met5,19.1400,141.4400,met5,29.1400,141.4400,2.419e-15
met5,29.1400,32.6400,met5,39.1400,32.6400,2.540e-14
met5,29.1400,59.8400,met5,39.1400,59.8400,2.540e-14
met5,29.1400,87.0400,met5,39.1400,87.0400,5.698e-13
met5,29.1400,114.2400,met5,39.1400,114.2400,2.419e-15
met5,29.1400,141.4400,met5,39.1400,141.4400,1.089e-14
met5,39.1400,32.6400,met5,49.1400,32.6400,0.000e+00
met5,39.1400,59.8400,met5,49.1400,59.8400,0.000e+00
met5,39.1400,87.0400,met5,49.1400,87.0400,0.000e+00
met5,39.1400,114.2400,met5,49.1400,114.2400,0.000e+00
met5,39.1400,141.4400,met5,49.1400,141.4400,0.000e+00
met5,49.1400,32.6400,met5,58.4200,32.6400,2.086e-14
met5,49.1400,59.8400,met5,58.4200,59.8400,5.214e-15
met5,49.1400,87.0400,met5,58.4200,87.0400,9.907e-14
met5,49.1400,114.2400,met5,58.4200,114.2400,1.304e-15
met5,49.1400,141.4400,met5,58.4200,141.4400,1.564e-14
met5,58.4200,32.6400,met5,69.1400,32.6400,1.805e-14
met5,58.4200,59.8400,met5,69.1400,59.8400,4.514e-15
met5,58.4200,87.0400,met5,69.1400,87.0400,8.576e-14
met5,58.4200,114.2400,met5,69.1400,114.2400,1.128e-15
met5,58.4200,141.4400,met5,69.1400,141.4400,1.354e-14
met5,69.1400,32.6400,met5,75.6700,32.6400,0.000e+00
met5,69.1400,59.8400,met5,75.6700,59.8400,0.000e+00
met5,69.1400,87.0400,met5,75.6700,87.0400,0.000e+00
met5,69.1400,114.2400,met5,75.6700,114.2400,0.000e+00
met5,69.1400,141.4400,met5,75.6700,141.4400,0.000e+00
met5,75.6700,32.6400,met5,85.5600,32.6400,9.663e-14
met5,75.6700,59.8400,met5,85.5600,59.8400,4.171e-13
met5,75.6700,87.0400,met5,85.5600,87.0400,2.079e-14
met5,75.6700,114.2400,met5,85.5600,114.2400,7.339e-15
met5,75.6700,141.4400,met5,85.5600,141.4400,2.202e-14
met5,85.5600,32.6400,met5,99.1400,32.6400,7.037e-14
met5,85.5600,59.8400,met5,99.1400,59.8400,3.038e-13
met5,85.5600,87.0400,met5,99.1400,87.0400,1.514e-14
met5,85.5600,114.2400,met5,99.1400,114.2400,5.345e-15
met5,85.5600,141.4400,met5,99.1400,141.4400,1.603e-14
met5,99.1400,32.6400,met5,109.1400,32.6400,1.815e-14
met5,99.1400,59.8400,met5,109.1400,59.8400,1.452e-14
met5,99.1400,87.0400,met5,109.1400,87.0400,3.024e-14
met5,99.1400,114.2400,met5,109.1400,114.2400,2.419e-15
met5,99.1400,141.4400,met5,109.1400,141.4400,3.024e-14
met5,109.1400,32.6400,met5,119.1400,32.6400,1.815e-14
met5,109.1400,59.8400,met5,119.1400,59.8400,1.452e-14
met5,109.1400,87.0400,met5,119.1400,87.0400,3.024e-14
met5,109.1400,114.2400,met5,119.1400,114.2400,2.419e-15
met5,109.1400,141.4400,met5,119.1400,141.4400,3.024e-14
met5,119.1400,32.6400,met5,129.1400,32.6400,0.000e+00
met5,119.1400,59.8400,met5,129.1400,59.8400,0.000e+00
met5,119.1400,87.0400,met5,129.1400,87.0400,0.000e+00
met5,119.1400,114.2400,met5,129.1400,114.2400,0.000e+00
met5,119.1400,141.4400,met5,129.1400,141.4400,0.000e+00
met5,129.1400,32.6400,met5,139.1400,32.6400,1.452e-14
met5,129.1400,59.8400,met5,139.1400,59.8400,1.210e-14
met5,129.1400,87.0400,met5,139.1400,87.0400,0.000e+00
met5,129.1400,114.2400,met5,139.1400,114.2400,1.210e-15
met5,129.1400,141.4400,met5,139.1400,141.4400,3.629e-15
