Node0 Layer,Node0 X location,Node0 Y location,Node1 Layer,Node1 X location,Node1 Y location,Current
met1,4.3700,43.5200,met1,6.6700,43.5200,1.001e-12
met1,4.3700,70.7200,met1,6.6700,70.7200,1.296e-12
met1,4.3700,81.6000,met1,6.6700,81.6000,1.131e-13
met1,4.6000,21.7600,met1,6.9000,21.7600,3.119e-13
met1,4.6000,27.2000,met1,6.9000,27.2000,3.119e-13
met1,4.6000,38.0800,met1,8.7400,38.0800,1.013e-13
met1,4.6000,48.9600,met1,8.0500,48.9600,9.095e-13
met1,4.6000,54.4000,met1,7.1300,54.4000,1.344e-12
met1,4.6000,59.8400,met1,7.5900,59.8400,6.450e-13
met1,4.6000,65.2800,met1,8.5100,65.2800,2.314e-13
met1,4.6000,76.1600,met1,7.1300,76.1600,4.285e-08
met1,4.6000,87.0400,met1,7.1300,87.0400,2.496e-16
met1,4.6000,130.5600,met1,8.7400,130.5600,6.821e-13
met1,5.0600,92.4800,met1,7.1300,92.4800,7.577e-13
met1,5.0600,103.3600,met1,8.5100,103.3600,2.079e-13
met1,5.0600,108.8000,met1,8.7400,108.8000,1.494e-11
met1,5.0600,114.2400,met1,7.1300,114.2400,1.809e-13
met1,5.0600,119.6800,met1,7.1300,119.6800,1.440e-12
met1,5.0600,125.1200,met1,7.1300,125.1200,1.137e-12
met1,5.9800,5.4400,met1,8.7400,5.4400,5.468e-14
met1,5.9800,16.3200,met1,8.7400,16.3200,5.468e-14
met1,5.9800,32.6400,met1,8.2800,32.6400,8.181e-13
met1,5.9800,136.0000,met1,8.7400,136.0000,1.516e-12
met1,5.9800,141.4400,met1,9.6600,141.4400,9.231e-14
met1,5.9800,146.8800,met1,9.6600,146.8800,9.231e-14
met1,6.6700,43.5200,met1,10.5800,43.5200,9.636e-07
met1,6.6700,70.7200,met1,9.2000,70.7200,4.783e-07
met1,6.6700,81.6000,met1,8.7400,81.6000,4.757e-07
met1,6.9000,21.7600,met1,8.7400,21.7600,1.574e-07
met1,6.9000,27.2000,met1,8.9700,27.2000,1.363e-06
met1,7.1300,54.4000,met1,10.1200,54.4000,7.114e-06
met1,7.1300,76.1600,met1,9.6600,76.1600,8.374e-08
met1,7.1300,87.0400,met1,9.4300,87.0400,7.293e-06
met1,7.1300,92.4800,met1,9.6600,92.4800,4.404e-07
met1,7.1300,114.2400,met1,11.5000,114.2400,9.501e-06
met1,7.1300,119.6800,met1,8.9700,119.6800,2.392e-06
met1,7.1300,125.1200,met1,9.2000,125.1200,1.098e-06
met1,7.5900,59.8400,met1,9.6600,59.8400,4.700e-07
met1,8.0500,48.9600,met1,11.9600,48.9600,7.254e-06
met1,8.2800,32.6400,met1,12.4200,32.6400,6.636e-13
met1,8.5100,65.2800,met1,12.4200,65.2800,7.353e-06
met1,8.5100,103.3600,met1,11.5000,103.3600,1.005e-06
met1,8.7400,5.4400,met1,11.7300,5.4400,1.637e-07
met1,8.7400,10.8800,met1,15.4100,10.8800,1.064e-05
met1,8.7400,16.3200,met1,11.7300,16.3200,5.747e-06
met1,8.7400,21.7600,met1,10.5800,21.7600,1.574e-07
met1,8.7400,38.0800,met1,13.8000,38.0800,1.315e-05
met1,8.7400,81.6000,met1,13.3400,81.6000,7.474e-06
met1,8.7400,97.9200,met1,13.5700,97.9200,1.248e-05
met1,8.7400,108.8000,met1,11.9600,108.8000,6.537e-06
met1,8.7400,130.5600,met1,10.8100,130.5600,1.177e-05
met1,8.7400,136.0000,met1,10.5800,136.0000,1.393e-12
met1,8.9700,27.2000,met1,12.8800,27.2000,1.912e-05
met1,8.9700,119.6800,met1,11.7300,119.6800,1.401e-05
met1,9.2000,70.7200,met1,13.3400,70.7200,7.122e-06
met1,9.2000,125.1200,met1,12.1900,125.1200,3.584e-06
met1,9.4300,87.0400,met1,11.7300,87.0400,7.293e-06
met1,9.6600,59.8400,met1,11.9600,59.8400,7.028e-06
met1,9.6600,76.1600,met1,13.1100,76.1600,8.374e-08
met1,9.6600,92.4800,met1,11.9600,92.4800,9.492e-07
met1,9.6600,141.4400,met1,11.9600,141.4400,6.825e-13
met1,9.6600,146.8800,met1,13.3400,146.8800,2.970e-13
met1,10.1200,54.4000,met1,12.1900,54.4000,7.114e-06
met1,10.5800,21.7600,met1,14.4900,21.7600,8.086e-06
met1,10.5800,43.5200,met1,13.3400,43.5200,9.636e-07
met1,10.5800,136.0000,met1,12.6500,136.0000,1.478e-06
met1,10.8100,130.5600,met1,14.2600,130.5600,1.192e-05
met1,11.5000,103.3600,met1,15.6400,103.3600,1.005e-06
met1,11.5000,114.2400,met1,15.1800,114.2400,9.501e-06
met1,11.7300,5.4400,met1,14.9500,5.4400,3.240e-07
met1,11.7300,16.3200,met1,14.2600,16.3200,5.915e-06
met1,11.7300,87.0400,met1,13.5700,87.0400,7.758e-06
met1,11.7300,119.6800,met1,14.2600,119.6800,1.659e-05
met1,11.9600,48.9600,met1,15.8700,48.9600,7.254e-06
met1,11.9600,59.8400,met1,14.4900,59.8400,7.028e-06
met1,11.9600,92.4800,met1,13.8000,92.4800,9.492e-07
met1,11.9600,108.8000,met1,15.8700,108.8000,6.537e-06
met1,11.9600,141.4400,met1,14.0300,141.4400,1.556e-07
met1,12.1900,54.4000,met1,15.1800,54.4000,7.114e-06
met1,12.1900,125.1200,met1,14.4900,125.1200,7.404e-06
met1,12.4200,32.6400,met1,15.8700,32.6400,5.492e-06
met1,12.4200,65.2800,met1,14.7200,65.2800,7.353e-06
met1,12.6500,136.0000,met1,15.1800,136.0000,1.102e-05
met1,12.8800,27.2000,met1,14.7200,27.2000,1.928e-05
met1,13.1100,76.1600,met1,16.1000,76.1600,5.607e-07
met1,13.3400,43.5200,met1,17.4800,43.5200,8.249e-06
met1,13.3400,70.7200,met1,17.7100,70.7200,1.373e-05
met1,13.3400,81.6000,met1,17.7100,81.6000,1.445e-05
met1,13.3400,146.8800,met1,16.1000,146.8800,4.640e-13
met1,13.5700,87.0400,met1,15.6400,87.0400,7.758e-06
met1,13.5700,97.9200,met1,15.8700,97.9200,1.248e-05
met1,13.8000,38.0800,met1,16.1000,38.0800,1.315e-05
met1,13.8000,92.4800,met1,16.1000,92.4800,2.018e-05
met1,14.0300,141.4400,met1,16.5600,141.4400,1.556e-07
met1,14.2600,16.3200,met1,16.3300,16.3200,6.284e-06
met1,14.2600,119.6800,met1,16.5600,119.6800,1.659e-05
met1,14.2600,130.5600,met1,17.0200,130.5600,1.192e-05
met1,14.4900,21.7600,met1,17.2500,21.7600,8.519e-06
met1,14.4900,59.8400,met1,17.7100,59.8400,7.513e-06
met1,14.4900,125.1200,met1,16.5600,125.1200,9.542e-06
met1,14.7200,27.2000,met1,17.4800,27.2000,4.866e-05
met1,14.7200,65.2800,met1,17.0200,65.2800,7.353e-06
met1,14.9500,5.4400,met1,17.4800,5.4400,6.703e-07
met1,15.1800,54.4000,met1,17.0200,54.4000,7.114e-06
met1,15.1800,114.2400,met1,17.4800,114.2400,9.501e-06
met1,15.1800,136.0000,met1,17.2500,136.0000,1.102e-05
met1,15.4100,10.8800,met1,17.7100,10.8800,1.100e-05
met1,15.6400,87.0400,met1,17.7100,87.0400,8.222e-06
met1,15.6400,103.3600,met1,17.7100,103.3600,7.092e-06
met1,15.8700,32.6400,met1,17.7100,32.6400,5.814e-06
met1,15.8700,48.9600,met1,17.7100,48.9600,7.737e-06
met1,15.8700,97.9200,met1,17.7100,97.9200,1.295e-05
met1,15.8700,108.8000,met1,17.7100,108.8000,7.011e-06
met1,16.1000,38.0800,met1,18.1700,38.0800,7.657e-06
met1,16.1000,38.0800,met2,17.7100,38.0800,2.081e-05
met1,16.1000,76.1600,met1,18.1700,76.1600,4.061e-06
met1,16.1000,76.1600,met2,17.7100,76.1600,4.621e-06
met1,16.1000,92.4800,met1,18.1700,92.4800,9.780e-06
met1,16.1000,92.4800,met2,17.7100,92.4800,3.638e-05
met1,16.1000,146.8800,met1,18.1700,146.8800,8.264e-07
met1,16.1000,146.8800,met2,17.7100,146.8800,8.264e-07
met1,16.3300,16.3200,met1,18.1700,16.3200,1.560e-05
met1,16.3300,16.3200,met2,17.7100,16.3200,2.190e-05
met1,16.5600,119.6800,met1,18.6300,119.6800,3.490e-06
met1,16.5600,119.6800,met2,17.7100,119.6800,3.206e-05
met1,16.5600,125.1200,met1,18.6300,125.1200,6.402e-06
met1,16.5600,125.1200,met2,17.7100,125.1200,3.751e-05
met1,16.5600,141.4400,met1,19.0900,141.4400,2.465e-05
met1,16.5600,141.4400,met2,17.7100,141.4400,2.619e-05
met1,17.0200,54.4000,met1,20.2400,54.4000,4.974e-06
met1,17.0200,54.4000,met2,17.7100,54.4000,1.887e-05
met1,17.0200,65.2800,met1,19.7800,65.2800,2.587e-05
met1,17.0200,65.2800,met2,17.7100,65.2800,3.322e-05
met1,17.0200,130.5600,met1,19.3200,130.5600,1.933e-05
met1,17.0200,130.5600,met2,17.7100,130.5600,3.125e-05
met1,17.2500,21.7600,met1,19.5500,21.7600,4.424e-06
met1,17.2500,21.7600,met2,17.7100,21.7600,1.296e-05
met1,17.2500,136.0000,met1,19.0900,136.0000,1.633e-05
met1,17.2500,136.0000,met2,17.7100,136.0000,2.987e-05
met1,17.4800,5.4400,met1,19.3200,5.4400,4.766e-07
met1,17.4800,5.4400,met2,17.7100,5.4400,1.147e-06
met1,17.4800,27.2000,met1,20.7000,27.2000,6.116e-07
met1,17.4800,27.2000,met2,17.7100,27.2000,4.927e-05
met1,17.4800,43.5200,met1,20.2400,43.5200,5.818e-06
met1,17.4800,43.5200,met2,17.7100,43.5200,1.407e-05
met1,17.4800,114.2400,met1,20.2400,114.2400,5.612e-06
met1,17.4800,114.2400,met2,17.7100,114.2400,2.113e-05
met1,17.7100,10.8800,met1,20.7000,10.8800,5.597e-06
met1,17.7100,10.8800,met2,17.7100,10.8800,2.199e-05
met1,17.7100,32.6400,met1,20.2400,32.6400,4.314e-06
met1,17.7100,32.6400,met2,17.7100,32.6400,1.014e-05
met1,17.7100,48.9600,met1,20.4700,48.9600,1.841e-05
met1,17.7100,48.9600,met2,17.7100,48.9600,3.264e-05
met1,17.7100,59.8400,met1,20.4700,59.8400,1.013e-05
met1,17.7100,59.8400,met2,17.7100,59.8400,1.765e-05
met1,17.7100,70.7200,met1,21.6200,70.7200,6.871e-06
met1,17.7100,70.7200,met2,17.7100,70.7200,2.108e-05
met1,17.7100,81.6000,met1,20.7000,81.6000,6.901e-06
met1,17.7100,81.6000,met2,17.7100,81.6000,2.824e-05
met1,17.7100,87.0400,met1,20.2400,87.0400,8.288e-06
met1,17.7100,87.0400,met2,17.7100,87.0400,1.651e-05
met1,17.7100,97.9200,met1,20.2400,97.9200,3.302e-06
met1,17.7100,97.9200,met2,17.7100,97.9200,2.275e-05
met1,17.7100,103.3600,met1,20.7000,103.3600,8.156e-06
met1,17.7100,103.3600,met2,17.7100,103.3600,1.525e-05
met1,17.7100,108.8000,met1,20.4700,108.8000,7.243e-06
met1,17.7100,108.8000,met2,17.7100,108.8000,2.027e-05
met1,18.1700,16.3200,met1,21.6200,16.3200,1.559e-05
met1,18.1700,38.0800,met1,20.0100,38.0800,2.078e-06
met1,18.1700,76.1600,met1,20.4700,76.1600,4.061e-06
met1,18.1700,92.4800,met1,20.4700,92.4800,9.780e-06
met1,18.1700,146.8800,met1,20.2400,146.8800,8.264e-07
met1,18.6300,119.6800,met1,20.4700,119.6800,3.337e-06
met1,18.6300,125.1200,met1,22.0800,125.1200,4.937e-06
met1,19.0900,136.0000,met1,22.0800,136.0000,1.305e-05
met1,19.0900,141.4400,met1,21.6200,141.4400,1.432e-05
met1,19.3200,5.4400,met1,21.8500,5.4400,4.766e-07
met1,19.3200,130.5600,met1,21.3900,130.5600,1.933e-05
met1,19.5500,21.7600,met1,23.0000,21.7600,4.254e-06
met1,19.7800,65.2800,met1,23.0000,65.2800,2.061e-06
met1,20.0100,38.0800,met1,22.5400,38.0800,1.921e-06
met1,20.2400,32.6400,met1,23.2300,32.6400,3.980e-06
met1,20.2400,43.5200,met1,23.0000,43.5200,5.818e-06
met1,20.2400,54.4000,met1,22.0800,54.4000,4.974e-06
met1,20.2400,87.0400,met1,22.5400,87.0400,8.288e-06
met1,20.2400,97.9200,met1,23.9200,97.9200,3.302e-06
met1,20.2400,114.2400,met1,22.5400,114.2400,5.612e-06
met1,20.2400,146.8800,met1,23.9200,146.8800,8.264e-07
met1,20.4700,48.9600,met1,24.1500,48.9600,3.314e-07
met1,20.4700,59.8400,met1,23.4600,59.8400,3.140e-06
met1,20.4700,76.1600,met1,23.0000,76.1600,3.571e-06
met1,20.4700,92.4800,met1,23.4600,92.4800,9.269e-06
met1,20.4700,108.8000,met1,24.3800,108.8000,6.741e-06
met1,20.4700,119.6800,met1,23.9200,119.6800,3.237e-06
met1,20.7000,10.8800,met1,23.6900,10.8800,5.597e-06
met1,20.7000,27.2000,met1,23.0000,27.2000,4.507e-07
met1,20.7000,81.6000,met1,23.2300,81.6000,6.901e-06
met1,20.7000,103.3600,met1,22.5400,103.3600,8.156e-06
met1,21.3900,130.5600,met1,23.2300,130.5600,1.616e-05
met1,21.6200,16.3200,met1,24.1500,16.3200,1.035e-05
met1,21.6200,70.7200,met1,23.6900,70.7200,6.098e-07
met1,21.6200,141.4400,met1,25.7600,141.4400,1.432e-05
met1,21.8500,5.4400,met1,24.6100,5.4400,3.101e-07
met1,22.0800,54.4000,met1,25.9900,54.4000,4.974e-06
met1,22.0800,125.1200,met1,24.8400,125.1200,5.626e-07
met1,22.0800,136.0000,met1,23.9200,136.0000,1.180e-05
met1,22.5400,38.0800,met1,24.3800,38.0800,1.921e-06
met1,22.5400,87.0400,met1,26.4500,87.0400,1.853e-06
met1,22.5400,103.3600,met1,25.5300,103.3600,8.156e-06
met1,22.5400,114.2400,met1,25.5300,114.2400,5.612e-06
met1,23.0000,21.7600,met1,25.9900,21.7600,1.511e-06
met1,23.0000,27.2000,met1,26.2200,27.2000,4.628e-06
met1,23.0000,43.5200,met1,28.2900,43.5200,5.590e-07
met1,23.0000,65.2800,met1,25.3000,65.2800,2.061e-06
met1,23.0000,76.1600,met1,25.3000,76.1600,3.047e-06
met1,23.2300,32.6400,met1,25.5300,32.6400,3.668e-06
met1,23.2300,81.6000,met1,25.3000,81.6000,6.421e-06
met1,23.2300,130.5600,met1,25.3000,130.5600,4.760e-06
met1,23.4600,59.8400,met1,26.6800,59.8400,3.140e-06
met1,23.4600,92.4800,met1,25.5300,92.4800,9.269e-06
met1,23.6900,10.8800,met1,26.2200,10.8800,5.281e-06
met1,23.6900,70.7200,met1,27.6000,70.7200,4.484e-07
met1,23.9200,97.9200,met1,27.1400,97.9200,3.302e-06
met1,23.9200,119.6800,met1,25.9900,119.6800,3.237e-06
met1,23.9200,136.0000,met1,26.4500,136.0000,8.791e-06
met1,23.9200,146.8800,met1,27.6000,146.8800,8.264e-07
met1,24.1500,16.3200,met1,28.0600,16.3200,1.019e-05
met1,24.1500,48.9600,met1,26.6800,48.9600,1.803e-06
met1,24.3800,38.0800,met1,26.6800,38.0800,1.908e-06
met1,24.3800,108.8000,met1,27.1400,108.8000,6.741e-06
met1,24.6100,5.4400,met1,28.5200,5.4400,1.835e-07
met1,24.8400,125.1200,met1,27.6000,125.1200,2.496e-06
met1,25.3000,65.2800,met1,27.3700,65.2800,2.061e-06
met1,25.3000,76.1600,met1,27.3700,76.1600,2.999e-06
met1,25.3000,81.6000,met1,27.3700,81.6000,6.421e-06
met1,25.3000,130.5600,met1,27.8300,130.5600,4.760e-06
met1,25.5300,32.6400,met1,27.3700,32.6400,3.636e-06
met1,25.5300,92.4800,met1,27.8300,92.4800,2.908e-06
met1,25.5300,103.3600,met1,29.4400,103.3600,1.743e-06
met1,25.5300,114.2400,met1,28.0600,114.2400,5.137e-06
met1,25.7600,141.4400,met1,28.0600,141.4400,4.352e-06
met1,25.9900,21.7600,met1,28.5200,21.7600,1.526e-06
met1,25.9900,54.4000,met1,28.5200,54.4000,3.908e-07
met1,25.9900,119.6800,met1,28.0600,119.6800,2.495e-06
met1,26.2200,10.8800,met1,28.2900,10.8800,4.184e-07
met1,26.2200,27.2000,met1,28.7500,27.2000,4.729e-06
met1,26.4500,87.0400,met1,29.2100,87.0400,1.380e-06
met1,26.4500,136.0000,met1,29.9000,136.0000,3.697e-06
met1,26.6800,38.0800,met1,29.4400,38.0800,1.895e-06
met1,26.6800,48.9600,met1,29.6700,48.9600,1.803e-06
met1,26.6800,59.8400,met1,28.9800,59.8400,3.140e-06
met1,27.1400,97.9200,met1,29.9000,97.9200,2.605e-06
met1,27.1400,108.8000,met1,31.9700,108.8000,1.695e-07
met1,27.3700,32.6400,met1,29.2100,32.6400,3.444e-06
met1,27.3700,65.2800,met1,29.4400,65.2800,2.186e-06
met1,27.3700,76.1600,met1,29.2100,76.1600,2.951e-06
met1,27.3700,81.6000,met1,29.4400,81.6000,6.373e-06
met1,27.6000,70.7200,met1,29.6700,70.7200,8.786e-07
met1,27.6000,125.1200,met1,30.3600,125.1200,3.070e-06
met1,27.6000,146.8800,met1,30.3600,146.8800,8.264e-07
met1,27.8300,92.4800,met1,30.8200,92.4800,2.419e-06
met1,27.8300,130.5600,met1,29.9000,130.5600,3.487e-06
met1,28.0600,16.3200,met1,30.3600,16.3200,1.019e-05
met1,28.0600,114.2400,met1,31.9700,114.2400,1.137e-06
met1,28.0600,119.6800,met1,29.9000,119.6800,2.409e-06
met1,28.0600,141.4400,met1,30.8200,141.4400,4.199e-06
met1,28.2900,10.8800,met1,31.9700,10.8800,4.184e-07
met1,28.2900,43.5200,met1,31.0500,43.5200,2.732e-07
met1,28.5200,5.4400,met1,30.8200,5.4400,1.835e-07
met1,28.5200,21.7600,met1,30.8200,21.7600,1.526e-06
met1,28.5200,54.4000,met1,31.9700,54.4000,5.480e-07
met1,28.7500,27.2000,met1,30.8200,27.2000,5.131e-06
met1,28.9800,59.8400,met1,31.9700,59.8400,2.255e-06
met1,29.2100,32.6400,met1,31.5100,32.6400,3.444e-06
met1,29.2100,76.1600,met1,31.0500,76.1600,2.892e-06
met1,29.2100,87.0400,met1,31.5100,87.0400,8.957e-07
met1,29.4400,38.0800,met1,31.9700,38.0800,3.213e-06
met1,29.4400,65.2800,met1,31.5100,65.2800,2.186e-06
met1,29.4400,81.6000,met1,31.5100,81.6000,3.461e-07
met1,29.4400,103.3600,met1,31.5100,103.3600,1.743e-06
met1,29.6700,48.9600,met1,31.9700,48.9600,2.195e-06
met1,29.6700,70.7200,met1,31.9700,70.7200,8.786e-07
met1,29.9000,97.9200,met1,31.9700,97.9200,2.605e-06
met1,29.9000,119.6800,met1,31.9700,119.6800,2.409e-06
met1,29.9000,130.5600,met1,31.9700,130.5600,2.066e-06
met1,29.9000,136.0000,met1,31.9700,136.0000,3.697e-06
met1,30.3600,16.3200,met1,33.8100,16.3200,1.334e-05
met1,30.3600,125.1200,met1,32.6600,125.1200,3.070e-06
met1,30.3600,146.8800,met1,34.0400,146.8800,8.264e-07
met1,30.8200,5.4400,met1,33.3500,5.4400,1.835e-07
met1,30.8200,21.7600,met1,32.8900,21.7600,1.526e-06
met1,30.8200,27.2000,met1,33.1200,27.2000,5.312e-06
met1,30.8200,92.4800,met1,32.8900,92.4800,2.419e-06
met1,30.8200,141.4400,met1,33.5800,141.4400,4.199e-06
met1,31.0500,43.5200,met1,34.0400,43.5200,1.093e-07
met1,31.0500,76.1600,met1,32.8900,76.1600,2.831e-06
met1,31.5100,32.6400,met1,34.0400,32.6400,3.444e-06
met1,31.5100,65.2800,met1,34.0400,65.2800,2.327e-06
met1,31.5100,81.6000,met1,33.3500,81.6000,3.461e-07
met1,31.5100,87.0400,met1,36.1100,87.0400,8.957e-07
met1,31.5100,103.3600,met1,33.8100,103.3600,1.743e-06
met1,31.9700,10.8800,met1,34.7300,10.8800,4.399e-06
met1,31.9700,38.0800,met1,34.7300,38.0800,3.213e-06
met1,31.9700,48.9600,met1,34.9600,48.9600,8.026e-06
met1,31.9700,54.4000,met1,35.8800,54.4000,5.480e-07
met1,31.9700,59.8400,met1,34.0400,59.8400,2.415e-06
met1,31.9700,70.7200,met1,34.0400,70.7200,8.786e-07
met1,31.9700,97.9200,met1,34.0400,97.9200,3.099e-06
met1,31.9700,108.8000,met1,34.0400,108.8000,5.444e-06
met1,31.9700,114.2400,met1,34.5000,114.2400,1.137e-06
met1,31.9700,119.6800,met1,34.5000,119.6800,1.386e-06
met1,31.9700,130.5600,met1,34.2700,130.5600,1.695e-07
met1,31.9700,136.0000,met1,34.7300,136.0000,2.019e-06
met1,32.6600,125.1200,met1,36.8000,125.1200,5.680e-06
met1,32.8900,21.7600,met1,35.4200,21.7600,1.928e-06
met1,32.8900,76.1600,met1,35.6500,76.1600,2.770e-06
met1,32.8900,92.4800,met1,36.5700,92.4800,2.419e-06
met1,33.1200,27.2000,met1,35.8800,27.2000,5.500e-06
met1,33.3500,5.4400,met1,35.8800,5.4400,3.633e-07
met1,33.3500,81.6000,met1,36.3400,81.6000,3.461e-07
met1,33.5800,141.4400,met1,36.1100,141.4400,3.268e-06
met1,33.8100,16.3200,met1,36.1100,16.3200,1.519e-05
met1,33.8100,103.3600,met1,36.8000,103.3600,1.743e-06
met1,34.0400,32.6400,met1,37.4900,32.6400,1.797e-06
met1,34.0400,43.5200,met1,36.8000,43.5200,1.093e-07
met1,34.0400,59.8400,met1,38.1800,59.8400,2.415e-06
met1,34.0400,65.2800,met1,36.1100,65.2800,2.327e-06
met1,34.0400,70.7200,met1,36.5700,70.7200,5.733e-06
met1,34.0400,97.9200,met1,37.9500,97.9200,3.099e-06
met1,34.0400,108.8000,met1,36.3400,108.8000,5.444e-06
met1,34.0400,146.8800,met1,36.5700,146.8800,8.264e-07
met1,34.2700,130.5600,met1,37.7200,130.5600,1.104e-05
met1,34.5000,114.2400,met1,37.2600,114.2400,1.137e-06
met1,34.5000,119.6800,met1,36.8000,119.6800,7.336e-06
met1,34.7300,10.8800,met1,37.2600,10.8800,4.633e-06
met1,34.7300,38.0800,met1,37.7200,38.0800,3.396e-06
met1,34.7300,136.0000,met1,36.8000,136.0000,1.783e-06
met1,34.9600,48.9600,met1,37.0300,48.9600,8.026e-06
met1,35.4200,21.7600,met1,37.7200,21.7600,1.939e-06
met1,35.6500,76.1600,met1,37.7200,76.1600,1.926e-06
met1,35.8800,5.4400,met1,38.4100,5.4400,3.633e-07
met1,35.8800,27.2000,met1,37.9500,27.2000,5.500e-06
met1,35.8800,54.4000,met1,38.1800,54.4000,5.480e-07
met1,36.1100,16.3200,met1,37.9500,16.3200,1.538e-05
met1,36.1100,65.2800,met1,38.8700,65.2800,7.408e-06
met1,36.1100,87.0400,met1,39.5600,87.0400,5.793e-06
met1,36.1100,141.4400,met1,38.1800,141.4400,6.812e-06
met1,36.3400,81.6000,met1,38.1800,81.6000,3.461e-07
met1,36.3400,108.8000,met1,38.8700,108.8000,5.444e-06
met1,36.5700,70.7200,met1,39.1000,70.7200,5.894e-06
met1,36.5700,92.4800,met1,40.0200,92.4800,3.935e-06
met1,36.5700,146.8800,met1,39.1000,146.8800,6.708e-07
met1,36.8000,43.5200,met1,39.5600,43.5200,5.162e-06
met1,36.8000,103.3600,met1,38.6400,103.3600,4.051e-06
met1,36.8000,119.6800,met1,39.5600,119.6800,8.081e-06
met1,36.8000,125.1200,met1,39.3300,125.1200,5.680e-06
met1,36.8000,136.0000,met1,39.5600,136.0000,1.783e-06
met1,37.0300,48.9600,met1,38.8700,48.9600,8.026e-06
met1,37.2600,10.8800,met1,39.7900,10.8800,4.633e-06
met1,37.2600,114.2400,met1,42.3200,114.2400,7.512e-06
met1,37.4900,32.6400,met1,39.5600,32.6400,2.277e-06
met1,37.7200,21.7600,met1,41.1700,21.7600,2.661e-06
met1,37.7200,38.0800,met1,40.7100,38.0800,4.286e-06
met1,37.7200,76.1600,met1,41.6300,76.1600,2.878e-06
met1,37.7200,130.5600,met1,39.5600,130.5600,1.104e-05
met1,37.9500,16.3200,met1,40.4800,16.3200,1.562e-05
met1,37.9500,27.2000,met1,40.2500,27.2000,5.574e-06
met1,37.9500,97.9200,met1,41.8600,97.9200,9.966e-06
met1,38.1800,54.4000,met1,41.8600,54.4000,6.090e-06
met1,38.1800,59.8400,met1,40.2500,59.8400,7.404e-06
met1,38.1800,81.6000,met1,40.4800,81.6000,4.462e-06
met1,38.1800,141.4400,met1,42.3200,141.4400,6.812e-06
met1,38.4100,5.4400,met1,41.6300,5.4400,3.726e-07
met1,38.6400,103.3600,met1,41.8600,103.3600,9.627e-06
met1,38.8700,48.9600,met1,42.0900,48.9600,8.714e-06
met1,38.8700,65.2800,met1,42.3200,65.2800,7.701e-06
met1,38.8700,108.8000,met1,41.1700,108.8000,5.958e-06
met1,39.1000,70.7200,met1,41.1700,70.7200,6.215e-06
met1,39.1000,146.8800,met1,42.7800,146.8800,6.708e-07
met1,39.3300,125.1200,met1,43.2400,125.1200,6.762e-06
met1,39.5600,32.6400,met1,41.6300,32.6400,2.737e-06
met1,39.5600,43.5200,met1,43.7000,43.5200,5.162e-06
met1,39.5600,87.0400,met1,41.6300,87.0400,1.046e-05
met1,39.5600,119.6800,met1,41.6300,119.6800,8.157e-06
met1,39.5600,130.5600,met1,42.0900,130.5600,1.428e-05
met1,39.5600,136.0000,met1,42.3200,136.0000,1.833e-05
met1,39.7900,10.8800,met1,42.3200,10.8800,4.655e-06
met1,40.0200,92.4800,met1,41.8600,92.4800,2.552e-05
met1,40.2500,27.2000,met1,42.7800,27.2000,5.749e-06
met1,40.2500,59.8400,met1,43.0100,59.8400,7.562e-06
met1,40.4800,16.3200,met1,43.2400,16.3200,1.665e-05
met1,40.4800,81.6000,met1,43.2400,81.6000,4.528e-06
met1,40.7100,38.0800,met1,43.0100,38.0800,7.698e-06
met1,41.1700,21.7600,met1,43.7000,21.7600,2.789e-06
met1,41.1700,70.7200,met1,44.1600,70.7200,6.478e-06
met1,41.1700,108.8000,met1,43.9300,108.8000,6.164e-06
met1,41.6300,5.4400,met1,44.6200,5.4400,5.935e-07
met1,41.6300,32.6400,met1,44.1600,32.6400,1.009e-05
met1,41.6300,76.1600,met1,44.6200,76.1600,3.384e-06
met1,41.6300,87.0400,met1,43.7000,87.0400,1.069e-05
met1,41.6300,119.6800,met1,43.9300,119.6800,9.321e-06
met1,41.8600,54.4000,met1,43.7000,54.4000,6.090e-06
met1,41.8600,92.4800,met1,44.6200,92.4800,2.552e-05
met1,41.8600,97.9200,met1,43.9300,97.9200,9.966e-06
met1,41.8600,103.3600,met1,44.1600,103.3600,9.716e-06
met1,42.0900,48.9600,met1,44.8500,48.9600,8.729e-06
met1,42.0900,130.5600,met1,44.3900,130.5600,1.821e-05
met1,42.3200,10.8800,met1,44.6200,10.8800,9.694e-06
met1,42.3200,65.2800,met1,44.3900,65.2800,8.049e-06
met1,42.3200,114.2400,met1,44.6200,114.2400,7.512e-06
met1,42.3200,136.0000,met1,44.8500,136.0000,2.041e-05
met1,42.3200,141.4400,met1,44.8500,141.4400,1.686e-05
met1,42.7800,27.2000,met1,44.8500,27.2000,5.951e-06
met1,42.7800,146.8800,met1,44.8500,146.8800,6.708e-07
met1,43.0100,38.0800,met1,44.8500,38.0800,8.555e-06
met1,43.0100,59.8400,met1,44.8500,59.8400,7.873e-06
met1,43.2400,16.3200,met1,45.3100,16.3200,9.529e-07
met1,43.2400,16.3200,met2,44.8500,16.3200,1.760e-05
met1,43.2400,81.6000,met1,45.3100,81.6000,4.229e-06
met1,43.2400,81.6000,met2,44.8500,81.6000,3.809e-05
met1,43.2400,125.1200,met1,45.3100,125.1200,2.022e-05
met1,43.2400,125.1200,met2,44.8500,125.1200,2.698e-05
met1,43.7000,21.7600,met1,45.7700,21.7600,8.362e-06
met1,43.7000,21.7600,met2,44.8500,21.7600,1.115e-05
met1,43.7000,43.5200,met1,45.7700,43.5200,3.687e-06
met1,43.7000,43.5200,met2,44.8500,43.5200,1.429e-05
met1,43.7000,54.4000,met1,45.7700,54.4000,1.460e-05
met1,43.7000,54.4000,met2,44.8500,54.4000,2.069e-05
met1,43.7000,87.0400,met1,45.7700,87.0400,3.777e-06
met1,43.7000,87.0400,met2,44.8500,87.0400,1.462e-05
met1,43.9300,97.9200,met1,45.7700,97.9200,1.328e-06
met1,43.9300,97.9200,met2,44.8500,97.9200,1.136e-05
met1,43.9300,108.8000,met1,45.7700,108.8000,1.356e-05
met1,43.9300,108.8000,met2,44.8500,108.8000,1.988e-05
met1,43.9300,119.6800,met1,45.7700,119.6800,1.671e-05
met1,43.9300,119.6800,met2,44.8500,119.6800,2.703e-05
met1,44.1600,32.6400,met1,46.4600,32.6400,5.012e-06
met1,44.1600,32.6400,met2,44.8500,32.6400,1.510e-05
met1,44.1600,70.7200,met1,46.9200,70.7200,2.658e-06
met1,44.1600,70.7200,met2,44.8500,70.7200,1.392e-05
met1,44.1600,103.3600,met1,47.8400,103.3600,9.727e-06
met1,44.1600,103.3600,met2,44.8500,103.3600,1.944e-05
met1,44.3900,65.2800,met1,47.3800,65.2800,2.038e-05
met1,44.3900,65.2800,met2,44.8500,65.2800,2.860e-05
met1,44.3900,130.5600,met1,46.2300,130.5600,1.213e-05
met1,44.3900,130.5600,met2,44.8500,130.5600,3.137e-05
met1,44.6200,5.4400,met1,46.9200,5.4400,3.216e-07
met1,44.6200,5.4400,met2,44.8500,5.4400,9.151e-07
met1,44.6200,10.8800,met1,47.3800,10.8800,8.795e-06
met1,44.6200,10.8800,met2,44.8500,10.8800,1.849e-05
met1,44.6200,76.1600,met1,46.9200,76.1600,9.084e-06
met1,44.6200,76.1600,met2,44.8500,76.1600,1.247e-05
met1,44.6200,92.4800,met1,47.3800,92.4800,8.096e-06
met1,44.6200,92.4800,met2,44.8500,92.4800,3.361e-05
met1,44.6200,114.2400,met1,46.4600,114.2400,1.245e-05
met1,44.6200,114.2400,met2,44.8500,114.2400,1.996e-05
met1,44.8500,27.2000,met1,47.3800,27.2000,2.333e-05
met1,44.8500,27.2000,met2,44.8500,27.2000,2.984e-05
met1,44.8500,38.0800,met1,46.6900,38.0800,6.000e-06
met1,44.8500,38.0800,met2,44.8500,38.0800,1.495e-05
met1,44.8500,48.9600,met1,48.0700,48.9600,5.865e-06
met1,44.8500,48.9600,met2,44.8500,48.9600,1.977e-05
met1,44.8500,59.8400,met1,46.6900,59.8400,7.290e-06
met1,44.8500,59.8400,met2,44.8500,59.8400,1.516e-05
met1,44.8500,136.0000,met1,46.9200,136.0000,5.926e-06
met1,44.8500,136.0000,met2,44.8500,136.0000,3.470e-05
met1,44.8500,141.4400,met1,47.1500,141.4400,2.576e-05
met1,44.8500,141.4400,met2,44.8500,141.4400,4.278e-05
met1,44.8500,146.8800,met1,46.9200,146.8800,5.690e-07
met1,44.8500,146.8800,met2,44.8500,146.8800,1.017e-07
met1,45.3100,16.3200,met1,47.8400,16.3200,9.342e-07
met1,45.3100,81.6000,met1,47.3800,81.6000,4.229e-06
met1,45.3100,125.1200,met1,47.6100,125.1200,9.353e-06
met1,45.7700,21.7600,met1,49.4500,21.7600,8.129e-06
met1,45.7700,43.5200,met1,48.3000,43.5200,3.527e-06
met1,45.7700,54.4000,met1,48.5300,54.4000,1.460e-05
met1,45.7700,87.0400,met1,47.8400,87.0400,3.629e-06
met1,45.7700,97.9200,met1,48.0700,97.9200,1.105e-06
met1,45.7700,108.8000,met1,48.7600,108.8000,1.348e-05
met1,45.7700,119.6800,met1,48.5300,119.6800,1.388e-05
met1,46.2300,130.5600,met1,48.3000,130.5600,1.149e-05
met1,46.4600,32.6400,met1,48.5300,32.6400,4.994e-06
met1,46.4600,114.2400,met1,51.5200,114.2400,6.508e-06
met1,46.6900,38.0800,met1,48.5300,38.0800,5.838e-06
met1,46.6900,59.8400,met1,50.6000,59.8400,5.720e-06
met1,46.9200,5.4400,met1,50.3700,5.4400,3.216e-07
met1,46.9200,70.7200,met1,48.9900,70.7200,2.658e-06
met1,46.9200,76.1600,met1,48.9900,76.1600,4.201e-06
met1,46.9200,136.0000,met1,49.6800,136.0000,5.019e-06
met1,46.9200,146.8800,met1,48.7600,146.8800,5.690e-07
met1,47.1500,141.4400,met1,49.6800,141.4400,2.366e-05
met1,47.3800,10.8800,met1,50.6000,10.8800,8.795e-06
met1,47.3800,27.2000,met1,49.2200,27.2000,2.313e-05
met1,47.3800,65.2800,met1,51.7500,65.2800,2.442e-06
met1,47.3800,81.6000,met1,49.4500,81.6000,4.229e-06
met1,47.3800,92.4800,met1,51.9800,92.4800,1.368e-06
met1,47.6100,125.1200,met1,50.1400,125.1200,9.199e-06
met1,47.8400,16.3200,met1,51.2900,16.3200,5.790e-07
met1,47.8400,87.0400,met1,50.1400,87.0400,3.252e-06
met1,47.8400,103.3600,met1,50.1400,103.3600,3.129e-06
met1,48.0700,48.9600,met1,50.8300,48.9600,5.475e-06
met1,48.0700,97.9200,met1,51.9800,97.9200,6.277e-07
met1,48.3000,43.5200,met1,50.3700,43.5200,3.527e-06
met1,48.3000,130.5600,met1,50.3700,130.5600,9.610e-06
met1,48.5300,32.6400,met1,50.6000,32.6400,4.677e-06
met1,48.5300,38.0800,met1,50.3700,38.0800,5.838e-06
met1,48.5300,54.4000,met1,51.2900,54.4000,9.066e-06
met1,48.5300,119.6800,met1,50.6000,119.6800,1.297e-05
met1,48.7600,108.8000,met1,51.0600,108.8000,1.348e-05
met1,48.7600,146.8800,met1,51.5200,146.8800,2.683e-07
met1,48.9900,70.7200,met1,51.2900,70.7200,2.658e-06
met1,48.9900,76.1600,met1,50.8300,76.1600,4.043e-06
met1,49.2200,27.2000,met1,51.7500,27.2000,2.001e-05
met1,49.4500,21.7600,met1,54.7400,21.7600,2.979e-06
met1,49.4500,81.6000,met1,51.9800,81.6000,4.497e-06
met1,49.6800,136.0000,met1,51.5200,136.0000,5.019e-06
met1,49.6800,141.4400,met1,52.2100,141.4400,1.595e-05
met1,50.1400,87.0400,met1,51.9800,87.0400,3.252e-06
met1,50.1400,103.3600,met1,53.8200,103.3600,3.129e-06
met1,50.1400,125.1200,met1,52.9000,125.1200,9.199e-06
met1,50.3700,5.4400,met1,52.9000,5.4400,8.158e-08
met1,50.3700,38.0800,met1,52.6700,38.0800,5.838e-06
met1,50.3700,43.5200,met1,53.5900,43.5200,3.527e-06
met1,50.3700,130.5600,met1,52.4400,130.5600,9.610e-06
met1,50.6000,10.8800,met1,52.4400,10.8800,3.682e-06
met1,50.6000,32.6400,met1,52.6700,32.6400,4.677e-06
met1,50.6000,59.8400,met1,53.8200,59.8400,5.720e-06
met1,50.6000,119.6800,met1,52.6700,119.6800,1.159e-05
met1,50.8300,48.9600,met1,53.5900,48.9600,5.443e-06
met1,50.8300,76.1600,met1,54.2800,76.1600,3.922e-06
met1,51.0600,108.8000,met1,54.5100,108.8000,1.261e-05
met1,51.2900,16.3200,met1,53.5900,16.3200,5.328e-07
met1,51.2900,54.4000,met1,53.1300,54.4000,8.907e-06
met1,51.2900,70.7200,met1,54.7400,70.7200,2.069e-06
met1,51.5200,114.2400,met1,53.3600,114.2400,6.331e-06
met1,51.5200,136.0000,met1,53.3600,136.0000,5.019e-06
met1,51.5200,146.8800,met1,55.2000,146.8800,2.683e-07
met1,51.7500,27.2000,met1,53.8200,27.2000,1.554e-05
met1,51.7500,65.2800,met1,54.2800,65.2800,4.754e-06
met1,51.9800,81.6000,met1,55.2000,81.6000,4.893e-06
met1,51.9800,87.0400,met1,54.0500,87.0400,3.110e-06
met1,51.9800,92.4800,met1,55.4300,92.4800,1.124e-06
met1,51.9800,97.9200,met1,54.2800,97.9200,4.398e-07
met1,52.2100,141.4400,met1,54.7400,141.4400,1.401e-05
met1,52.4400,10.8800,met1,57.5000,10.8800,1.472e-06
met1,52.4400,130.5600,met1,55.2000,130.5600,3.312e-06
met1,52.6700,32.6400,met1,55.2000,32.6400,4.660e-06
met1,52.6700,38.0800,met1,55.4300,38.0800,4.147e-08
met1,52.6700,119.6800,met1,54.7400,119.6800,1.150e-05
met1,52.9000,5.4400,met1,57.0400,5.4400,2.470e-07
met1,52.9000,125.1200,met1,54.9700,125.1200,9.199e-06
met1,53.1300,54.4000,met1,56.3500,54.4000,8.907e-06
met1,53.3600,114.2400,met1,56.3500,114.2400,6.331e-06
met1,53.3600,136.0000,met1,55.8900,136.0000,4.252e-06
met1,53.5900,16.3200,met1,55.6600,16.3200,3.700e-07
met1,53.5900,43.5200,met1,55.8900,43.5200,1.731e-06
met1,53.5900,48.9600,met1,56.5800,48.9600,5.281e-06
met1,53.8200,27.2000,met1,56.1200,27.2000,5.424e-06
met1,53.8200,59.8400,met1,56.5800,59.8400,5.720e-06
met1,53.8200,103.3600,met1,55.6600,103.3600,3.129e-06
met1,54.0500,87.0400,met1,55.8900,87.0400,3.066e-06
met1,54.2800,65.2800,met1,56.1200,65.2800,4.842e-06
met1,54.2800,76.1600,met1,56.3500,76.1600,3.833e-06
met1,54.2800,97.9200,met1,57.5000,97.9200,6.334e-08
met1,54.5100,108.8000,met1,57.9600,108.8000,1.213e-05
met1,54.7400,21.7600,met1,57.2700,21.7600,1.851e-06
met1,54.7400,70.7200,met1,56.5800,70.7200,1.892e-06
met1,54.7400,119.6800,met1,57.5000,119.6800,2.491e-06
met1,54.7400,141.4400,met1,57.2700,141.4400,1.281e-05
met1,54.9700,125.1200,met1,58.6500,125.1200,8.990e-06
met1,55.2000,32.6400,met1,57.2700,32.6400,4.660e-06
met1,55.2000,81.6000,met1,58.4200,81.6000,4.893e-06
met1,55.2000,130.5600,met1,57.0400,130.5600,1.684e-06
met1,55.2000,146.8800,met1,57.2700,146.8800,2.683e-07
met1,55.4300,38.0800,met1,58.6500,38.0800,2.045e-07
met1,55.4300,92.4800,met1,58.4200,92.4800,6.531e-07
met1,55.6600,16.3200,met1,58.4200,16.3200,2.059e-07
met1,55.6600,103.3600,met1,59.5700,103.3600,7.086e-06
met1,55.8900,43.5200,met1,58.4200,43.5200,2.076e-06
met1,55.8900,87.0400,met1,57.7300,87.0400,3.116e-06
met1,55.8900,136.0000,met1,58.8800,136.0000,6.800e-06
met1,56.1200,27.2000,met1,58.4200,27.2000,1.155e-05
met1,56.1200,65.2800,met1,58.6500,65.2800,5.119e-06
met1,56.3500,54.4000,met1,58.6500,54.4000,3.684e-06
met1,56.3500,76.1600,met1,58.8800,76.1600,3.090e-06
met1,56.3500,114.2400,met1,58.1900,114.2400,5.944e-06
met1,56.5800,48.9600,met1,59.5700,48.9600,5.419e-07
met1,56.5800,59.8400,met1,58.8800,59.8400,4.747e-06
met1,56.5800,70.7200,met1,58.6500,70.7200,2.887e-06
met1,57.0400,5.4400,met1,59.1100,5.4400,2.470e-07
met1,57.0400,130.5600,met1,59.1100,130.5600,1.684e-06
met1,57.2700,21.7600,met1,59.5700,21.7600,2.090e-06
met1,57.2700,32.6400,met1,59.1100,32.6400,3.899e-06
met1,57.2700,141.4400,met1,59.5700,141.4400,1.672e-06
met1,57.2700,146.8800,met1,59.1100,146.8800,1.105e-07
met1,57.5000,10.8800,met1,59.5700,10.8800,1.633e-06
met1,57.5000,97.9200,met1,59.5700,97.9200,1.681e-07
met1,57.5000,119.6800,met1,59.5700,119.6800,2.491e-06
met1,57.7300,87.0400,met1,59.5700,87.0400,3.822e-06
met1,57.9600,108.8000,met1,60.2600,108.8000,8.415e-06
met1,58.1900,114.2400,met1,60.0300,114.2400,9.512e-07
met1,58.4200,16.3200,met1,60.7200,16.3200,2.059e-07
met1,58.4200,27.2000,met1,60.4900,27.2000,1.178e-05
met1,58.4200,43.5200,met1,60.2600,43.5200,2.076e-06
met1,58.4200,81.6000,met1,60.2600,81.6000,4.893e-06
met1,58.4200,92.4800,met1,60.7200,92.4800,5.663e-06
met1,58.6500,38.0800,met1,61.8700,38.0800,3.752e-07
met1,58.6500,54.4000,met1,61.6400,54.4000,3.527e-06
met1,58.6500,65.2800,met1,60.9500,65.2800,5.217e-06
met1,58.6500,70.7200,met1,61.8700,70.7200,3.044e-06
met1,58.6500,125.1200,met1,60.7200,125.1200,8.591e-06
met1,58.8800,59.8400,met1,60.7200,59.8400,4.747e-06
met1,58.8800,76.1600,met1,60.7200,76.1600,3.090e-06
met1,58.8800,136.0000,met1,60.7200,136.0000,6.800e-06
met1,59.1100,5.4400,met1,62.1000,5.4400,2.679e-07
met1,59.1100,32.6400,met1,61.6400,32.6400,1.248e-06
met1,59.1100,130.5600,met1,61.4100,130.5600,1.684e-06
met1,59.1100,146.8800,met1,61.6400,146.8800,1.105e-07
met1,59.5700,10.8800,met1,61.8700,10.8800,6.634e-06
met1,59.5700,21.7600,met1,62.7900,21.7600,2.090e-06
met1,59.5700,48.9600,met1,62.1000,48.9600,5.419e-07
met1,59.5700,87.0400,met1,61.8700,87.0400,3.822e-06
met1,59.5700,97.9200,met1,61.8700,97.9200,4.512e-07
met1,59.5700,103.3600,met1,62.1000,103.3600,7.163e-06
met1,59.5700,119.6800,met1,61.6400,119.6800,2.491e-06
met1,59.5700,141.4400,met1,62.1000,141.4400,3.798e-06
met1,60.0300,114.2400,met1,65.0900,114.2400,6.222e-06
met1,60.2600,43.5200,met1,62.1000,43.5200,2.076e-06
met1,60.2600,81.6000,met1,62.5600,81.6000,4.893e-06
met1,60.2600,108.8000,met1,63.0200,108.8000,8.786e-06
met1,60.4900,27.2000,met1,62.7900,27.2000,1.190e-05
met1,60.7200,16.3200,met1,62.7900,16.3200,4.939e-06
met1,60.7200,59.8400,met1,62.7900,59.8400,4.400e-06
met1,60.7200,76.1600,met1,62.7900,76.1600,1.900e-06
met1,60.7200,92.4800,met1,63.9400,92.4800,5.735e-06
met1,60.7200,125.1200,met1,63.7100,125.1200,9.935e-06
met1,60.7200,136.0000,met1,63.0200,136.0000,6.800e-06
met1,60.9500,65.2800,met1,63.0200,65.2800,6.566e-06
met1,61.4100,130.5600,met1,67.6200,130.5600,9.105e-06
met1,61.6400,32.6400,met1,65.3200,32.6400,1.248e-06
met1,61.6400,54.4000,met1,63.4800,54.4000,6.726e-06
met1,61.6400,119.6800,met1,63.7100,119.6800,2.652e-06
met1,61.6400,146.8800,met1,65.3200,146.8800,1.105e-07
met1,61.8700,10.8800,met1,65.3200,10.8800,6.990e-06
met1,61.8700,38.0800,met1,63.7100,38.0800,7.860e-07
met1,61.8700,70.7200,met1,63.9400,70.7200,3.264e-06
met1,61.8700,87.0400,met1,63.9400,87.0400,3.909e-06
met1,61.8700,97.9200,met1,64.8600,97.9200,6.131e-07
met1,62.1000,5.4400,met1,65.3200,5.4400,2.679e-07
met1,62.1000,43.5200,met1,63.9400,43.5200,2.190e-06
met1,62.1000,48.9600,met1,64.1700,48.9600,1.090e-05
met1,62.1000,103.3600,met1,64.4000,103.3600,7.448e-06
met1,62.1000,141.4400,met1,64.1700,141.4400,3.798e-06
met1,62.5600,81.6000,met1,64.6300,81.6000,5.226e-06
met1,62.7900,16.3200,met1,66.2400,16.3200,5.101e-06
met1,62.7900,21.7600,met1,65.0900,21.7600,2.543e-06
met1,62.7900,27.2000,met1,64.6300,27.2000,1.200e-05
met1,62.7900,59.8400,met1,65.7800,59.8400,4.350e-06
met1,62.7900,76.1600,met1,65.3200,76.1600,2.058e-06
met1,63.0200,65.2800,met1,64.8600,65.2800,6.566e-06
met1,63.0200,108.8000,met1,65.0900,108.8000,8.786e-06
met1,63.0200,136.0000,met1,65.0900,136.0000,6.957e-06
met1,63.4800,54.4000,met1,65.3200,54.4000,6.726e-06
met1,63.7100,38.0800,met1,66.2400,38.0800,5.760e-06
met1,63.7100,119.6800,met1,65.7800,119.6800,2.652e-06
met1,63.7100,125.1200,met1,67.3900,125.1200,1.323e-05
met1,63.9400,43.5200,met1,66.0100,43.5200,2.190e-06
met1,63.9400,70.7200,met1,67.1600,70.7200,3.489e-06
met1,63.9400,87.0400,met1,67.3900,87.0400,4.218e-06
met1,63.9400,92.4800,met1,65.7800,92.4800,6.087e-06
met1,64.1700,48.9600,met1,66.4700,48.9600,1.193e-05
met1,64.1700,141.4400,met1,66.7000,141.4400,6.410e-06
met1,64.4000,103.3600,met1,67.1600,103.3600,7.448e-06
met1,64.6300,27.2000,met1,67.1600,27.2000,1.872e-05
met1,64.6300,81.6000,met1,68.5400,81.6000,5.429e-06
met1,64.8600,65.2800,met1,66.7000,65.2800,6.611e-06
met1,64.8600,97.9200,met1,66.7000,97.9200,1.190e-06
met1,65.0900,21.7600,met1,68.0800,21.7600,2.764e-06
met1,65.0900,108.8000,met1,68.0800,108.8000,1.007e-05
met1,65.0900,114.2400,met1,68.0800,114.2400,6.703e-06
met1,65.0900,136.0000,met1,67.8500,136.0000,7.687e-06
met1,65.3200,5.4400,met1,68.5400,5.4400,4.033e-07
met1,65.3200,10.8800,met1,67.6200,10.8800,7.072e-06
met1,65.3200,32.6400,met1,67.8500,32.6400,4.233e-06
met1,65.3200,54.4000,met1,67.8500,54.4000,6.771e-06
met1,65.3200,76.1600,met1,67.1600,76.1600,2.058e-06
met1,65.3200,146.8800,met1,67.6200,146.8800,1.105e-07
met1,65.7800,59.8400,met1,68.0800,59.8400,1.833e-06
met1,65.7800,92.4800,met1,68.5400,92.4800,6.087e-06
met1,65.7800,119.6800,met1,67.6200,119.6800,3.667e-06
met1,66.0100,43.5200,met1,68.3100,43.5200,5.167e-06
met1,66.2400,16.3200,met1,68.3100,16.3200,5.101e-06
met1,66.2400,38.0800,met1,68.3100,38.0800,6.993e-06
met1,66.4700,48.9600,met1,68.5400,48.9600,1.204e-05
met1,66.7000,65.2800,met1,68.5400,65.2800,6.684e-06
met1,66.7000,97.9200,met1,68.5400,97.9200,1.190e-06
met1,66.7000,141.4400,met1,69.2300,141.4400,2.676e-05
met1,67.1600,27.2000,met1,70.8400,27.2000,1.872e-05
met1,67.1600,70.7200,met1,70.3800,70.7200,3.837e-06
met1,67.1600,76.1600,met1,69.2300,76.1600,2.058e-06
met1,67.1600,103.3600,met1,70.8400,103.3600,7.928e-06
met1,67.3900,87.0400,met1,71.0700,87.0400,4.671e-06
met1,67.3900,125.1200,met1,69.6900,125.1200,1.560e-05
met1,67.6200,10.8800,met1,69.4600,10.8800,7.091e-06
met1,67.6200,119.6800,met1,70.1500,119.6800,1.240e-05
met1,67.6200,130.5600,met1,70.8400,130.5600,1.715e-05
met1,67.6200,146.8800,met1,71.3000,146.8800,4.805e-08
met1,67.8500,32.6400,met1,70.8400,32.6400,4.937e-06
met1,67.8500,54.4000,met1,69.9200,54.4000,1.093e-05
met1,67.8500,136.0000,met1,70.3800,136.0000,1.081e-05
met1,68.0800,21.7600,met1,69.9200,21.7600,2.930e-06
met1,68.0800,59.8400,met1,70.3800,59.8400,1.691e-06
met1,68.0800,108.8000,met1,71.7600,108.8000,1.609e-05
met1,68.0800,114.2400,met1,71.3000,114.2400,1.329e-05
met1,68.3100,16.3200,met1,70.8400,16.3200,5.244e-06
met1,68.3100,38.0800,met1,70.6100,38.0800,7.441e-06
met1,68.3100,43.5200,met1,70.3800,43.5200,6.032e-06
met1,68.5400,5.4400,met1,71.3000,5.4400,4.033e-07
met1,68.5400,48.9600,met1,70.6100,48.9600,1.204e-05
met1,68.5400,65.2800,met1,71.0700,65.2800,6.684e-06
met1,68.5400,81.6000,met1,71.3000,81.6000,5.429e-06
met1,68.5400,92.4800,met1,71.3000,92.4800,6.087e-06
met1,68.5400,97.9200,met1,70.6100,97.9200,2.279e-06
met1,69.2300,76.1600,met1,71.0700,76.1600,2.075e-06
met1,69.2300,141.4400,met1,71.9900,141.4400,2.862e-05
met1,69.4600,10.8800,met1,71.3000,10.8800,7.115e-06
met1,69.6900,125.1200,met1,71.7600,125.1200,1.577e-05
met1,69.9200,21.7600,met1,71.7600,21.7600,3.110e-06
met1,69.9200,54.4000,met1,71.9900,54.4000,1.281e-05
met1,70.1500,119.6800,met1,71.9900,119.6800,1.256e-05
met1,70.3800,43.5200,met1,72.9100,43.5200,4.816e-06
met1,70.3800,43.5200,met2,71.9900,43.5200,1.148e-05
met1,70.3800,59.8400,met1,73.3700,59.8400,1.416e-07
met1,70.3800,59.8400,met2,71.9900,59.8400,3.441e-05
met1,70.3800,70.7200,met1,72.9100,70.7200,6.417e-06
met1,70.3800,70.7200,met2,71.9900,70.7200,1.076e-05
met1,70.3800,136.0000,met1,72.2200,136.0000,1.302e-05
met1,70.3800,136.0000,met2,71.9900,136.0000,2.421e-05
met1,70.6100,38.0800,met1,72.4500,38.0800,5.692e-06
met1,70.6100,38.0800,met2,71.9900,38.0800,1.416e-05
met1,70.6100,48.9600,met1,73.1400,48.9600,7.607e-07
met1,70.6100,48.9600,met2,71.9900,48.9600,1.188e-05
met1,70.6100,97.9200,met1,72.6800,97.9200,7.410e-06
met1,70.6100,97.9200,met2,71.9900,97.9200,1.072e-05
met1,70.8400,16.3200,met1,73.3700,16.3200,4.142e-06
met1,70.8400,16.3200,met2,71.9900,16.3200,9.549e-06
met1,70.8400,27.2000,met1,73.3700,27.2000,2.438e-06
met1,70.8400,27.2000,met2,71.9900,27.2000,2.151e-05
met1,70.8400,32.6400,met1,72.9100,32.6400,1.188e-05
met1,70.8400,32.6400,met2,71.9900,32.6400,2.187e-05
met1,70.8400,103.3600,met1,72.6800,103.3600,1.483e-06
met1,70.8400,103.3600,met2,71.9900,103.3600,9.694e-06
met1,70.8400,130.5600,met1,72.9100,130.5600,1.317e-05
met1,70.8400,130.5600,met2,71.9900,130.5600,3.032e-05
met1,71.0700,65.2800,met1,73.3700,65.2800,7.871e-06
met1,71.0700,65.2800,met2,71.9900,65.2800,1.999e-05
met1,71.0700,76.1600,met1,73.3700,76.1600,9.114e-06
met1,71.0700,76.1600,met2,71.9900,76.1600,2.299e-05
met1,71.0700,87.0400,met1,72.9100,87.0400,7.741e-06
met1,71.0700,87.0400,met2,71.9900,87.0400,1.269e-05
met1,71.3000,5.4400,met1,73.3700,5.4400,3.607e-07
met1,71.3000,5.4400,met2,71.9900,5.4400,7.639e-07
met1,71.3000,10.8800,met1,73.1400,10.8800,5.360e-06
met1,71.3000,10.8800,met2,71.9900,10.8800,1.272e-05
met1,71.3000,81.6000,met1,73.3700,81.6000,4.072e-06
met1,71.3000,81.6000,met2,71.9900,81.6000,1.445e-05
met1,71.3000,92.4800,met1,73.3700,92.4800,1.594e-05
met1,71.3000,92.4800,met2,71.9900,92.4800,2.694e-05
met1,71.3000,114.2400,met1,73.3700,114.2400,4.552e-06
met1,71.3000,114.2400,met2,71.9900,114.2400,1.965e-05
met1,71.3000,146.8800,met1,73.3700,146.8800,2.292e-07
met1,71.3000,146.8800,met2,71.9900,146.8800,2.773e-07
met1,71.7600,21.7600,met1,74.5200,21.7600,1.197e-05
met1,71.7600,21.7600,met2,71.9900,21.7600,1.523e-05
met1,71.7600,108.8000,met1,75.4400,108.8000,9.245e-06
met1,71.7600,108.8000,met2,71.9900,108.8000,2.534e-05
met1,71.7600,125.1200,met1,74.0600,125.1200,1.717e-05
met1,71.7600,125.1200,met2,71.9900,125.1200,3.365e-05
met1,71.9900,54.4000,met1,74.0600,54.4000,1.357e-05
met1,71.9900,54.4000,met2,71.9900,54.4000,3.190e-05
met1,71.9900,119.6800,met1,74.5200,119.6800,2.346e-05
met1,71.9900,119.6800,met2,71.9900,119.6800,3.668e-05
met1,71.9900,141.4400,met1,74.5200,141.4400,2.325e-05
met1,71.9900,141.4400,met2,71.9900,141.4400,5.187e-05
met1,72.2200,136.0000,met1,75.4400,136.0000,9.083e-06
met1,72.4500,38.0800,met1,74.5200,38.0800,5.343e-06
met1,72.6800,97.9200,met1,74.7500,97.9200,7.410e-06
met1,72.6800,103.3600,met1,74.5200,103.3600,1.483e-06
met1,72.9100,32.6400,met1,74.7500,32.6400,1.188e-05
met1,72.9100,43.5200,met1,75.4400,43.5200,4.816e-06
met1,72.9100,70.7200,met1,75.4400,70.7200,6.378e-06
met1,72.9100,87.0400,met1,75.6700,87.0400,7.548e-06
met1,72.9100,130.5600,met1,74.9800,130.5600,1.052e-05
met1,73.1400,10.8800,met1,75.4400,10.8800,5.360e-06
met1,73.1400,48.9600,met1,75.4400,48.9600,7.607e-07
met1,73.3700,5.4400,met1,75.6700,5.4400,3.607e-07
met1,73.3700,16.3200,met1,75.2100,16.3200,4.122e-06
met1,73.3700,27.2000,met1,75.6700,27.2000,2.438e-06
met1,73.3700,59.8400,met1,75.6700,59.8400,9.412e-08
met1,73.3700,65.2800,met1,75.6700,65.2800,7.708e-06
met1,73.3700,76.1600,met1,75.6700,76.1600,9.073e-06
met1,73.3700,81.6000,met1,75.6700,81.6000,3.910e-06
met1,73.3700,92.4800,met1,75.6700,92.4800,1.594e-05
met1,73.3700,114.2400,met1,75.6700,114.2400,4.010e-06
met1,73.3700,146.8800,met1,75.4400,146.8800,2.292e-07
met1,74.0600,54.4000,met1,76.1300,54.4000,1.279e-05
met1,74.0600,125.1200,met1,76.8200,125.1200,1.714e-05
met1,74.5200,21.7600,met1,76.3600,21.7600,1.178e-05
met1,74.5200,38.0800,met1,79.1200,38.0800,5.264e-06
met1,74.5200,103.3600,met1,76.8200,103.3600,1.483e-06
met1,74.5200,119.6800,met1,76.5900,119.6800,2.346e-05
met1,74.5200,141.4400,met1,76.3600,141.4400,5.887e-06
met1,74.7500,32.6400,met1,77.0500,32.6400,1.185e-05
met1,74.7500,97.9200,met1,77.0500,97.9200,7.410e-06
met1,74.9800,130.5600,met1,77.7400,130.5600,1.016e-05
met1,75.2100,16.3200,met1,77.5100,16.3200,4.122e-06
met1,75.4400,10.8800,met1,77.5100,10.8800,4.903e-06
met1,75.4400,43.5200,met1,77.2800,43.5200,4.816e-06
met1,75.4400,48.9600,met1,77.9700,48.9600,1.321e-06
met1,75.4400,70.7200,met1,77.7400,70.7200,6.378e-06
met1,75.4400,108.8000,met1,77.2800,108.8000,9.245e-06
met1,75.4400,136.0000,met1,77.7400,136.0000,8.697e-06
met1,75.4400,146.8800,met1,77.9700,146.8800,2.292e-07
met1,75.6700,5.4400,met1,78.6600,5.4400,3.282e-07
met1,75.6700,27.2000,met1,77.7400,27.2000,2.418e-06
met1,75.6700,59.8400,met1,78.4300,59.8400,2.112e-07
met1,75.6700,65.2800,met1,80.5000,65.2800,7.708e-06
met1,75.6700,76.1600,met1,78.2000,76.1600,8.592e-06
met1,75.6700,81.6000,met1,78.2000,81.6000,3.890e-06
met1,75.6700,87.0400,met1,77.7400,87.0400,7.548e-06
met1,75.6700,92.4800,met1,77.7400,92.4800,1.594e-05
met1,75.6700,114.2400,met1,77.9700,114.2400,4.010e-06
met1,76.1300,54.4000,met1,78.6600,54.4000,3.978e-06
met1,76.3600,21.7600,met1,78.4300,21.7600,1.178e-05
met1,76.3600,141.4400,met1,78.4300,141.4400,4.576e-06
met1,76.5900,119.6800,met1,79.5800,119.6800,3.182e-06
met1,76.8200,103.3600,met1,79.1200,103.3600,1.049e-06
met1,76.8200,125.1200,met1,78.8900,125.1200,1.706e-05
met1,77.0500,32.6400,met1,79.8100,32.6400,1.169e-05
met1,77.0500,97.9200,met1,80.0400,97.9200,2.250e-06
met1,77.2800,43.5200,met1,79.3500,43.5200,4.816e-06
met1,77.2800,108.8000,met1,79.3500,108.8000,4.120e-06
met1,77.5100,10.8800,met1,79.3500,10.8800,4.903e-06
met1,77.5100,16.3200,met1,80.0400,16.3200,3.916e-06
met1,77.7400,27.2000,met1,80.2700,27.2000,2.418e-06
met1,77.7400,70.7200,met1,80.2700,70.7200,1.152e-06
met1,77.7400,87.0400,met1,80.7300,87.0400,6.358e-06
met1,77.7400,92.4800,met1,80.0400,92.4800,1.499e-05
met1,77.7400,130.5600,met1,80.5000,130.5600,1.009e-05
met1,77.7400,136.0000,met1,79.8100,136.0000,8.038e-06
met1,77.9700,48.9600,met1,81.8800,48.9600,1.469e-06
met1,77.9700,114.2400,met1,80.0400,114.2400,3.847e-06
met1,77.9700,146.8800,met1,80.5000,146.8800,6.589e-08
met1,78.2000,76.1600,met1,80.7300,76.1600,8.592e-06
met1,78.2000,81.6000,met1,80.2700,81.6000,3.890e-06
met1,78.4300,21.7600,met1,81.8800,21.7600,6.951e-06
met1,78.4300,59.8400,met1,80.9600,59.8400,1.392e-06
met1,78.4300,141.4400,met1,80.5000,141.4400,4.305e-06
met1,78.6600,5.4400,met1,82.5700,5.4400,3.282e-07
met1,78.6600,54.4000,met1,83.0300,54.4000,3.915e-06
met1,78.8900,125.1200,met1,81.8800,125.1200,1.489e-05
met1,79.1200,38.0800,met1,81.6500,38.0800,2.833e-07
met1,79.1200,103.3600,met1,80.9600,103.3600,1.033e-06
met1,79.3500,10.8800,met1,81.6500,10.8800,4.903e-06
met1,79.3500,43.5200,met1,81.6500,43.5200,4.816e-06
met1,79.3500,108.8000,met1,81.6500,108.8000,4.120e-06
met1,79.5800,119.6800,met1,83.7200,119.6800,2.001e-06
met1,79.8100,32.6400,met1,82.5700,32.6400,1.137e-05
met1,79.8100,136.0000,met1,83.2600,136.0000,7.880e-06
met1,80.0400,16.3200,met1,82.3400,16.3200,3.872e-06
met1,80.0400,92.4800,met1,82.5700,92.4800,8.030e-06
met1,80.0400,97.9200,met1,82.5700,97.9200,1.303e-06
met1,80.0400,114.2400,met1,83.9500,114.2400,1.015e-06
met1,80.2700,27.2000,met1,83.2600,27.2000,2.556e-06
met1,80.2700,70.7200,met1,83.0300,70.7200,6.596e-07
met1,80.2700,81.6000,met1,82.5700,81.6000,1.327e-06
met1,80.5000,65.2800,met1,82.3400,65.2800,7.708e-06
met1,80.5000,130.5600,met1,82.3400,130.5600,8.036e-06
met1,80.5000,141.4400,met1,83.2600,141.4400,3.290e-06
met1,80.5000,146.8800,met1,84.1800,146.8800,6.589e-08
met1,80.7300,76.1600,met1,83.2600,76.1600,7.657e-06
met1,80.7300,87.0400,met1,82.5700,87.0400,5.944e-06
met1,80.9600,59.8400,met1,82.8000,59.8400,1.392e-06
met1,80.9600,103.3600,met1,83.7200,103.3600,9.943e-07
met1,81.6500,10.8800,met1,85.5600,10.8800,2.830e-07
met1,81.6500,38.0800,met1,84.6400,38.0800,2.423e-07
met1,81.6500,43.5200,met1,84.6400,43.5200,3.208e-07
met1,81.6500,108.8000,met1,83.7200,108.8000,3.710e-06
met1,81.8800,21.7600,met1,84.6400,21.7600,6.951e-06
met1,81.8800,48.9600,met1,85.1000,48.9600,1.556e-06
met1,81.8800,125.1200,met1,83.9500,125.1200,1.489e-05
met1,82.3400,16.3200,met1,84.8700,16.3200,1.156e-06
met1,82.3400,65.2800,met1,86.2500,65.2800,2.705e-06
met1,82.3400,130.5600,met1,84.4100,130.5600,7.844e-06
met1,82.5700,5.4400,met1,85.5600,5.4400,7.411e-08
met1,82.5700,32.6400,met1,84.8700,32.6400,5.624e-06
met1,82.5700,81.6000,met1,85.1000,81.6000,1.489e-06
met1,82.5700,87.0400,met1,84.6400,87.0400,5.881e-06
met1,82.5700,92.4800,met1,85.1000,92.4800,8.189e-06
met1,82.5700,97.9200,met1,84.8700,97.9200,1.303e-06
met1,82.8000,59.8400,met1,84.8700,59.8400,1.392e-06
met1,83.0300,54.4000,met1,85.3300,54.4000,1.032e-06
met1,83.0300,70.7200,met1,85.7900,70.7200,4.355e-07
met1,83.2600,27.2000,met1,85.1000,27.2000,3.516e-06
met1,83.2600,76.1600,met1,85.1000,76.1600,7.657e-06
met1,83.2600,136.0000,met1,86.0200,136.0000,6.441e-06
met1,83.2600,141.4400,met1,86.0200,141.4400,1.747e-06
met1,83.7200,103.3600,met1,86.4800,103.3600,4.121e-07
met1,83.7200,108.8000,met1,85.5600,108.8000,3.672e-06
met1,83.7200,119.6800,met1,86.0200,119.6800,2.001e-06
met1,83.9500,114.2400,met1,85.7900,114.2400,1.103e-06
met1,83.9500,125.1200,met1,86.7100,125.1200,2.726e-06
met1,84.1800,146.8800,met1,86.4800,146.8800,6.589e-08
met1,84.4100,130.5600,met1,87.1700,130.5600,5.870e-06
met1,84.6400,21.7600,met1,86.7100,21.7600,6.914e-06
met1,84.6400,38.0800,met1,86.7100,38.0800,1.114e-06
met1,84.6400,43.5200,met1,86.7100,43.5200,3.208e-07
met1,84.6400,87.0400,met1,86.7100,87.0400,5.881e-06
met1,84.8700,16.3200,met1,87.1700,16.3200,1.321e-06
met1,84.8700,32.6400,met1,87.1700,32.6400,5.967e-06
met1,84.8700,59.8400,met1,86.7100,59.8400,1.660e-06
met1,84.8700,97.9200,met1,87.1700,97.9200,9.497e-07
met1,85.1000,27.2000,met1,87.1700,27.2000,3.516e-06
met1,85.1000,48.9600,met1,87.1700,48.9600,1.556e-06
met1,85.1000,76.1600,met1,87.1700,76.1600,7.657e-06
met1,85.1000,81.6000,met1,87.1700,81.6000,1.489e-06
met1,85.1000,92.4800,met1,87.1700,92.4800,8.189e-06
met1,85.3300,54.4000,met1,87.1700,54.4000,1.192e-06
met1,85.5600,5.4400,met1,89.2400,5.4400,7.411e-08
met1,85.5600,10.8800,met1,87.6300,10.8800,2.830e-07
met1,85.5600,108.8000,met1,87.8600,108.8000,3.408e-06
met1,85.7900,70.7200,met1,88.3200,70.7200,3.505e-07
met1,85.7900,114.2400,met1,87.8600,114.2400,2.511e-06
met1,86.0200,119.6800,met1,88.0900,119.6800,1.465e-05
met1,86.0200,136.0000,met1,88.3200,136.0000,5.230e-06
met1,86.0200,141.4400,met1,88.3200,141.4400,4.584e-07
met1,86.2500,65.2800,met1,88.7800,65.2800,2.271e-06
met1,86.4800,103.3600,met1,89.2400,103.3600,4.121e-07
met1,86.4800,146.8800,met1,89.2400,146.8800,6.589e-08
met1,86.7100,21.7600,met1,89.4700,21.7600,6.914e-06
met1,86.7100,38.0800,met1,89.4700,38.0800,1.114e-06
met1,86.7100,43.5200,met1,88.5500,43.5200,1.079e-06
met1,86.7100,59.8400,met1,89.0100,59.8400,1.660e-06
met1,86.7100,87.0400,met1,88.7800,87.0400,5.881e-06
met1,86.7100,125.1200,met1,90.1600,125.1200,3.972e-06
met1,87.1700,16.3200,met1,89.2400,16.3200,1.482e-06
met1,87.1700,27.2000,met1,89.2400,27.2000,4.179e-06
met1,87.1700,32.6400,met1,91.5400,32.6400,5.967e-06
met1,87.1700,48.9600,met1,89.9300,48.9600,1.556e-06
met1,87.1700,54.4000,met1,89.2400,54.4000,1.192e-06
met1,87.1700,76.1600,met1,89.7000,76.1600,2.510e-06
met1,87.1700,81.6000,met1,89.4700,81.6000,1.489e-06
met1,87.1700,92.4800,met1,89.0100,92.4800,8.189e-06
met1,87.1700,97.9200,met1,89.4700,97.9200,3.870e-06
met1,87.1700,130.5600,met1,90.6200,130.5600,4.606e-06
met1,87.6300,10.8800,met1,89.9300,10.8800,4.452e-07
met1,87.8600,108.8000,met1,90.1600,108.8000,3.408e-06
met1,87.8600,114.2400,met1,89.7000,114.2400,2.511e-06
met1,88.0900,119.6800,met1,91.0800,119.6800,1.481e-05
met1,88.3200,70.7200,met1,91.0800,70.7200,3.505e-07
met1,88.3200,136.0000,met1,90.3900,136.0000,1.798e-05
met1,88.3200,141.4400,met1,90.3900,141.4400,2.041e-05
met1,88.5500,43.5200,met1,91.0800,43.5200,1.932e-06
met1,88.7800,65.2800,met1,90.6200,65.2800,2.257e-06
met1,88.7800,87.0400,met1,92.4600,87.0400,5.050e-07
met1,89.0100,59.8400,met1,92.9200,59.8400,1.831e-06
met1,89.0100,92.4800,met1,91.3100,92.4800,8.540e-06
met1,89.2400,5.4400,met1,92.9200,5.4400,7.411e-08
met1,89.2400,16.3200,met1,91.7700,16.3200,1.517e-06
met1,89.2400,27.2000,met1,91.7700,27.2000,4.179e-06
met1,89.2400,54.4000,met1,91.5400,54.4000,1.147e-05
met1,89.2400,103.3600,met1,91.3100,103.3600,4.121e-07
met1,89.2400,146.8800,met1,92.9200,146.8800,6.589e-08
met1,89.4700,21.7600,met1,92.0000,21.7600,1.472e-06
met1,89.4700,38.0800,met1,91.3100,38.0800,2.112e-06
met1,89.4700,81.6000,met1,92.2300,81.6000,2.113e-06
met1,89.4700,97.9200,met1,92.2300,97.9200,4.112e-06
met1,89.7000,76.1600,met1,91.7700,76.1600,2.483e-06
met1,89.7000,114.2400,met1,91.7700,114.2400,2.511e-06
met1,89.9300,10.8800,met1,92.2300,10.8800,4.590e-07
met1,89.9300,48.9600,met1,92.9200,48.9600,2.654e-06
met1,90.1600,108.8000,met1,92.6900,108.8000,4.062e-06
met1,90.1600,125.1200,met1,93.3800,125.1200,2.050e-05
met1,90.3900,136.0000,met1,92.9200,136.0000,1.814e-05
met1,90.3900,141.4400,met1,92.9200,141.4400,2.057e-05
met1,90.6200,65.2800,met1,93.3800,65.2800,9.155e-07
met1,90.6200,130.5600,met1,93.1500,130.5600,1.308e-05
met1,91.0800,43.5200,met1,93.3800,43.5200,2.305e-06
met1,91.0800,70.7200,met1,94.3000,70.7200,4.799e-06
met1,91.0800,119.6800,met1,92.9200,119.6800,1.481e-05
met1,91.3100,38.0800,met1,93.3800,38.0800,5.521e-06
met1,91.3100,92.4800,met1,95.2200,92.4800,8.540e-06
met1,91.3100,103.3600,met1,93.8400,103.3600,8.152e-07
met1,91.5400,32.6400,met1,95.6800,32.6400,1.090e-05
met1,91.5400,54.4000,met1,94.5300,54.4000,1.202e-05
met1,91.7700,16.3200,met1,94.5300,16.3200,1.705e-06
met1,91.7700,27.2000,met1,94.5300,27.2000,4.620e-06
met1,91.7700,76.1600,met1,94.3000,76.1600,2.320e-06
met1,91.7700,114.2400,met1,94.0700,114.2400,8.321e-06
met1,92.0000,21.7600,met1,94.7600,21.7600,1.472e-06
met1,92.2300,10.8800,met1,97.5200,10.8800,5.411e-06
met1,92.2300,81.6000,met1,94.9900,81.6000,2.379e-06
met1,92.2300,97.9200,met1,94.3000,97.9200,4.126e-06
met1,92.4600,87.0400,met1,94.7600,87.0400,2.766e-07
met1,92.6900,108.8000,met1,95.4500,108.8000,1.986e-05
met1,92.9200,5.4400,met1,95.2200,5.4400,7.411e-08
met1,92.9200,48.9600,met1,95.2200,48.9600,2.654e-06
met1,92.9200,59.8400,met1,96.6000,59.8400,6.785e-06
met1,92.9200,119.6800,met1,96.6000,119.6800,1.481e-05
met1,92.9200,136.0000,met1,94.7600,136.0000,1.814e-05
met1,92.9200,141.4400,met1,95.4500,141.4400,2.057e-05
met1,92.9200,146.8800,met1,95.2200,146.8800,6.589e-08
met1,93.1500,130.5600,met1,94.9900,130.5600,1.324e-05
met1,93.3800,38.0800,met1,95.4500,38.0800,5.521e-06
met1,93.3800,43.5200,met1,96.1400,43.5200,2.305e-06
met1,93.3800,65.2800,met1,95.6800,65.2800,1.562e-05
met1,93.3800,125.1200,met1,95.4500,125.1200,2.050e-05
met1,93.8400,103.3600,met1,96.6000,103.3600,1.019e-06
met1,94.0700,114.2400,met1,97.7500,114.2400,8.794e-06
met1,94.3000,70.7200,met1,96.6000,70.7200,4.955e-06
met1,94.3000,76.1600,met1,96.3700,76.1600,2.320e-06
met1,94.3000,97.9200,met1,97.0600,97.9200,4.126e-06
met1,94.5300,16.3200,met1,96.3700,16.3200,1.718e-06
met1,94.5300,27.2000,met1,97.7500,27.2000,4.620e-06
met1,94.5300,54.4000,met1,96.6000,54.4000,1.202e-05
met1,94.7600,21.7600,met1,96.8300,21.7600,1.103e-06
met1,94.7600,87.0400,met1,99.1300,87.0400,1.766e-06
met1,94.7600,136.0000,met1,97.5200,136.0000,1.890e-05
met1,94.9900,81.6000,met1,99.1300,81.6000,2.487e-06
met1,94.9900,130.5600,met1,96.8300,130.5600,1.369e-05
met1,95.2200,5.4400,met1,98.2100,5.4400,7.411e-08
met1,95.2200,48.9600,met1,97.7500,48.9600,2.817e-06
met1,95.2200,92.4800,met1,98.2100,92.4800,1.368e-05
met1,95.2200,146.8800,met1,98.4400,146.8800,6.317e-07
met1,95.4500,38.0800,met1,97.5200,38.0800,6.604e-06
met1,95.4500,108.8000,met1,97.9800,108.8000,2.091e-05
met1,95.4500,125.1200,met1,98.4400,125.1200,2.230e-05
met1,95.4500,141.4400,met1,97.7500,141.4400,2.143e-05
met1,95.6800,32.6400,met1,98.4400,32.6400,1.128e-05
met1,95.6800,65.2800,met1,98.4400,65.2800,1.575e-05
met1,96.1400,43.5200,met1,99.1300,43.5200,7.634e-06
met1,96.3700,16.3200,met1,98.6700,16.3200,1.718e-06
met1,96.3700,76.1600,met1,98.6700,76.1600,3.722e-05
met1,96.6000,54.4000,met1,99.1300,54.4000,1.718e-05
met1,96.6000,59.8400,met1,99.1300,59.8400,6.785e-06
met1,96.6000,70.7200,met1,99.1300,70.7200,5.195e-06
met1,96.6000,103.3600,met1,98.6700,103.3600,1.019e-06
met1,96.6000,119.6800,met1,98.6700,119.6800,2.119e-05
met1,96.8300,21.7600,met1,99.1300,21.7600,1.564e-05
met1,96.8300,130.5600,met1,99.1300,130.5600,1.707e-05
met1,97.0600,97.9200,met1,99.1300,97.9200,4.450e-06
met1,97.5200,10.8800,met1,100.2800,10.8800,5.674e-06
met1,97.5200,10.8800,met2,99.1300,10.8800,1.616e-05
met1,97.5200,38.0800,met1,100.2800,38.0800,4.554e-06
met1,97.5200,38.0800,met2,99.1300,38.0800,1.426e-05
met1,97.5200,136.0000,met1,99.8200,136.0000,2.030e-06
met1,97.5200,136.0000,met2,99.1300,136.0000,2.188e-05
met1,97.7500,27.2000,met1,100.2800,27.2000,2.316e-06
met1,97.7500,27.2000,met2,99.1300,27.2000,1.241e-05
met1,97.7500,48.9600,met1,99.8200,48.9600,1.465e-06
met1,97.7500,48.9600,met2,99.1300,48.9600,4.340e-06
met1,97.7500,114.2400,met1,100.2800,114.2400,4.874e-06
met1,97.7500,114.2400,met2,99.1300,114.2400,1.405e-05
met1,97.7500,141.4400,met1,100.2800,141.4400,1.223e-05
met1,97.7500,141.4400,met2,99.1300,141.4400,3.709e-05
met1,97.9800,108.8000,met1,100.2800,108.8000,1.611e-06
met1,97.9800,108.8000,met2,99.1300,108.8000,2.274e-05
met1,98.2100,5.4400,met1,100.5100,5.4400,1.044e-06
met1,98.2100,5.4400,met2,99.1300,5.4400,1.242e-06
met1,98.2100,92.4800,met1,100.9700,92.4800,6.326e-06
met1,98.2100,92.4800,met2,99.1300,92.4800,2.045e-05
met1,98.4400,32.6400,met1,100.5100,32.6400,1.184e-05
met1,98.4400,32.6400,met2,99.1300,32.6400,2.312e-05
met1,98.4400,65.2800,met1,100.5100,65.2800,1.071e-05
met1,98.4400,65.2800,met2,99.1300,65.2800,2.646e-05
met1,98.4400,125.1200,met1,100.9700,125.1200,1.130e-05
met1,98.4400,125.1200,met2,99.1300,125.1200,3.391e-05
met1,98.4400,146.8800,met1,100.5100,146.8800,2.469e-06
met1,98.4400,146.8800,met2,99.1300,146.8800,3.100e-06
met1,98.6700,16.3200,met1,100.9700,16.3200,1.162e-05
met1,98.6700,16.3200,met2,99.1300,16.3200,1.363e-05
met1,98.6700,76.1600,met1,100.9700,76.1600,2.360e-06
met1,98.6700,76.1600,met2,99.1300,76.1600,3.518e-05
met1,98.6700,103.3600,met1,100.5100,103.3600,6.073e-06
met1,98.6700,103.3600,met2,99.1300,103.3600,1.238e-05
met1,98.6700,119.6800,met1,100.9700,119.6800,3.386e-06
met1,98.6700,119.6800,met2,99.1300,119.6800,2.460e-05
met1,99.1300,21.7600,met1,100.9700,21.7600,2.309e-05
met1,99.1300,21.7600,met2,99.1300,21.7600,3.873e-05
met1,99.1300,43.5200,met1,100.9700,43.5200,5.875e-06
met1,99.1300,43.5200,met2,99.1300,43.5200,1.368e-05
met1,99.1300,54.4000,met1,100.9700,54.4000,5.967e-06
met1,99.1300,54.4000,met2,99.1300,54.4000,2.315e-05
met1,99.1300,59.8400,met1,100.9700,59.8400,1.687e-05
met1,99.1300,59.8400,met2,99.1300,59.8400,2.371e-05
met1,99.1300,70.7200,met1,100.9700,70.7200,8.373e-06
met1,99.1300,70.7200,met2,99.1300,70.7200,1.357e-05
met1,99.1300,81.6000,met1,100.9700,81.6000,9.399e-06
met1,99.1300,81.6000,met2,99.1300,81.6000,1.261e-05
met1,99.1300,87.0400,met1,100.9700,87.0400,1.373e-05
met1,99.1300,87.0400,met2,99.1300,87.0400,3.199e-05
met1,99.1300,97.9200,met1,100.9700,97.9200,8.676e-06
met1,99.1300,97.9200,met2,99.1300,97.9200,1.329e-05
met1,99.1300,130.5600,met1,100.9700,130.5600,2.260e-05
met1,99.1300,130.5600,met2,99.1300,130.5600,3.967e-05
met1,99.8200,48.9600,met1,102.1200,48.9600,1.465e-06
met1,99.8200,136.0000,met1,103.0400,136.0000,1.845e-06
met1,100.2800,10.8800,met1,102.1200,10.8800,5.674e-06
met1,100.2800,27.2000,met1,102.1200,27.2000,2.316e-06
met1,100.2800,38.0800,met1,102.1200,38.0800,3.577e-06
met1,100.2800,108.8000,met1,103.5000,108.8000,1.390e-06
met1,100.2800,114.2400,met1,104.8800,114.2400,4.825e-06
met1,100.2800,141.4400,met1,102.1200,141.4400,1.223e-05
met1,100.5100,5.4400,met1,102.8100,5.4400,1.044e-06
met1,100.5100,32.6400,met1,103.2700,32.6400,6.939e-06
met1,100.5100,65.2800,met1,103.2700,65.2800,1.071e-05
met1,100.5100,103.3600,met1,102.3500,103.3600,6.073e-06
met1,100.5100,146.8800,met1,103.5000,146.8800,2.469e-06
met1,100.9700,16.3200,met1,103.2700,16.3200,6.487e-06
met1,100.9700,21.7600,met1,103.0400,21.7600,6.486e-06
met1,100.9700,43.5200,met1,105.5700,43.5200,5.875e-06
met1,100.9700,54.4000,met1,103.0400,54.4000,5.967e-06
met1,100.9700,59.8400,met1,105.1100,59.8400,1.687e-05
met1,100.9700,70.7200,met1,104.4200,70.7200,3.309e-06
met1,100.9700,76.1600,met1,103.0400,76.1600,2.378e-06
met1,100.9700,81.6000,met1,102.8100,81.6000,4.361e-06
met1,100.9700,87.0400,met1,103.2700,87.0400,8.742e-06
met1,100.9700,92.4800,met1,102.8100,92.4800,5.941e-06
met1,100.9700,97.9200,met1,104.4200,97.9200,8.656e-06
met1,100.9700,119.6800,met1,103.0400,119.6800,2.148e-06
met1,100.9700,125.1200,met1,103.5000,125.1200,1.130e-05
met1,100.9700,130.5600,met1,103.0400,130.5600,1.992e-05
met1,102.1200,10.8800,met1,106.0300,10.8800,5.512e-06
met1,102.1200,27.2000,met1,104.6500,27.2000,2.316e-06
met1,102.1200,38.0800,met1,104.8800,38.0800,3.408e-06
met1,102.1200,48.9600,met1,103.9600,48.9600,1.465e-06
met1,102.1200,141.4400,met1,105.1100,141.4400,1.158e-05
met1,102.3500,103.3600,met1,105.1100,103.3600,5.915e-06
met1,102.8100,5.4400,met1,106.0300,5.4400,1.021e-06
met1,102.8100,81.6000,met1,105.3400,81.6000,4.195e-06
met1,102.8100,92.4800,met1,105.3400,92.4800,5.125e-06
met1,103.0400,21.7600,met1,105.5700,21.7600,6.512e-06
met1,103.0400,54.4000,met1,105.3400,54.4000,5.967e-06
met1,103.0400,76.1600,met1,104.8800,76.1600,2.542e-06
met1,103.0400,119.6800,met1,105.1100,119.6800,8.340e-07
met1,103.0400,130.5600,met1,105.3400,130.5600,1.850e-05
met1,103.0400,136.0000,met1,106.7200,136.0000,1.845e-06
met1,103.2700,16.3200,met1,108.1000,16.3200,6.444e-06
met1,103.2700,32.6400,met1,107.1800,32.6400,6.661e-06
met1,103.2700,65.2800,met1,105.1100,65.2800,1.031e-05
met1,103.2700,87.0400,met1,106.4900,87.0400,8.742e-06
met1,103.5000,108.8000,met1,105.3400,108.8000,1.212e-06
met1,103.5000,125.1200,met1,106.4900,125.1200,6.192e-06
met1,103.5000,146.8800,met1,108.1000,146.8800,2.166e-07
met1,103.9600,48.9600,met1,106.4900,48.9600,1.205e-06
met1,104.4200,70.7200,met1,106.7200,70.7200,3.202e-06
met1,104.4200,97.9200,met1,106.7200,97.9200,8.656e-06
met1,104.6500,27.2000,met1,106.4900,27.2000,2.228e-06
met1,104.8800,38.0800,met1,106.9500,38.0800,3.408e-06
met1,104.8800,76.1600,met1,106.9500,76.1600,2.632e-06
met1,104.8800,114.2400,met1,108.5600,114.2400,2.643e-07
met1,105.1100,59.8400,met1,107.8700,59.8400,1.164e-05
met1,105.1100,65.2800,met1,106.9500,65.2800,1.025e-05
met1,105.1100,103.3600,met1,107.8700,103.3600,4.967e-06
met1,105.1100,119.6800,met1,107.1800,119.6800,6.716e-07
met1,105.1100,141.4400,met1,107.4100,141.4400,9.973e-06
met1,105.3400,54.4000,met1,107.8700,54.4000,9.283e-07
met1,105.3400,81.6000,met1,107.4100,81.6000,4.195e-06
met1,105.3400,92.4800,met1,108.1000,92.4800,4.576e-06
met1,105.3400,108.8000,met1,107.8700,108.8000,8.637e-07
met1,105.3400,130.5600,met1,107.1800,130.5600,1.850e-05
met1,105.5700,21.7600,met1,108.1000,21.7600,6.539e-06
met1,105.5700,43.5200,met1,108.3300,43.5200,5.188e-07
met1,106.0300,5.4400,met1,108.5600,5.4400,9.454e-07
met1,106.0300,10.8800,met1,108.1000,10.8800,5.101e-06
met1,106.4900,27.2000,met1,108.5600,27.2000,2.228e-06
met1,106.4900,48.9600,met1,109.4800,48.9600,8.512e-07
met1,106.4900,87.0400,met1,108.7900,87.0400,7.186e-06
met1,106.4900,125.1200,met1,109.2500,125.1200,6.192e-06
met1,106.7200,70.7200,met1,110.4000,70.7200,3.041e-06
met1,106.7200,97.9200,met1,111.5500,97.9200,7.584e-06
met1,106.7200,136.0000,met1,108.7900,136.0000,1.845e-06
met1,106.9500,38.0800,met1,109.2500,38.0800,1.433e-06
met1,106.9500,65.2800,met1,108.7900,65.2800,9.654e-06
met1,106.9500,76.1600,met1,109.9400,76.1600,2.811e-06
met1,107.1800,32.6400,met1,109.4800,32.6400,6.661e-06
met1,107.1800,119.6800,met1,110.1700,119.6800,6.716e-07
met1,107.1800,130.5600,met1,109.7100,130.5600,7.710e-06
met1,107.4100,81.6000,met1,109.2500,81.6000,4.132e-06
met1,107.4100,141.4400,met1,109.7100,141.4400,2.609e-07
met1,107.8700,54.4000,met1,112.4700,54.4000,8.995e-07
met1,107.8700,59.8400,met1,110.4000,59.8400,1.148e-05
met1,107.8700,103.3600,met1,110.8600,103.3600,8.028e-07
met1,107.8700,108.8000,met1,111.3200,108.8000,7.031e-07
met1,108.1000,10.8800,met1,109.9400,10.8800,2.718e-08
met1,108.1000,16.3200,met1,110.4000,16.3200,6.444e-06
met1,108.1000,21.7600,met1,109.9400,21.7600,6.539e-06
met1,108.1000,92.4800,met1,109.9400,92.4800,4.576e-06
met1,108.1000,146.8800,met1,110.8600,146.8800,2.166e-07
met1,108.3300,43.5200,met1,110.6300,43.5200,4.771e-07
met1,108.5600,5.4400,met1,111.3200,5.4400,7.788e-07
met1,108.5600,27.2000,met1,111.3200,27.2000,2.228e-06
met1,108.5600,114.2400,met1,112.2400,114.2400,2.643e-07
met1,108.7900,65.2800,met1,112.4700,65.2800,9.473e-06
met1,108.7900,87.0400,met1,111.5500,87.0400,7.119e-06
met1,108.7900,136.0000,met1,111.3200,136.0000,1.686e-06
met1,109.2500,38.0800,met1,112.0100,38.0800,1.661e-06
met1,109.2500,81.6000,met1,112.2400,81.6000,3.945e-06
met1,109.2500,125.1200,met1,111.3200,125.1200,6.192e-06
met1,109.4800,32.6400,met1,111.3200,32.6400,6.383e-06
met1,109.4800,48.9600,met1,112.0100,48.9600,5.768e-07
met1,109.7100,130.5600,met1,113.1600,130.5600,7.514e-06
met1,109.7100,141.4400,met1,113.1600,141.4400,5.884e-07
met1,109.9400,10.8800,met1,113.3900,10.8800,2.718e-08
met1,109.9400,21.7600,met1,112.2400,21.7600,6.767e-06
met1,109.9400,76.1600,met1,111.7800,76.1600,2.945e-06
met1,109.9400,92.4800,met1,112.2400,92.4800,4.381e-06
met1,110.1700,119.6800,met1,112.7000,119.6800,1.912e-07
met1,110.4000,16.3200,met1,113.6200,16.3200,1.476e-06
met1,110.4000,59.8400,met1,112.4700,59.8400,1.148e-05
met1,110.4000,70.7200,met1,112.7000,70.7200,3.041e-06
met1,110.6300,43.5200,met1,113.6200,43.5200,4.381e-07
met1,110.8600,103.3600,met1,113.3900,103.3600,8.028e-07
met1,110.8600,146.8800,met1,113.3900,146.8800,2.166e-07
met1,111.3200,5.4400,met1,113.8500,5.4400,7.788e-07
met1,111.3200,27.2000,met1,114.3100,27.2000,2.719e-06
met1,111.3200,32.6400,met1,113.3900,32.6400,6.314e-06
met1,111.3200,108.8000,met1,113.1600,108.8000,7.031e-07
met1,111.3200,125.1200,met1,113.6200,125.1200,4.433e-06
met1,111.3200,136.0000,met1,113.3900,136.0000,1.227e-06
met1,111.5500,87.0400,met1,113.6200,87.0400,6.660e-06
met1,111.5500,97.9200,met1,114.0800,97.9200,2.241e-06
met1,111.7800,76.1600,met1,114.3100,76.1600,3.397e-06
met1,112.0100,38.0800,met1,114.7700,38.0800,1.826e-06
met1,112.0100,48.9600,met1,113.8500,48.9600,5.361e-07
met1,112.2400,21.7600,met1,114.0800,21.7600,6.858e-06
met1,112.2400,81.6000,met1,114.3100,81.6000,1.245e-06
met1,112.2400,92.4800,met1,114.7700,92.4800,4.280e-06
met1,112.2400,114.2400,met1,114.3100,114.2400,2.643e-07
met1,112.4700,54.4000,met1,114.7700,54.4000,4.331e-06
met1,112.4700,59.8400,met1,114.7700,59.8400,5.523e-06
met1,112.4700,65.2800,met1,114.5400,65.2800,9.096e-06
met1,112.7000,70.7200,met1,114.7700,70.7200,2.232e-06
met1,112.7000,119.6800,met1,114.7700,119.6800,5.505e-06
met1,113.1600,108.8000,met1,115.0000,108.8000,5.128e-07
met1,113.1600,130.5600,met1,115.9200,130.5600,1.234e-05
met1,113.1600,141.4400,met1,115.6900,141.4400,3.190e-06
met1,113.3900,10.8800,met1,115.6900,10.8800,2.625e-07
met1,113.3900,32.6400,met1,115.2300,32.6400,6.127e-06
met1,113.3900,103.3600,met1,116.8400,103.3600,8.250e-07
met1,113.3900,136.0000,met1,115.2300,136.0000,1.170e-06
met1,113.3900,146.8800,met1,116.8400,146.8800,1.888e-06
met1,113.6200,16.3200,met1,116.3800,16.3200,1.476e-06
met1,113.6200,43.5200,met1,115.4600,43.5200,4.381e-07
met1,113.6200,87.0400,met1,115.6900,87.0400,6.660e-06
met1,113.6200,125.1200,met1,115.4600,125.1200,4.433e-06
met1,113.8500,5.4400,met1,116.8400,5.4400,7.680e-07
met1,113.8500,48.9600,met1,117.0700,48.9600,3.665e-07
met1,114.0800,21.7600,met1,116.3800,21.7600,7.631e-06
met1,114.0800,97.9200,met1,117.5300,97.9200,2.241e-06
met1,114.3100,27.2000,met1,116.3800,27.2000,2.719e-06
met1,114.3100,76.1600,met1,116.8400,76.1600,4.120e-06
met1,114.3100,81.6000,met1,116.3800,81.6000,1.245e-06
met1,114.3100,114.2400,met1,116.6100,114.2400,2.643e-07
met1,114.5400,65.2800,met1,120.5200,65.2800,4.022e-06
met1,114.7700,38.0800,met1,117.7600,38.0800,2.118e-06
met1,114.7700,54.4000,met1,117.3000,54.4000,4.371e-06
met1,114.7700,59.8400,met1,117.0700,59.8400,5.523e-06
met1,114.7700,70.7200,met1,117.0700,70.7200,2.296e-06
met1,114.7700,92.4800,met1,117.5300,92.4800,2.901e-06
met1,114.7700,119.6800,met1,116.8400,119.6800,5.505e-06
met1,115.0000,108.8000,met1,117.0700,108.8000,4.635e-06
met1,115.2300,32.6400,met1,118.2200,32.6400,6.127e-06
met1,115.2300,136.0000,met1,117.7600,136.0000,8.286e-07
met1,115.4600,43.5200,met1,119.1400,43.5200,4.432e-06
met1,115.4600,125.1200,met1,117.7600,125.1200,4.270e-06
met1,115.6900,10.8800,met1,117.9900,10.8800,2.625e-07
met1,115.6900,87.0400,met1,121.4400,87.0400,6.495e-06
met1,115.6900,141.4400,met1,118.2200,141.4400,4.389e-06
met1,115.9200,130.5600,met1,118.4500,130.5600,1.234e-05
met1,116.3800,16.3200,met1,118.9100,16.3200,1.318e-06
met1,116.3800,21.7600,met1,118.9100,21.7600,7.655e-06
met1,116.3800,27.2000,met1,118.9100,27.2000,2.719e-06
met1,116.3800,81.6000,met1,118.6800,81.6000,1.462e-06
met1,116.6100,114.2400,met1,119.6000,114.2400,9.687e-08
met1,116.8400,5.4400,met1,119.1400,5.4400,7.680e-07
met1,116.8400,76.1600,met1,119.1400,76.1600,4.766e-06
met1,116.8400,103.3600,met1,118.9100,103.3600,8.250e-07
met1,116.8400,119.6800,met1,120.5200,119.6800,5.505e-06
met1,116.8400,146.8800,met1,118.9100,146.8800,1.888e-06
met1,117.0700,48.9600,met1,118.9100,48.9600,1.103e-07
met1,117.0700,59.8400,met1,119.8300,59.8400,7.065e-06
met1,117.0700,70.7200,met1,118.9100,70.7200,2.361e-06
met1,117.0700,108.8000,met1,119.8300,108.8000,5.118e-06
met1,117.3000,54.4000,met1,120.9800,54.4000,5.090e-06
met1,117.5300,92.4800,met1,119.8300,92.4800,2.876e-06
met1,117.5300,97.9200,met1,120.0600,97.9200,2.079e-06
met1,117.7600,38.0800,met1,120.5200,38.0800,2.285e-06
met1,117.7600,125.1200,met1,122.3600,125.1200,7.244e-06
met1,117.7600,136.0000,met1,120.5200,136.0000,2.610e-06
met1,117.9900,10.8800,met1,120.7500,10.8800,5.563e-06
met1,118.2200,32.6400,met1,120.0600,32.6400,6.106e-06
met1,118.2200,141.4400,met1,122.3600,141.4400,1.394e-05
met1,118.4500,130.5600,met1,120.9800,130.5600,1.300e-05
met1,118.6800,81.6000,met1,121.2100,81.6000,1.462e-06
met1,118.9100,16.3200,met1,121.2100,16.3200,1.318e-06
met1,118.9100,21.7600,met1,120.9800,21.7600,7.679e-06
met1,118.9100,27.2000,met1,122.8200,27.2000,3.014e-06
met1,118.9100,48.9600,met1,120.9800,48.9600,7.230e-08
met1,118.9100,70.7200,met1,120.7500,70.7200,2.361e-06
met1,118.9100,103.3600,met1,120.9800,103.3600,8.250e-07
met1,118.9100,146.8800,met1,122.3600,146.8800,2.049e-06
met1,119.1400,5.4400,met1,121.9000,5.4400,6.079e-07
met1,119.1400,43.5200,met1,121.2100,43.5200,4.432e-06
met1,119.1400,76.1600,met1,120.9800,76.1600,4.766e-06
met1,119.6000,114.2400,met1,122.3600,114.2400,6.219e-08
met1,119.8300,59.8400,met1,121.9000,59.8400,8.058e-06
met1,119.8300,92.4800,met1,122.5900,92.4800,1.394e-05
met1,119.8300,108.8000,met1,121.6700,108.8000,5.185e-06
met1,120.0600,32.6400,met1,122.1300,32.6400,1.178e-06
met1,120.0600,97.9200,met1,123.2800,97.9200,3.179e-06
met1,120.5200,38.0800,met1,122.8200,38.0800,2.499e-06
met1,120.5200,65.2800,met1,123.7400,65.2800,2.538e-05
met1,120.5200,119.6800,met1,124.2000,119.6800,5.970e-06
met1,120.5200,136.0000,met1,122.3600,136.0000,2.610e-06
met1,120.7500,10.8800,met1,123.9700,10.8800,5.607e-06
met1,120.7500,70.7200,met1,123.0500,70.7200,2.361e-06
met1,120.9800,21.7600,met1,123.2800,21.7600,7.694e-06
met1,120.9800,48.9600,met1,123.7400,48.9600,2.868e-07
met1,120.9800,54.4000,met1,123.0500,54.4000,5.090e-06
met1,120.9800,76.1600,met1,123.2800,76.1600,5.288e-06
met1,120.9800,103.3600,met1,123.9700,103.3600,6.219e-06
met1,120.9800,130.5600,met1,123.7400,130.5600,2.309e-05
met1,121.2100,16.3200,met1,124.6600,16.3200,3.738e-06
met1,121.2100,43.5200,met1,124.2000,43.5200,4.444e-06
met1,121.2100,81.6000,met1,123.9700,81.6000,7.008e-06
met1,121.4400,87.0400,met1,126.2700,87.0400,2.785e-05
met1,121.6700,108.8000,met1,123.9700,108.8000,5.872e-06
met1,121.9000,5.4400,met1,123.9700,5.4400,6.079e-07
met1,121.9000,59.8400,met1,123.7400,59.8400,8.058e-06
met1,122.1300,32.6400,met1,124.8900,32.6400,1.017e-06
met1,122.3600,114.2400,met1,126.0400,114.2400,5.356e-06
met1,122.3600,125.1200,met1,124.2000,125.1200,1.348e-05
met1,122.3600,136.0000,met1,124.4300,136.0000,3.521e-06
met1,122.3600,141.4400,met1,124.2000,141.4400,1.432e-05
met1,122.3600,146.8800,met1,126.0400,146.8800,2.049e-06
met1,122.5900,92.4800,met1,126.2700,92.4800,1.413e-05
met1,122.8200,27.2000,met1,125.1200,27.2000,3.408e-06
met1,122.8200,38.0800,met1,124.6600,38.0800,2.581e-06
met1,123.0500,54.4000,met1,125.3500,54.4000,1.014e-05
met1,123.0500,70.7200,met1,125.8100,70.7200,7.659e-06
met1,123.2800,21.7600,met1,125.1200,21.7600,7.694e-06
met1,123.2800,76.1600,met1,126.2700,76.1600,7.172e-06
met1,123.2800,97.9200,met1,125.3500,97.9200,3.768e-06
met1,123.7400,48.9600,met1,125.5800,48.9600,2.868e-07
met1,123.7400,59.8400,met1,126.2700,59.8400,1.325e-05
met1,123.7400,65.2800,met1,126.2700,65.2800,2.556e-05
met1,123.7400,130.5600,met1,126.0400,130.5600,2.369e-05
met1,123.9700,5.4400,met1,126.2700,5.4400,6.079e-07
met1,123.9700,10.8800,met1,126.2700,10.8800,6.167e-06
met1,123.9700,81.6000,met1,126.2700,81.6000,7.203e-06
met1,123.9700,103.3600,met1,126.2700,103.3600,6.241e-06
met1,123.9700,108.8000,met1,126.2700,108.8000,7.301e-06
met1,124.2000,43.5200,met1,126.2700,43.5200,9.274e-06
met1,124.2000,119.6800,met1,126.2700,119.6800,5.970e-06
met1,124.2000,125.1200,met1,126.2700,125.1200,1.348e-05
met1,124.2000,141.4400,met1,126.2700,141.4400,1.432e-05
met1,124.4300,136.0000,met1,126.2700,136.0000,5.587e-06
met1,124.6600,16.3200,met1,126.7300,16.3200,1.042e-05
met1,124.6600,16.3200,met2,126.2700,16.3200,3.080e-05
met1,124.6600,38.0800,met1,126.9600,38.0800,1.045e-05
met1,124.6600,38.0800,met2,126.2700,38.0800,1.319e-05
met1,124.8900,32.6400,met1,126.9600,32.6400,5.185e-05
met1,124.8900,32.6400,met2,126.2700,32.6400,5.095e-05
met1,125.1200,21.7600,met1,126.9600,21.7600,6.963e-06
met1,125.1200,21.7600,met2,126.2700,21.7600,1.490e-05
met1,125.1200,27.2000,met1,127.6500,27.2000,6.583e-06
met1,125.1200,27.2000,met2,126.2700,27.2000,1.012e-05
met1,125.3500,54.4000,met1,128.1100,54.4000,6.202e-06
met1,125.3500,54.4000,met2,126.2700,54.4000,1.671e-05
met1,125.3500,97.9200,met1,128.5700,97.9200,1.171e-05
met1,125.3500,97.9200,met2,126.2700,97.9200,3.295e-05
met1,125.5800,48.9600,met1,127.4200,48.9600,6.356e-06
met1,125.5800,48.9600,met2,126.2700,48.9600,7.172e-06
met1,125.8100,70.7200,met1,128.3400,70.7200,7.267e-06
met1,125.8100,70.7200,met2,126.2700,70.7200,1.494e-05
met1,126.0400,114.2400,met1,128.1100,114.2400,1.151e-05
met1,126.0400,114.2400,met2,126.2700,114.2400,1.815e-05
met1,126.0400,130.5600,met1,128.5700,130.5600,1.072e-05
met1,126.0400,130.5600,met2,126.2700,130.5600,3.796e-05
met1,126.0400,146.8800,met1,128.1100,146.8800,3.224e-07
met1,126.0400,146.8800,met2,126.2700,146.8800,2.371e-06
met1,126.2700,5.4400,met1,128.5700,5.4400,5.154e-06
met1,126.2700,5.4400,met2,126.2700,5.4400,4.819e-06
met1,126.2700,10.8800,met1,128.5700,10.8800,1.123e-05
met1,126.2700,10.8800,met2,126.2700,10.8800,1.744e-05
met1,126.2700,43.5200,met1,128.5700,43.5200,1.400e-06
met1,126.2700,43.5200,met2,126.2700,43.5200,1.067e-05
met1,126.2700,59.8400,met1,128.5700,59.8400,2.353e-05
met1,126.2700,59.8400,met2,126.2700,59.8400,3.678e-05
met1,126.2700,65.2800,met1,128.5700,65.2800,7.242e-06
met1,126.2700,65.2800,met2,126.2700,65.2800,3.283e-05
met1,126.2700,76.1600,met1,128.5700,76.1600,7.753e-06
met1,126.2700,76.1600,met2,126.2700,76.1600,1.572e-05
met1,126.2700,81.6000,met1,128.1100,81.6000,8.571e-06
met1,126.2700,81.6000,met2,126.2700,81.6000,1.577e-05
met1,126.2700,87.0400,met1,128.5700,87.0400,1.140e-05
met1,126.2700,87.0400,met2,126.2700,87.0400,3.924e-05
met1,126.2700,92.4800,met1,128.5700,92.4800,7.457e-06
met1,126.2700,92.4800,met2,126.2700,92.4800,2.159e-05
met1,126.2700,103.3600,met1,128.5700,103.3600,7.556e-06
met1,126.2700,103.3600,met2,126.2700,103.3600,1.436e-05
met1,126.2700,108.8000,met1,128.5700,108.8000,7.425e-06
met1,126.2700,108.8000,met2,126.2700,108.8000,1.473e-05
met1,126.2700,119.6800,met1,128.1100,119.6800,8.057e-06
met1,126.2700,119.6800,met2,126.2700,119.6800,1.403e-05
met1,126.2700,125.1200,met1,128.5700,125.1200,2.901e-05
met1,126.2700,125.1200,met2,126.2700,125.1200,4.307e-05
met1,126.2700,136.0000,met1,128.5700,136.0000,1.569e-05
met1,126.2700,136.0000,met2,126.2700,136.0000,2.242e-05
met1,126.2700,141.4400,met1,128.5700,141.4400,1.952e-05
met1,126.2700,141.4400,met2,126.2700,141.4400,3.383e-05
met1,126.7300,16.3200,met1,128.5700,16.3200,1.025e-05
met1,126.9600,21.7600,met1,129.0300,21.7600,6.693e-06
met1,126.9600,32.6400,met1,131.5600,32.6400,3.474e-05
met1,126.9600,38.0800,met1,129.2600,38.0800,1.042e-05
met1,127.4200,48.9600,met1,129.4900,48.9600,6.301e-06
met1,127.6500,27.2000,met1,130.1800,27.2000,6.519e-06
met1,128.1100,54.4000,met1,131.1000,54.4000,5.995e-06
met1,128.1100,81.6000,met1,129.9500,81.6000,8.571e-06
met1,128.1100,114.2400,met1,132.0200,114.2400,1.151e-05
met1,128.1100,119.6800,met1,129.9500,119.6800,8.057e-06
met1,128.1100,146.8800,met1,129.9500,146.8800,3.224e-07
met1,128.3400,70.7200,met1,130.4100,70.7200,7.267e-06
met1,128.5700,5.4400,met1,131.1000,5.4400,4.993e-06
met1,128.5700,10.8800,met1,130.8700,10.8800,6.307e-06
met1,128.5700,16.3200,met1,130.8700,16.3200,1.025e-05
met1,128.5700,43.5200,met1,130.6400,43.5200,1.400e-06
met1,128.5700,59.8400,met1,132.2500,59.8400,7.386e-06
met1,128.5700,65.2800,met1,132.4800,65.2800,7.242e-06
met1,128.5700,76.1600,met1,131.3300,76.1600,7.753e-06
met1,128.5700,87.0400,met1,130.8700,87.0400,1.140e-05
met1,128.5700,92.4800,met1,130.6400,92.4800,2.246e-06
met1,128.5700,97.9200,met1,130.8700,97.9200,6.735e-06
met1,128.5700,103.3600,met1,130.8700,103.3600,7.556e-06
met1,128.5700,108.8000,met1,131.1000,108.8000,7.425e-06
met1,128.5700,125.1200,met1,131.5600,125.1200,2.805e-05
met1,128.5700,130.5600,met1,131.1000,130.5600,1.072e-05
met1,128.5700,136.0000,met1,130.6400,136.0000,1.569e-05
met1,128.5700,141.4400,met1,134.3200,141.4400,1.113e-05
met1,129.0300,21.7600,met1,131.5600,21.7600,6.693e-06
met1,129.2600,38.0800,met1,133.1700,38.0800,1.024e-05
met1,129.4900,48.9600,met1,132.0200,48.9600,6.257e-06
met1,129.9500,81.6000,met1,131.7900,81.6000,8.404e-06
met1,129.9500,119.6800,met1,132.4800,119.6800,7.098e-06
met1,129.9500,146.8800,met1,132.4800,146.8800,1.583e-07
met1,130.1800,27.2000,met1,132.4800,27.2000,6.280e-06
met1,130.4100,70.7200,met1,134.0900,70.7200,6.081e-06
met1,130.6400,43.5200,met1,133.4000,43.5200,1.233e-06
met1,130.6400,92.4800,met1,133.4000,92.4800,2.246e-06
met1,130.6400,136.0000,met1,132.4800,136.0000,5.065e-06
met1,130.8700,10.8800,met1,134.3200,10.8800,6.119e-06
met1,130.8700,16.3200,met1,132.7100,16.3200,5.458e-06
met1,130.8700,87.0400,met1,133.6300,87.0400,5.832e-06
met1,130.8700,97.9200,met1,133.6300,97.9200,6.405e-06
met1,130.8700,103.3600,met1,134.3200,103.3600,6.913e-06
met1,131.1000,5.4400,met1,137.5400,5.4400,4.993e-06
met1,131.1000,54.4000,met1,133.8600,54.4000,5.636e-06
met1,131.1000,108.8000,met1,134.7800,108.8000,1.084e-06
met1,131.1000,130.5600,met1,132.9400,130.5600,1.056e-05
met1,131.3300,76.1600,met1,133.4000,76.1600,7.381e-06
met1,131.5600,21.7600,met1,133.8600,21.7600,6.693e-06
met1,131.5600,32.6400,met1,134.3200,32.6400,2.989e-05
met1,131.5600,125.1200,met1,134.0900,125.1200,5.939e-06
met1,131.7900,81.6000,met1,134.5500,81.6000,7.530e-06
met1,132.0200,48.9600,met1,133.8600,48.9600,6.257e-06
met1,132.0200,114.2400,met1,134.7800,114.2400,6.180e-06
met1,132.2500,59.8400,met1,134.3200,59.8400,7.009e-06
met1,132.4800,27.2000,met1,135.2400,27.2000,6.122e-06
met1,132.4800,65.2800,met1,134.5500,65.2800,7.242e-06
met1,132.4800,119.6800,met1,134.7800,119.6800,7.098e-06
met1,132.4800,136.0000,met1,134.5500,136.0000,5.065e-06
met1,132.4800,146.8800,met1,135.0100,146.8800,1.583e-07
met1,132.7100,16.3200,met1,136.1600,16.3200,5.296e-06
met1,132.9400,130.5600,met1,136.3900,130.5600,2.304e-06
met1,133.1700,38.0800,met1,135.9300,38.0800,5.311e-06
met1,133.4000,43.5200,met1,136.1600,43.5200,8.624e-07
met1,133.4000,76.1600,met1,135.7000,76.1600,2.286e-06
met1,133.4000,92.4800,met1,136.3900,92.4800,2.246e-06
met1,133.6300,87.0400,met1,138.4600,87.0400,5.809e-06
met1,133.6300,97.9200,met1,135.4700,97.9200,6.386e-06
met1,133.8600,21.7600,met1,136.6200,21.7600,1.431e-06
met1,133.8600,48.9600,met1,135.9300,48.9600,1.215e-06
met1,133.8600,54.4000,met1,135.9300,54.4000,5.636e-06
met1,134.0900,70.7200,met1,137.0800,70.7200,5.749e-06
met1,134.0900,125.1200,met1,135.9300,125.1200,5.780e-06
met1,134.3200,10.8800,met1,136.3900,10.8800,5.826e-06
met1,134.3200,32.6400,met1,136.3900,32.6400,4.947e-07
met1,134.3200,59.8400,met1,137.7700,59.8400,5.714e-07
met1,134.3200,103.3600,met1,136.3900,103.3600,5.597e-06
met1,134.3200,141.4400,met1,138.9200,141.4400,1.160e-13
met1,134.5500,65.2800,met1,137.0800,65.2800,2.065e-06
met1,134.5500,81.6000,met1,137.3100,81.6000,7.368e-06
met1,134.5500,136.0000,met1,136.3900,136.0000,5.065e-06
met1,134.7800,108.8000,met1,138.4600,108.8000,1.084e-06
met1,134.7800,114.2400,met1,138.2300,114.2400,6.180e-06
met1,134.7800,119.6800,met1,138.6900,119.6800,5.899e-06
met1,135.0100,146.8800,met1,137.5400,146.8800,1.592e-12
met1,135.2400,27.2000,met1,137.5400,27.2000,5.798e-06
met1,135.4700,97.9200,met1,137.7700,97.9200,6.317e-06
met1,135.7000,76.1600,met1,137.7700,76.1600,2.286e-06
met1,135.9300,38.0800,met1,140.0700,38.0800,5.287e-06
met1,135.9300,48.9600,met1,138.4600,48.9600,1.171e-06
met1,135.9300,54.4000,met1,137.7700,54.4000,5.636e-06
met1,135.9300,125.1200,met1,138.0000,125.1200,5.780e-06
met1,136.1600,16.3200,met1,140.0700,16.3200,5.296e-06
met1,136.1600,43.5200,met1,138.4600,43.5200,4.538e-07
met1,136.3900,10.8800,met1,139.1500,10.8800,5.618e-06
met1,136.3900,32.6400,met1,140.0700,32.6400,4.535e-07
met1,136.3900,92.4800,met1,140.3000,92.4800,2.305e-07
met1,136.3900,103.3600,met1,140.7600,103.3600,5.597e-06
met1,136.3900,130.5600,met1,139.3800,130.5600,6.272e-14
met1,136.3900,136.0000,met1,139.8400,136.0000,8.267e-08
met1,136.6200,21.7600,met1,138.6900,21.7600,1.431e-06
met1,137.0800,65.2800,met1,139.8400,65.2800,1.174e-06
met1,137.0800,70.7200,met1,140.0700,70.7200,5.749e-06
met1,137.3100,81.6000,met1,139.6100,81.6000,7.368e-06
met1,137.5400,5.4400,met1,142.3700,5.4400,8.798e-14
met1,137.5400,27.2000,met1,140.3000,27.2000,5.798e-06
met1,137.5400,146.8800,met1,140.3000,146.8800,1.610e-12
met1,137.7700,54.4000,met1,140.3000,54.4000,5.344e-06
met1,137.7700,59.8400,met1,139.8400,59.8400,3.956e-07
met1,137.7700,76.1600,met1,140.3000,76.1600,1.086e-06
met1,137.7700,97.9200,met1,140.3000,97.9200,5.849e-06
met1,138.0000,125.1200,met1,140.7600,125.1200,5.780e-06
met1,138.2300,114.2400,met1,141.2200,114.2400,5.686e-06
met1,138.4600,43.5200,met1,141.2200,43.5200,4.123e-07
met1,138.4600,48.9600,met1,140.5300,48.9600,8.540e-07
met1,138.4600,87.0400,met1,141.2200,87.0400,3.692e-07
met1,138.4600,108.8000,met1,141.2200,108.8000,6.075e-07
met1,138.6900,21.7600,met1,140.9900,21.7600,1.149e-06
met1,138.6900,119.6800,met1,141.2200,119.6800,5.406e-06
met1,138.9200,141.4400,met1,140.7600,141.4400,1.843e-13
met1,139.1500,10.8800,met1,141.6800,10.8800,5.263e-06
met1,139.3800,130.5600,met1,141.6800,130.5600,1.397e-13
met1,139.6100,81.6000,met1,141.6800,81.6000,6.822e-06
met1,139.8400,59.8400,met1,141.9100,59.8400,3.956e-07
met1,139.8400,65.2800,met1,142.3700,65.2800,4.038e-07
met1,139.8400,136.0000,met1,141.9100,136.0000,2.122e-12
met1,140.0700,16.3200,met1,142.3700,16.3200,5.041e-06
met1,140.0700,32.6400,met1,142.3700,32.6400,1.613e-07
met1,140.0700,38.0800,met1,142.3700,38.0800,5.050e-06
met1,140.0700,70.7200,met1,142.3700,70.7200,5.274e-06
met1,140.3000,27.2000,met1,142.3700,27.2000,4.957e-06
met1,140.3000,54.4000,met1,142.3700,54.4000,2.407e-07
met1,140.3000,76.1600,met1,142.3700,76.1600,1.056e-06
met1,140.3000,92.4800,met1,142.3700,92.4800,2.305e-07
met1,140.3000,97.9200,met1,142.3700,97.9200,5.022e-07
met1,140.3000,146.8800,met1,142.3700,146.8800,1.516e-12
met1,140.5300,48.9600,met1,142.3700,48.9600,5.450e-07
met1,140.7600,103.3600,met1,142.8300,103.3600,1.488e-07
met1,140.7600,125.1200,met1,144.4400,125.1200,2.569e-13
met1,140.7600,141.4400,met1,144.4400,141.4400,1.531e-13
met1,140.9900,21.7600,met1,143.7500,21.7600,1.789e-07
met1,141.2200,43.5200,met1,143.7500,43.5200,2.825e-07
met1,141.2200,87.0400,met1,143.7500,87.0400,3.692e-07
met1,141.2200,108.8000,met1,143.7500,108.8000,4.717e-07
met1,141.2200,114.2400,met1,143.7500,114.2400,2.056e-07
met1,141.2200,119.6800,met1,144.4400,119.6800,1.832e-12
met1,141.6800,10.8800,met1,144.4400,10.8800,3.775e-07
met1,141.6800,81.6000,met1,143.7500,81.6000,1.480e-06
met1,141.6800,130.5600,met1,143.5200,130.5600,1.136e-13
met1,141.9100,59.8400,met1,143.7500,59.8400,2.549e-07
met1,141.9100,136.0000,met1,144.4400,136.0000,7.612e-14
met1,142.3700,5.4400,met1,144.4400,5.4400,9.243e-14
met1,142.3700,16.3200,met1,144.6700,16.3200,1.620e-07
met1,142.3700,27.2000,met1,144.4400,27.2000,1.364e-12
met1,142.3700,32.6400,met1,144.2100,32.6400,1.613e-07
met1,142.3700,38.0800,met1,144.2100,38.0800,1.596e-07
met1,142.3700,48.9600,met1,145.1300,48.9600,1.405e-07
met1,142.3700,54.4000,met1,145.3600,54.4000,1.093e-07
met1,142.3700,65.2800,met1,145.1300,65.2800,1.290e-07
met1,142.3700,70.7200,met1,144.9000,70.7200,1.721e-12
met1,142.3700,76.1600,met1,144.9000,76.1600,1.100e-07
met1,142.3700,92.4800,met1,145.1300,92.4800,1.082e-07
met1,142.3700,97.9200,met1,145.1300,97.9200,2.977e-07
met1,142.3700,146.8800,met1,144.4400,146.8800,1.591e-12
met1,142.8300,103.3600,met1,145.3600,103.3600,1.257e-12
met1,143.5200,130.5600,met1,146.2800,130.5600,2.288e-16
met1,143.7500,21.7600,met1,146.2800,21.7600,2.336e-12
met1,143.7500,43.5200,met1,146.7400,43.5200,1.539e-12
met1,143.7500,59.8400,met1,146.7400,59.8400,1.574e-12
met1,143.7500,81.6000,met1,146.5100,81.6000,1.187e-06
met1,143.7500,87.0400,met1,146.2800,87.0400,8.835e-14
met1,143.7500,108.8000,met1,146.2800,108.8000,4.143e-14
met1,143.7500,114.2400,met1,146.7400,114.2400,1.644e-12
met1,144.2100,32.6400,met1,146.9700,32.6400,5.491e-14
met1,144.2100,38.0800,met1,146.9700,38.0800,5.468e-14
met1,144.4400,5.4400,met1,146.7400,5.4400,9.032e-14
met1,144.4400,10.8800,met1,146.7400,10.8800,2.279e-13
met1,144.4400,27.2000,met1,146.7400,27.2000,1.296e-12
met1,144.4400,119.6800,met1,146.7400,119.6800,1.546e-12
met1,144.4400,125.1200,met1,146.2800,125.1200,1.846e-13
met1,144.4400,136.0000,met1,146.2800,136.0000,1.843e-13
met1,144.4400,141.4400,met1,146.7400,141.4400,1.233e-13
met1,144.4400,146.8800,met1,146.7400,146.8800,1.478e-12
met1,144.9000,70.7200,met1,146.9700,70.7200,4.881e-15
met1,144.9000,76.1600,met1,146.9700,76.1600,1.519e-12
met1,145.1300,48.9600,met1,146.9700,48.9600,3.752e-12
met1,145.1300,65.2800,met1,146.9700,65.2800,6.367e-12
met1,145.1300,92.4800,met1,146.9700,92.4800,1.846e-13
met1,145.1300,97.9200,met1,146.9700,97.9200,1.846e-13
met2,17.7100,5.4400,met3,17.7100,5.4400,1.147e-06
met2,17.7100,10.8800,met3,17.7100,10.8800,2.199e-05
met2,17.7100,16.3200,met3,17.7100,16.3200,2.190e-05
met2,17.7100,21.7600,met3,17.7100,21.7600,1.296e-05
met2,17.7100,27.2000,met3,17.7100,27.2000,4.927e-05
met2,17.7100,32.6400,met3,17.7100,32.6400,1.014e-05
met2,17.7100,38.0800,met3,17.7100,38.0800,2.081e-05
met2,17.7100,43.5200,met3,17.7100,43.5200,1.407e-05
met2,17.7100,48.9600,met3,17.7100,48.9600,3.264e-05
met2,17.7100,54.4000,met3,17.7100,54.4000,1.887e-05
met2,17.7100,59.8400,met3,17.7100,59.8400,1.765e-05
met2,17.7100,65.2800,met3,17.7100,65.2800,3.322e-05
met2,17.7100,70.7200,met3,17.7100,70.7200,2.108e-05
met2,17.7100,76.1600,met3,17.7100,76.1600,4.621e-06
met2,17.7100,81.6000,met3,17.7100,81.6000,2.824e-05
met2,17.7100,87.0400,met3,17.7100,87.0400,1.651e-05
met2,17.7100,92.4800,met3,17.7100,92.4800,3.638e-05
met2,17.7100,97.9200,met3,17.7100,97.9200,2.275e-05
met2,17.7100,103.3600,met3,17.7100,103.3600,1.525e-05
met2,17.7100,108.8000,met3,17.7100,108.8000,2.027e-05
met2,17.7100,114.2400,met3,17.7100,114.2400,2.113e-05
met2,17.7100,119.6800,met3,17.7100,119.6800,3.206e-05
met2,17.7100,125.1200,met3,17.7100,125.1200,3.751e-05
met2,17.7100,130.5600,met3,17.7100,130.5600,3.125e-05
met2,17.7100,136.0000,met3,17.7100,136.0000,2.987e-05
met2,17.7100,141.4400,met3,17.7100,141.4400,2.619e-05
met2,17.7100,146.8800,met3,17.7100,146.8800,8.264e-07
met2,44.8500,5.4400,met3,44.8500,5.4400,9.151e-07
met2,44.8500,10.8800,met3,44.8500,10.8800,1.849e-05
met2,44.8500,16.3200,met3,44.8500,16.3200,1.760e-05
met2,44.8500,21.7600,met3,44.8500,21.7600,1.115e-05
met2,44.8500,27.2000,met3,44.8500,27.2000,2.984e-05
met2,44.8500,32.6400,met3,44.8500,32.6400,1.510e-05
met2,44.8500,38.0800,met3,44.8500,38.0800,1.495e-05
met2,44.8500,43.5200,met3,44.8500,43.5200,1.429e-05
met2,44.8500,48.9600,met3,44.8500,48.9600,1.977e-05
met2,44.8500,54.4000,met3,44.8500,54.4000,2.069e-05
met2,44.8500,59.8400,met3,44.8500,59.8400,1.516e-05
met2,44.8500,65.2800,met3,44.8500,65.2800,2.860e-05
met2,44.8500,70.7200,met3,44.8500,70.7200,1.392e-05
met2,44.8500,76.1600,met3,44.8500,76.1600,1.247e-05
met2,44.8500,81.6000,met3,44.8500,81.6000,3.809e-05
met2,44.8500,87.0400,met3,44.8500,87.0400,1.462e-05
met2,44.8500,92.4800,met3,44.8500,92.4800,3.361e-05
met2,44.8500,97.9200,met3,44.8500,97.9200,1.136e-05
met2,44.8500,103.3600,met3,44.8500,103.3600,1.944e-05
met2,44.8500,108.8000,met3,44.8500,108.8000,1.988e-05
met2,44.8500,114.2400,met3,44.8500,114.2400,1.996e-05
met2,44.8500,119.6800,met3,44.8500,119.6800,2.703e-05
met2,44.8500,125.1200,met3,44.8500,125.1200,2.698e-05
met2,44.8500,130.5600,met3,44.8500,130.5600,3.137e-05
met2,44.8500,136.0000,met3,44.8500,136.0000,3.470e-05
met2,44.8500,141.4400,met3,44.8500,141.4400,4.278e-05
met2,44.8500,146.8800,met3,44.8500,146.8800,1.017e-07
met2,71.9900,5.4400,met3,71.9900,5.4400,7.639e-07
met2,71.9900,10.8800,met3,71.9900,10.8800,1.272e-05
met2,71.9900,16.3200,met3,71.9900,16.3200,9.549e-06
met2,71.9900,21.7600,met3,71.9900,21.7600,1.523e-05
met2,71.9900,27.2000,met3,71.9900,27.2000,2.151e-05
met2,71.9900,32.6400,met3,71.9900,32.6400,2.187e-05
met2,71.9900,38.0800,met3,71.9900,38.0800,1.416e-05
met2,71.9900,43.5200,met3,71.9900,43.5200,1.148e-05
met2,71.9900,48.9600,met3,71.9900,48.9600,1.188e-05
met2,71.9900,54.4000,met3,71.9900,54.4000,3.190e-05
met2,71.9900,59.8400,met3,71.9900,59.8400,3.441e-05
met2,71.9900,65.2800,met3,71.9900,65.2800,1.999e-05
met2,71.9900,70.7200,met3,71.9900,70.7200,1.076e-05
met2,71.9900,76.1600,met3,71.9900,76.1600,2.299e-05
met2,71.9900,81.6000,met3,71.9900,81.6000,1.445e-05
met2,71.9900,87.0400,met3,71.9900,87.0400,1.269e-05
met2,71.9900,92.4800,met3,71.9900,92.4800,2.694e-05
met2,71.9900,97.9200,met3,71.9900,97.9200,1.072e-05
met2,71.9900,103.3600,met3,71.9900,103.3600,9.694e-06
met2,71.9900,108.8000,met3,71.9900,108.8000,2.534e-05
met2,71.9900,114.2400,met3,71.9900,114.2400,1.965e-05
met2,71.9900,119.6800,met3,71.9900,119.6800,3.668e-05
met2,71.9900,125.1200,met3,71.9900,125.1200,3.365e-05
met2,71.9900,130.5600,met3,71.9900,130.5600,3.032e-05
met2,71.9900,136.0000,met3,71.9900,136.0000,2.421e-05
met2,71.9900,141.4400,met3,71.9900,141.4400,5.187e-05
met2,71.9900,146.8800,met3,71.9900,146.8800,2.773e-07
met2,99.1300,5.4400,met3,99.1300,5.4400,1.242e-06
met2,99.1300,10.8800,met3,99.1300,10.8800,1.616e-05
met2,99.1300,16.3200,met3,99.1300,16.3200,1.363e-05
met2,99.1300,21.7600,met3,99.1300,21.7600,3.873e-05
met2,99.1300,27.2000,met3,99.1300,27.2000,1.241e-05
met2,99.1300,32.6400,met3,99.1300,32.6400,2.312e-05
met2,99.1300,38.0800,met3,99.1300,38.0800,1.426e-05
met2,99.1300,43.5200,met3,99.1300,43.5200,1.368e-05
met2,99.1300,48.9600,met3,99.1300,48.9600,4.340e-06
met2,99.1300,54.4000,met3,99.1300,54.4000,2.315e-05
met2,99.1300,59.8400,met3,99.1300,59.8400,2.371e-05
met2,99.1300,65.2800,met3,99.1300,65.2800,2.646e-05
met2,99.1300,70.7200,met3,99.1300,70.7200,1.357e-05
met2,99.1300,76.1600,met3,99.1300,76.1600,3.518e-05
met2,99.1300,81.6000,met3,99.1300,81.6000,1.261e-05
met2,99.1300,87.0400,met3,99.1300,87.0400,3.199e-05
met2,99.1300,92.4800,met3,99.1300,92.4800,2.045e-05
met2,99.1300,97.9200,met3,99.1300,97.9200,1.329e-05
met2,99.1300,103.3600,met3,99.1300,103.3600,1.238e-05
met2,99.1300,108.8000,met3,99.1300,108.8000,2.274e-05
met2,99.1300,114.2400,met3,99.1300,114.2400,1.405e-05
met2,99.1300,119.6800,met3,99.1300,119.6800,2.460e-05
met2,99.1300,125.1200,met3,99.1300,125.1200,3.391e-05
met2,99.1300,130.5600,met3,99.1300,130.5600,3.967e-05
met2,99.1300,136.0000,met3,99.1300,136.0000,2.188e-05
met2,99.1300,141.4400,met3,99.1300,141.4400,3.709e-05
met2,99.1300,146.8800,met3,99.1300,146.8800,3.100e-06
met2,126.2700,5.4400,met3,126.2700,5.4400,4.819e-06
met2,126.2700,10.8800,met3,126.2700,10.8800,1.744e-05
met2,126.2700,16.3200,met3,126.2700,16.3200,3.080e-05
met2,126.2700,21.7600,met3,126.2700,21.7600,1.490e-05
met2,126.2700,27.2000,met3,126.2700,27.2000,1.012e-05
met2,126.2700,32.6400,met3,126.2700,32.6400,5.095e-05
met2,126.2700,38.0800,met3,126.2700,38.0800,1.319e-05
met2,126.2700,43.5200,met3,126.2700,43.5200,1.067e-05
met2,126.2700,48.9600,met3,126.2700,48.9600,7.172e-06
met2,126.2700,54.4000,met3,126.2700,54.4000,1.671e-05
met2,126.2700,59.8400,met3,126.2700,59.8400,3.678e-05
met2,126.2700,65.2800,met3,126.2700,65.2800,3.283e-05
met2,126.2700,70.7200,met3,126.2700,70.7200,1.494e-05
met2,126.2700,76.1600,met3,126.2700,76.1600,1.572e-05
met2,126.2700,81.6000,met3,126.2700,81.6000,1.577e-05
met2,126.2700,87.0400,met3,126.2700,87.0400,3.924e-05
met2,126.2700,92.4800,met3,126.2700,92.4800,2.159e-05
met2,126.2700,97.9200,met3,126.2700,97.9200,3.295e-05
met2,126.2700,103.3600,met3,126.2700,103.3600,1.436e-05
met2,126.2700,108.8000,met3,126.2700,108.8000,1.473e-05
met2,126.2700,114.2400,met3,126.2700,114.2400,1.815e-05
met2,126.2700,119.6800,met3,126.2700,119.6800,1.403e-05
met2,126.2700,125.1200,met3,126.2700,125.1200,4.307e-05
met2,126.2700,130.5600,met3,126.2700,130.5600,3.796e-05
met2,126.2700,136.0000,met3,126.2700,136.0000,2.242e-05
met2,126.2700,141.4400,met3,126.2700,141.4400,3.383e-05
met2,126.2700,146.8800,met3,126.2700,146.8800,2.371e-06
met3,17.7100,5.4400,met4,17.7100,5.4400,1.147e-06
met3,17.7100,10.8800,met4,17.7100,10.8800,2.199e-05
met3,17.7100,16.3200,met4,17.7100,16.3200,2.190e-05
met3,17.7100,21.7600,met4,17.7100,21.7600,1.296e-05
met3,17.7100,27.2000,met4,17.7100,27.2000,4.927e-05
met3,17.7100,32.6400,met4,17.7100,32.6400,1.014e-05
met3,17.7100,38.0800,met4,17.7100,38.0800,2.081e-05
met3,17.7100,43.5200,met4,17.7100,43.5200,1.407e-05
met3,17.7100,48.9600,met4,17.7100,48.9600,3.264e-05
met3,17.7100,54.4000,met4,17.7100,54.4000,1.887e-05
met3,17.7100,59.8400,met4,17.7100,59.8400,1.765e-05
met3,17.7100,65.2800,met4,17.7100,65.2800,3.322e-05
met3,17.7100,70.7200,met4,17.7100,70.7200,2.108e-05
met3,17.7100,76.1600,met4,17.7100,76.1600,4.621e-06
met3,17.7100,81.6000,met4,17.7100,81.6000,2.824e-05
met3,17.7100,87.0400,met4,17.7100,87.0400,1.651e-05
met3,17.7100,92.4800,met4,17.7100,92.4800,3.638e-05
met3,17.7100,97.9200,met4,17.7100,97.9200,2.275e-05
met3,17.7100,103.3600,met4,17.7100,103.3600,1.525e-05
met3,17.7100,108.8000,met4,17.7100,108.8000,2.027e-05
met3,17.7100,114.2400,met4,17.7100,114.2400,2.113e-05
met3,17.7100,119.6800,met4,17.7100,119.6800,3.206e-05
met3,17.7100,125.1200,met4,17.7100,125.1200,3.751e-05
met3,17.7100,130.5600,met4,17.7100,130.5600,3.125e-05
met3,17.7100,136.0000,met4,17.7100,136.0000,2.987e-05
met3,17.7100,141.4400,met4,17.7100,141.4400,2.619e-05
met3,17.7100,146.8800,met4,17.7100,146.8800,8.264e-07
met3,44.8500,5.4400,met4,44.8500,5.4400,9.151e-07
met3,44.8500,10.8800,met4,44.8500,10.8800,1.849e-05
met3,44.8500,16.3200,met4,44.8500,16.3200,1.760e-05
met3,44.8500,21.7600,met4,44.8500,21.7600,1.115e-05
met3,44.8500,27.2000,met4,44.8500,27.2000,2.984e-05
met3,44.8500,32.6400,met4,44.8500,32.6400,1.510e-05
met3,44.8500,38.0800,met4,44.8500,38.0800,1.495e-05
met3,44.8500,43.5200,met4,44.8500,43.5200,1.429e-05
met3,44.8500,48.9600,met4,44.8500,48.9600,1.977e-05
met3,44.8500,54.4000,met4,44.8500,54.4000,2.069e-05
met3,44.8500,59.8400,met4,44.8500,59.8400,1.516e-05
met3,44.8500,65.2800,met4,44.8500,65.2800,2.860e-05
met3,44.8500,70.7200,met4,44.8500,70.7200,1.392e-05
met3,44.8500,76.1600,met4,44.8500,76.1600,1.247e-05
met3,44.8500,81.6000,met4,44.8500,81.6000,3.809e-05
met3,44.8500,87.0400,met4,44.8500,87.0400,1.462e-05
met3,44.8500,92.4800,met4,44.8500,92.4800,3.361e-05
met3,44.8500,97.9200,met4,44.8500,97.9200,1.136e-05
met3,44.8500,103.3600,met4,44.8500,103.3600,1.944e-05
met3,44.8500,108.8000,met4,44.8500,108.8000,1.988e-05
met3,44.8500,114.2400,met4,44.8500,114.2400,1.996e-05
met3,44.8500,119.6800,met4,44.8500,119.6800,2.703e-05
met3,44.8500,125.1200,met4,44.8500,125.1200,2.698e-05
met3,44.8500,130.5600,met4,44.8500,130.5600,3.137e-05
met3,44.8500,136.0000,met4,44.8500,136.0000,3.470e-05
met3,44.8500,141.4400,met4,44.8500,141.4400,4.278e-05
met3,44.8500,146.8800,met4,44.8500,146.8800,1.017e-07
met3,71.9900,5.4400,met4,71.9900,5.4400,7.639e-07
met3,71.9900,10.8800,met4,71.9900,10.8800,1.272e-05
met3,71.9900,16.3200,met4,71.9900,16.3200,9.549e-06
met3,71.9900,21.7600,met4,71.9900,21.7600,1.523e-05
met3,71.9900,27.2000,met4,71.9900,27.2000,2.151e-05
met3,71.9900,32.6400,met4,71.9900,32.6400,2.187e-05
met3,71.9900,38.0800,met4,71.9900,38.0800,1.416e-05
met3,71.9900,43.5200,met4,71.9900,43.5200,1.148e-05
met3,71.9900,48.9600,met4,71.9900,48.9600,1.188e-05
met3,71.9900,54.4000,met4,71.9900,54.4000,3.190e-05
met3,71.9900,59.8400,met4,71.9900,59.8400,3.441e-05
met3,71.9900,65.2800,met4,71.9900,65.2800,1.999e-05
met3,71.9900,70.7200,met4,71.9900,70.7200,1.076e-05
met3,71.9900,76.1600,met4,71.9900,76.1600,2.299e-05
met3,71.9900,81.6000,met4,71.9900,81.6000,1.445e-05
met3,71.9900,87.0400,met4,71.9900,87.0400,1.269e-05
met3,71.9900,92.4800,met4,71.9900,92.4800,2.694e-05
met3,71.9900,97.9200,met4,71.9900,97.9200,1.072e-05
met3,71.9900,103.3600,met4,71.9900,103.3600,9.694e-06
met3,71.9900,108.8000,met4,71.9900,108.8000,2.534e-05
met3,71.9900,114.2400,met4,71.9900,114.2400,1.965e-05
met3,71.9900,119.6800,met4,71.9900,119.6800,3.668e-05
met3,71.9900,125.1200,met4,71.9900,125.1200,3.365e-05
met3,71.9900,130.5600,met4,71.9900,130.5600,3.032e-05
met3,71.9900,136.0000,met4,71.9900,136.0000,2.421e-05
met3,71.9900,141.4400,met4,71.9900,141.4400,5.187e-05
met3,71.9900,146.8800,met4,71.9900,146.8800,2.773e-07
met3,99.1300,5.4400,met4,99.1300,5.4400,1.242e-06
met3,99.1300,10.8800,met4,99.1300,10.8800,1.616e-05
met3,99.1300,16.3200,met4,99.1300,16.3200,1.363e-05
met3,99.1300,21.7600,met4,99.1300,21.7600,3.873e-05
met3,99.1300,27.2000,met4,99.1300,27.2000,1.241e-05
met3,99.1300,32.6400,met4,99.1300,32.6400,2.312e-05
met3,99.1300,38.0800,met4,99.1300,38.0800,1.426e-05
met3,99.1300,43.5200,met4,99.1300,43.5200,1.368e-05
met3,99.1300,48.9600,met4,99.1300,48.9600,4.340e-06
met3,99.1300,54.4000,met4,99.1300,54.4000,2.315e-05
met3,99.1300,59.8400,met4,99.1300,59.8400,2.371e-05
met3,99.1300,65.2800,met4,99.1300,65.2800,2.646e-05
met3,99.1300,70.7200,met4,99.1300,70.7200,1.357e-05
met3,99.1300,76.1600,met4,99.1300,76.1600,3.518e-05
met3,99.1300,81.6000,met4,99.1300,81.6000,1.261e-05
met3,99.1300,87.0400,met4,99.1300,87.0400,3.199e-05
met3,99.1300,92.4800,met4,99.1300,92.4800,2.045e-05
met3,99.1300,97.9200,met4,99.1300,97.9200,1.329e-05
met3,99.1300,103.3600,met4,99.1300,103.3600,1.238e-05
met3,99.1300,108.8000,met4,99.1300,108.8000,2.274e-05
met3,99.1300,114.2400,met4,99.1300,114.2400,1.405e-05
met3,99.1300,119.6800,met4,99.1300,119.6800,2.460e-05
met3,99.1300,125.1200,met4,99.1300,125.1200,3.391e-05
met3,99.1300,130.5600,met4,99.1300,130.5600,3.967e-05
met3,99.1300,136.0000,met4,99.1300,136.0000,2.188e-05
met3,99.1300,141.4400,met4,99.1300,141.4400,3.709e-05
met3,99.1300,146.8800,met4,99.1300,146.8800,3.100e-06
met3,126.2700,5.4400,met4,126.2700,5.4400,4.819e-06
met3,126.2700,10.8800,met4,126.2700,10.8800,1.744e-05
met3,126.2700,16.3200,met4,126.2700,16.3200,3.080e-05
met3,126.2700,21.7600,met4,126.2700,21.7600,1.490e-05
met3,126.2700,27.2000,met4,126.2700,27.2000,1.012e-05
met3,126.2700,32.6400,met4,126.2700,32.6400,5.095e-05
met3,126.2700,38.0800,met4,126.2700,38.0800,1.319e-05
met3,126.2700,43.5200,met4,126.2700,43.5200,1.067e-05
met3,126.2700,48.9600,met4,126.2700,48.9600,7.172e-06
met3,126.2700,54.4000,met4,126.2700,54.4000,1.671e-05
met3,126.2700,59.8400,met4,126.2700,59.8400,3.678e-05
met3,126.2700,65.2800,met4,126.2700,65.2800,3.283e-05
met3,126.2700,70.7200,met4,126.2700,70.7200,1.494e-05
met3,126.2700,76.1600,met4,126.2700,76.1600,1.572e-05
met3,126.2700,81.6000,met4,126.2700,81.6000,1.577e-05
met3,126.2700,87.0400,met4,126.2700,87.0400,3.924e-05
met3,126.2700,92.4800,met4,126.2700,92.4800,2.159e-05
met3,126.2700,97.9200,met4,126.2700,97.9200,3.295e-05
met3,126.2700,103.3600,met4,126.2700,103.3600,1.436e-05
met3,126.2700,108.8000,met4,126.2700,108.8000,1.473e-05
met3,126.2700,114.2400,met4,126.2700,114.2400,1.815e-05
met3,126.2700,119.6800,met4,126.2700,119.6800,1.403e-05
met3,126.2700,125.1200,met4,126.2700,125.1200,4.307e-05
met3,126.2700,130.5600,met4,126.2700,130.5600,3.796e-05
met3,126.2700,136.0000,met4,126.2700,136.0000,2.242e-05
met3,126.2700,141.4400,met4,126.2700,141.4400,3.383e-05
met3,126.2700,146.8800,met4,126.2700,146.8800,2.371e-06
met4,17.7100,5.4400,met4,17.7100,10.8800,1.147e-06
met4,17.7100,10.8800,met4,17.7100,16.3200,2.313e-05
met4,17.7100,16.3200,met4,17.7100,21.7600,4.826e-05
met4,17.7100,16.3200,met5,17.7100,19.0400,9.330e-05
met4,17.7100,21.7600,met4,17.7100,27.2000,3.530e-05
met4,17.7100,27.2000,met4,17.7100,32.6400,1.397e-05
met4,17.7100,32.6400,met4,17.7100,38.0800,2.411e-05
met4,17.7100,38.0800,met4,17.7100,43.5200,4.492e-05
met4,17.7100,43.5200,met4,17.7100,48.9600,5.112e-05
met4,17.7100,43.5200,met5,17.7100,46.2400,1.101e-04
met4,17.7100,48.9600,met4,17.7100,54.4000,1.848e-05
met4,17.7100,54.4000,met4,17.7100,59.8400,3.954e-07
met4,17.7100,59.8400,met4,17.7100,65.2800,1.804e-05
met4,17.7100,65.2800,met4,17.7100,70.7200,5.126e-05
met4,17.7100,70.7200,met4,17.7100,76.1600,3.457e-05
met4,17.7100,70.7200,met5,17.7100,73.4400,1.069e-04
met4,17.7100,76.1600,met4,17.7100,81.6000,2.995e-05
met4,17.7100,81.6000,met4,17.7100,87.0400,1.704e-06
met4,17.7100,87.0400,met4,17.7100,92.4800,1.481e-05
met4,17.7100,92.4800,met4,17.7100,97.9200,5.119e-05
met4,17.7100,97.9200,met4,17.7100,103.3600,3.964e-05
met4,17.7100,97.9200,met5,17.7100,100.6400,1.136e-04
met4,17.7100,103.3600,met4,17.7100,108.8000,2.439e-05
met4,17.7100,108.8000,met4,17.7100,114.2400,4.118e-06
met4,17.7100,114.2400,met4,17.7100,119.6800,1.701e-05
met4,17.7100,119.6800,met4,17.7100,125.1200,4.907e-05
met4,17.7100,125.1200,met4,17.7100,130.5600,8.814e-05
met4,17.7100,125.1200,met5,17.7100,127.8400,1.747e-04
met4,17.7100,130.5600,met4,17.7100,136.0000,5.689e-05
met4,17.7100,136.0000,met4,17.7100,141.4400,2.702e-05
met4,17.7100,141.4400,met4,17.7100,146.8800,8.264e-07
met4,44.8500,5.4400,met4,44.8500,10.8800,9.151e-07
met4,44.8500,10.8800,met4,44.8500,16.3200,1.940e-05
met4,44.8500,16.3200,met4,44.8500,21.7600,3.596e-05
met4,44.8500,16.3200,met5,44.8500,19.0400,7.297e-05
met4,44.8500,21.7600,met4,44.8500,27.2000,2.481e-05
met4,44.8500,27.2000,met4,44.8500,32.6400,5.023e-06
met4,44.8500,32.6400,met4,44.8500,38.0800,2.012e-05
met4,44.8500,38.0800,met4,44.8500,43.5200,3.507e-05
met4,44.8500,43.5200,met4,44.8500,48.9600,4.011e-05
met4,44.8500,43.5200,met5,44.8500,46.2400,8.948e-05
met4,44.8500,48.9600,met4,44.8500,54.4000,2.034e-05
met4,44.8500,54.4000,met4,44.8500,59.8400,3.498e-07
met4,44.8500,59.8400,met4,44.8500,65.2800,1.551e-05
met4,44.8500,65.2800,met4,44.8500,70.7200,4.412e-05
met4,44.8500,70.7200,met4,44.8500,76.1600,4.542e-05
met4,44.8500,70.7200,met5,44.8500,73.4400,1.035e-04
met4,44.8500,76.1600,met4,44.8500,81.6000,3.295e-05
met4,44.8500,81.6000,met4,44.8500,87.0400,5.140e-06
met4,44.8500,87.0400,met4,44.8500,92.4800,1.976e-05
met4,44.8500,92.4800,met4,44.8500,97.9200,5.338e-05
met4,44.8500,97.9200,met4,44.8500,103.3600,4.138e-05
met4,44.8500,97.9200,met5,44.8500,100.6400,1.061e-04
met4,44.8500,103.3600,met4,44.8500,108.8000,2.193e-05
met4,44.8500,108.8000,met4,44.8500,114.2400,2.053e-06
met4,44.8500,114.2400,met4,44.8500,119.6800,1.791e-05
met4,44.8500,119.6800,met4,44.8500,125.1200,4.493e-05
met4,44.8500,125.1200,met4,44.8500,130.5600,1.087e-04
met4,44.8500,125.1200,met5,44.8500,127.8400,1.807e-04
met4,44.8500,130.5600,met4,44.8500,136.0000,7.738e-05
met4,44.8500,136.0000,met4,44.8500,141.4400,4.267e-05
met4,44.8500,141.4400,met4,44.8500,146.8800,1.017e-07
met4,71.9900,5.4400,met4,71.9900,10.8800,7.639e-07
met4,71.9900,10.8800,met4,71.9900,16.3200,1.348e-05
met4,71.9900,16.3200,met4,71.9900,21.7600,3.690e-05
met4,71.9900,16.3200,met5,69.1400,19.0400,5.993e-05
met4,71.9900,21.7600,met4,71.9900,27.2000,2.167e-05
met4,71.9900,27.2000,met4,71.9900,32.6400,1.603e-07
met4,71.9900,32.6400,met4,71.9900,38.0800,2.171e-05
met4,71.9900,38.0800,met4,71.9900,43.5200,3.588e-05
met4,71.9900,43.5200,met4,71.9900,48.9600,4.645e-05
met4,71.9900,43.5200,met5,69.1400,46.2400,9.381e-05
met4,71.9900,48.9600,met4,71.9900,54.4000,3.457e-05
met4,71.9900,54.4000,met4,71.9900,59.8400,2.667e-06
met4,71.9900,59.8400,met4,71.9900,65.2800,3.174e-05
met4,71.9900,65.2800,met4,71.9900,70.7200,5.173e-05
met4,71.9900,70.7200,met4,71.9900,76.1600,3.745e-05
met4,71.9900,70.7200,met5,69.1400,73.4400,9.995e-05
met4,71.9900,76.1600,met4,71.9900,81.6000,1.446e-05
met4,71.9900,81.6000,met4,71.9900,87.0400,1.663e-08
met4,71.9900,87.0400,met4,71.9900,92.4800,1.268e-05
met4,71.9900,92.4800,met4,71.9900,97.9200,3.962e-05
met4,71.9900,97.9200,met4,71.9900,103.3600,3.885e-05
met4,71.9900,97.9200,met5,69.1400,100.6400,8.919e-05
met4,71.9900,103.3600,met4,71.9900,108.8000,2.916e-05
met4,71.9900,108.8000,met4,71.9900,114.2400,3.825e-06
met4,71.9900,114.2400,met4,71.9900,119.6800,1.583e-05
met4,71.9900,119.6800,met4,71.9900,125.1200,5.251e-05
met4,71.9900,125.1200,met4,71.9900,130.5600,1.067e-04
met4,71.9900,125.1200,met5,69.1400,127.8400,1.928e-04
met4,71.9900,130.5600,met4,71.9900,136.0000,7.636e-05
met4,71.9900,136.0000,met4,71.9900,141.4400,5.214e-05
met4,71.9900,141.4400,met4,71.9900,146.8800,2.773e-07
met4,99.1300,5.4400,met4,99.1300,10.8800,1.242e-06
met4,99.1300,10.8800,met4,99.1300,16.3200,1.740e-05
met4,99.1300,16.3200,met4,99.1300,21.7600,5.055e-05
met4,99.1300,16.3200,met5,99.1300,19.0400,8.158e-05
met4,99.1300,21.7600,met4,99.1300,27.2000,1.182e-05
met4,99.1300,27.2000,met4,99.1300,32.6400,5.905e-07
met4,99.1300,32.6400,met4,99.1300,38.0800,2.372e-05
met4,99.1300,38.0800,met4,99.1300,43.5200,3.798e-05
met4,99.1300,43.5200,met4,99.1300,48.9600,3.232e-05
met4,99.1300,43.5200,met5,99.1300,46.2400,8.398e-05
met4,99.1300,48.9600,met4,99.1300,54.4000,2.798e-05
met4,99.1300,54.4000,met4,99.1300,59.8400,4.834e-06
met4,99.1300,59.8400,met4,99.1300,65.2800,1.888e-05
met4,99.1300,65.2800,met4,99.1300,70.7200,4.533e-05
met4,99.1300,70.7200,met4,99.1300,76.1600,5.249e-05
met4,99.1300,70.7200,met5,99.1300,73.4400,1.114e-04
met4,99.1300,76.1600,met4,99.1300,81.6000,1.731e-05
met4,99.1300,81.6000,met4,99.1300,87.0400,4.701e-06
met4,99.1300,87.0400,met4,99.1300,92.4800,2.729e-05
met4,99.1300,92.4800,met4,99.1300,97.9200,4.774e-05
met4,99.1300,97.9200,met4,99.1300,103.3600,3.463e-05
met4,99.1300,97.9200,met5,99.1300,100.6400,9.565e-05
met4,99.1300,103.3600,met4,99.1300,108.8000,2.225e-05
met4,99.1300,108.8000,met4,99.1300,114.2400,4.970e-07
met4,99.1300,114.2400,met4,99.1300,119.6800,1.455e-05
met4,99.1300,119.6800,met4,99.1300,125.1200,3.915e-05
met4,99.1300,125.1200,met4,99.1300,130.5600,1.018e-04
met4,99.1300,125.1200,met5,99.1300,127.8400,1.748e-04
met4,99.1300,130.5600,met4,99.1300,136.0000,6.208e-05
met4,99.1300,136.0000,met4,99.1300,141.4400,4.019e-05
met4,99.1300,141.4400,met4,99.1300,146.8800,3.100e-06
met4,126.2700,5.4400,met4,126.2700,10.8800,4.819e-06
met4,126.2700,10.8800,met4,126.2700,16.3200,2.226e-05
met4,126.2700,16.3200,met4,126.2700,21.7600,4.103e-05
met4,126.2700,16.3200,met5,126.2700,19.0400,9.409e-05
met4,126.2700,21.7600,met4,126.2700,27.2000,2.612e-05
met4,126.2700,27.2000,met4,126.2700,32.6400,1.600e-05
met4,126.2700,32.6400,met4,126.2700,38.0800,3.495e-05
met4,126.2700,38.0800,met4,126.2700,43.5200,4.814e-05
met4,126.2700,43.5200,met4,126.2700,48.9600,3.716e-05
met4,126.2700,43.5200,met5,126.2700,46.2400,9.597e-05
met4,126.2700,48.9600,met4,126.2700,54.4000,2.999e-05
met4,126.2700,54.4000,met4,126.2700,59.8400,1.327e-05
met4,126.2700,59.8400,met4,126.2700,65.2800,2.350e-05
met4,126.2700,65.2800,met4,126.2700,70.7200,5.633e-05
met4,126.2700,70.7200,met4,126.2700,76.1600,4.206e-05
met4,126.2700,70.7200,met5,126.2700,73.4400,1.133e-04
met4,126.2700,76.1600,met4,126.2700,81.6000,2.634e-05
met4,126.2700,81.6000,met4,126.2700,87.0400,1.057e-05
met4,126.2700,87.0400,met4,126.2700,92.4800,2.868e-05
met4,126.2700,92.4800,met4,126.2700,97.9200,5.026e-05
met4,126.2700,97.9200,met4,126.2700,103.3600,3.076e-05
met4,126.2700,97.9200,met5,126.2700,100.6400,1.140e-04
met4,126.2700,103.3600,met4,126.2700,108.8000,1.641e-05
met4,126.2700,108.8000,met4,126.2700,114.2400,1.683e-06
met4,126.2700,114.2400,met4,126.2700,119.6800,1.647e-05
met4,126.2700,119.6800,met4,126.2700,125.1200,3.049e-05
met4,126.2700,125.1200,met4,126.2700,130.5600,9.658e-05
met4,126.2700,125.1200,met5,126.2700,127.8400,1.701e-04
met4,126.2700,130.5600,met4,126.2700,136.0000,5.862e-05
met4,126.2700,136.0000,met4,126.2700,141.4400,3.620e-05
met4,126.2700,141.4400,met4,126.2700,146.8800,2.371e-06
met5,9.1400,19.0400,met5,17.7100,19.0400,5.646e-14
met5,9.1400,46.2400,met5,17.7100,46.2400,7.058e-15
met5,9.1400,73.4400,met5,17.7100,73.4400,4.799e-14
met5,9.1400,100.6400,met5,17.7100,100.6400,7.904e-14
met5,9.1400,127.8400,met5,17.7100,127.8400,5.081e-14
met5,17.7100,19.0400,met5,29.1400,19.0400,3.175e-15
met5,17.7100,46.2400,met5,29.1400,46.2400,1.058e-15
met5,17.7100,73.4400,met5,29.1400,73.4400,1.270e-14
met5,17.7100,100.6400,met5,29.1400,100.6400,1.270e-14
met5,17.7100,127.8400,met5,29.1400,127.8400,3.175e-15
met5,29.1400,19.0400,met5,39.1400,19.0400,0.000e+00
met5,29.1400,46.2400,met5,39.1400,46.2400,0.000e+00
met5,29.1400,73.4400,met5,39.1400,73.4400,0.000e+00
met5,29.1400,100.6400,met5,39.1400,100.6400,0.000e+00
met5,29.1400,127.8400,met5,39.1400,127.8400,0.000e+00
met5,39.1400,19.0400,met5,44.8500,19.0400,6.356e-15
met5,39.1400,46.2400,met5,44.8500,46.2400,1.483e-14
met5,39.1400,73.4400,met5,44.8500,73.4400,2.119e-14
met5,39.1400,100.6400,met5,44.8500,100.6400,3.390e-14
met5,39.1400,127.8400,met5,44.8500,127.8400,1.059e-14
met5,44.8500,19.0400,met5,59.1400,19.0400,2.540e-15
met5,44.8500,46.2400,met5,59.1400,46.2400,5.926e-15
met5,44.8500,73.4400,met5,59.1400,73.4400,8.465e-15
met5,44.8500,100.6400,met5,59.1400,100.6400,1.354e-14
met5,44.8500,127.8400,met5,59.1400,127.8400,4.233e-15
met5,59.1400,19.0400,met5,69.1400,19.0400,1.210e-15
met5,59.1400,46.2400,met5,69.1400,46.2400,4.113e-14
met5,59.1400,73.4400,met5,69.1400,73.4400,1.452e-13
met5,59.1400,100.6400,met5,69.1400,100.6400,1.210e-15
met5,59.1400,127.8400,met5,69.1400,127.8400,1.452e-14
met5,69.1400,19.0400,met5,75.6700,19.0400,1.852e-15
met5,69.1400,46.2400,met5,75.6700,46.2400,6.298e-14
met5,69.1400,73.4400,met5,75.6700,73.4400,2.223e-13
met5,69.1400,100.6400,met5,75.6700,100.6400,1.852e-15
met5,69.1400,127.8400,met5,75.6700,127.8400,2.223e-14
met5,75.6700,19.0400,met5,89.1400,19.0400,0.000e+00
met5,75.6700,46.2400,met5,89.1400,46.2400,0.000e+00
met5,75.6700,73.4400,met5,89.1400,73.4400,0.000e+00
met5,75.6700,100.6400,met5,89.1400,100.6400,0.000e+00
met5,75.6700,127.8400,met5,89.1400,127.8400,0.000e+00
met5,89.1400,19.0400,met5,99.1300,19.0400,1.211e-15
met5,89.1400,46.2400,met5,99.1300,46.2400,4.844e-15
met5,89.1400,73.4400,met5,99.1300,73.4400,4.844e-15
met5,89.1400,100.6400,met5,99.1300,100.6400,8.476e-15
met5,89.1400,127.8400,met5,99.1300,127.8400,1.816e-14
met5,99.1300,19.0400,met5,109.1400,19.0400,1.208e-15
met5,99.1300,46.2400,met5,109.1400,46.2400,4.834e-15
met5,99.1300,73.4400,met5,109.1400,73.4400,4.834e-15
met5,99.1300,100.6400,met5,109.1400,100.6400,8.459e-15
met5,99.1300,127.8400,met5,109.1400,127.8400,1.813e-14
met5,109.1400,19.0400,met5,119.1400,19.0400,0.000e+00
met5,109.1400,46.2400,met5,119.1400,46.2400,0.000e+00
met5,109.1400,73.4400,met5,119.1400,73.4400,0.000e+00
met5,109.1400,100.6400,met5,119.1400,100.6400,0.000e+00
met5,109.1400,127.8400,met5,119.1400,127.8400,0.000e+00
met5,119.1400,19.0400,met5,126.2700,19.0400,0.000e+00
met5,119.1400,46.2400,met5,126.2700,46.2400,3.733e-14
met5,119.1400,73.4400,met5,126.2700,73.4400,1.697e-14
met5,119.1400,100.6400,met5,126.2700,100.6400,4.750e-14
met5,119.1400,127.8400,met5,126.2700,127.8400,5.090e-15
met5,126.2700,19.0400,met5,139.1400,19.0400,4.042e-14
met5,126.2700,46.2400,met5,139.1400,46.2400,3.478e-14
met5,126.2700,73.4400,met5,139.1400,73.4400,1.504e-14
met5,126.2700,100.6400,met5,139.1400,100.6400,3.854e-14
met5,126.2700,127.8400,met5,139.1400,127.8400,2.726e-14
