Net,M1,M2,M3,M4,M5,M6,M7,
$0\\ctrl\[15:0\]\[12\],100.00%,100.00%,NA,NA,NA,NA,NA,
$abc$23791$auto$dfflibmap.cc:519:dfflibmap$23005,90.00%,92.85%,74.74%,NA,NA,NA,NA,
$abc$23791$auto$dfflibmap.cc:519:dfflibmap$23009,90.00%,100.00%,71.50%,NA,NA,NA,NA,
$abc$23791$auto$dfflibmap.cc:519:dfflibmap$23013,98.48%,100.00%,70.44%,0.00%,NA,NA,NA,
$abc$23791$auto$dfflibmap.cc:519:dfflibmap$23017,80.00%,100.00%,39.83%,0.00%,NA,NA,NA,
$abc$23791$auto$dfflibmap.cc:519:dfflibmap$23021,100.00%,100.00%,85.42%,NA,NA,NA,NA,
$abc$23791$auto$dfflibmap.cc:519:dfflibmap$23025,55.56%,69.31%,61.88%,NA,NA,NA,NA,
$abc$23791$auto$dfflibmap.cc:519:dfflibmap$23029,75.00%,100.00%,80.79%,NA,NA,NA,NA,
$abc$23791$auto$dfflibmap.cc:519:dfflibmap$23033,100.00%,100.00%,79.68%,NA,NA,NA,NA,
$abc$23791$auto$dfflibmap.cc:519:dfflibmap$23037,91.67%,95.04%,81.37%,NA,NA,NA,NA,
$abc$23791$auto$dfflibmap.cc:519:dfflibmap$23041,80.56%,93.57%,64.45%,NA,NA,NA,NA,
$abc$23791$auto$dfflibmap.cc:519:dfflibmap$23045,95.83%,100.00%,95.61%,NA,NA,NA,NA,
$abc$23791$auto$dfflibmap.cc:519:dfflibmap$23049,100.00%,100.00%,77.67%,NA,NA,NA,NA,
$abc$23791$auto$dfflibmap.cc:519:dfflibmap$23053,92.42%,99.67%,94.67%,NA,NA,NA,NA,
$abc$23791$auto$dfflibmap.cc:519:dfflibmap$23057,89.90%,100.00%,94.04%,0.00%,NA,NA,NA,
$abc$23791$auto$dfflibmap.cc:519:dfflibmap$23061,97.22%,100.00%,73.44%,NA,NA,NA,NA,
$abc$23791$auto$dfflibmap.cc:519:dfflibmap$23065,97.73%,100.00%,100.00%,NA,NA,NA,NA,
$abc$23791$auto$dfflibmap.cc:519:dfflibmap$23069,100.00%,100.00%,100.00%,NA,NA,NA,NA,
$abc$23791$auto$dfflibmap.cc:519:dfflibmap$23073,88.89%,72.27%,0.00%,NA,NA,NA,NA,
$abc$23791$auto$dfflibmap.cc:519:dfflibmap$23077,100.00%,100.00%,100.00%,NA,NA,NA,NA,
$abc$23791$auto$dfflibmap.cc:519:dfflibmap$23081,37.50%,60.05%,100.00%,NA,NA,NA,NA,
$abc$23791$auto$dfflibmap.cc:519:dfflibmap$23085,100.00%,100.00%,0.00%,NA,NA,NA,NA,
$abc$23791$auto$dfflibmap.cc:519:dfflibmap$23089,100.00%,100.00%,100.00%,NA,NA,NA,NA,
$abc$23791$auto$dfflibmap.cc:519:dfflibmap$23093,100.00%,100.00%,76.18%,NA,NA,NA,NA,
$abc$23791$auto$dfflibmap.cc:519:dfflibmap$23097,100.00%,100.00%,100.00%,NA,NA,NA,NA,
$abc$23791$auto$dfflibmap.cc:519:dfflibmap$23101,100.00%,100.00%,100.00%,NA,NA,NA,NA,
$abc$23791$auto$dfflibmap.cc:519:dfflibmap$23105,100.00%,100.00%,0.00%,NA,NA,NA,NA,
$abc$23791$auto$dfflibmap.cc:519:dfflibmap$23109,100.00%,100.00%,100.00%,NA,NA,NA,NA,
$abc$23791$auto$dfflibmap.cc:519:dfflibmap$23113,100.00%,100.00%,0.00%,NA,NA,NA,NA,
$abc$23791$auto$dfflibmap.cc:519:dfflibmap$23117,100.00%,100.00%,84.58%,NA,NA,NA,NA,
$abc$23791$auto$dfflibmap.cc:519:dfflibmap$23121,100.00%,100.00%,65.70%,NA,NA,NA,NA,
$abc$23791$auto$dfflibmap.cc:519:dfflibmap$23125,100.00%,100.00%,100.00%,NA,NA,NA,NA,
$abc$23791$auto$dfflibmap.cc:519:dfflibmap$23129,100.00%,100.00%,100.00%,NA,NA,NA,NA,
$abc$23791$auto$dfflibmap.cc:519:dfflibmap$23133,100.00%,100.00%,65.59%,NA,NA,NA,NA,
$abc$23791$auto$dfflibmap.cc:519:dfflibmap$23137,100.00%,100.00%,90.08%,NA,NA,NA,NA,
$abc$23791$auto$dfflibmap.cc:519:dfflibmap$23141,88.89%,100.00%,100.00%,NA,NA,NA,NA,
$abc$23791$auto$dfflibmap.cc:519:dfflibmap$23145,100.00%,100.00%,100.00%,NA,NA,NA,NA,
$abc$23791$auto$dfflibmap.cc:519:dfflibmap$23149,66.67%,100.00%,84.77%,NA,NA,NA,NA,
$abc$23791$auto$dfflibmap.cc:519:dfflibmap$23153,100.00%,100.00%,100.00%,NA,NA,NA,NA,
$abc$23791$auto$dfflibmap.cc:519:dfflibmap$23157,74.75%,97.10%,88.66%,NA,NA,NA,NA,
$abc$23791$auto$dfflibmap.cc:519:dfflibmap$23161,100.00%,100.00%,100.00%,NA,NA,NA,NA,
$abc$23791$auto$dfflibmap.cc:519:dfflibmap$23165,100.00%,100.00%,89.26%,0.00%,NA,NA,NA,
$abc$23791$auto$dfflibmap.cc:519:dfflibmap$23169,100.00%,100.00%,92.26%,NA,NA,NA,NA,
$abc$23791$auto$dfflibmap.cc:519:dfflibmap$23173,100.00%,100.00%,73.88%,0.00%,NA,NA,NA,
$abc$23791$auto$dfflibmap.cc:519:dfflibmap$23177,100.00%,100.00%,100.00%,NA,NA,NA,NA,
$abc$23791$auto$dfflibmap.cc:519:dfflibmap$23181,100.00%,100.00%,95.55%,0.00%,NA,NA,NA,
$abc$23791$auto$dfflibmap.cc:519:dfflibmap$23185,100.00%,100.00%,94.80%,NA,NA,NA,NA,
$abc$23791$auto$dfflibmap.cc:519:dfflibmap$23189,100.00%,100.00%,94.40%,0.00%,NA,NA,NA,
$abc$23791$auto$dfflibmap.cc:519:dfflibmap$23193,22.22%,100.00%,65.30%,NA,NA,NA,NA,
$abc$23791$auto$dfflibmap.cc:519:dfflibmap$23197,100.00%,100.00%,70.45%,0.00%,NA,NA,NA,
$abc$23791$auto$dfflibmap.cc:519:dfflibmap$23201,100.00%,100.00%,99.21%,NA,NA,NA,NA,
$abc$23791$auto$dfflibmap.cc:519:dfflibmap$23205,100.00%,100.00%,94.32%,NA,NA,NA,NA,
$abc$23791$auto$dfflibmap.cc:519:dfflibmap$23209,100.00%,100.00%,100.00%,NA,NA,NA,NA,
$abc$23791$auto$dfflibmap.cc:519:dfflibmap$23213,100.00%,99.65%,45.04%,NA,NA,NA,NA,
$abc$23791$auto$dfflibmap.cc:519:dfflibmap$23217,100.00%,100.00%,95.20%,NA,NA,NA,NA,
$abc$23791$auto$dfflibmap.cc:519:dfflibmap$23221,100.00%,100.00%,100.00%,NA,NA,NA,NA,
$abc$23791$auto$dfflibmap.cc:519:dfflibmap$23225,100.00%,100.00%,100.00%,NA,NA,NA,NA,
$abc$23791$auto$dfflibmap.cc:519:dfflibmap$23229,100.00%,100.00%,0.00%,0.00%,NA,NA,NA,
$abc$23791$auto$dfflibmap.cc:519:dfflibmap$23233,100.00%,100.00%,100.00%,NA,NA,NA,NA,
$abc$23791$auto$dfflibmap.cc:519:dfflibmap$23237,100.00%,100.00%,0.00%,NA,NA,NA,NA,
$abc$23791$auto$dfflibmap.cc:519:dfflibmap$23241,100.00%,100.00%,100.00%,NA,NA,NA,NA,
$abc$23791$auto$dfflibmap.cc:519:dfflibmap$23245,100.00%,100.00%,46.20%,68.12%,NA,NA,NA,
$abc$23791$auto$dfflibmap.cc:519:dfflibmap$23249,22.22%,100.00%,100.00%,NA,NA,NA,NA,
$abc$23791$auto$dfflibmap.cc:519:dfflibmap$23253,100.00%,81.95%,0.00%,NA,NA,NA,NA,
$abc$23791$auto$dfflibmap.cc:519:dfflibmap$23257,100.00%,100.00%,0.00%,NA,NA,NA,NA,
$abc$23791$auto$dfflibmap.cc:519:dfflibmap$23261,66.67%,94.96%,57.71%,0.00%,NA,NA,NA,
$abc$23791$auto$dfflibmap.cc:519:dfflibmap$23265,34.33%,100.00%,73.39%,NA,NA,NA,NA,
$abc$23791$auto$dfflibmap.cc:519:dfflibmap$23269,100.00%,100.00%,100.00%,NA,NA,NA,NA,
$abc$23791$auto$dfflibmap.cc:519:dfflibmap$23273,66.67%,100.00%,93.03%,0.00%,NA,NA,NA,
$abc$23791$auto$dfflibmap.cc:519:dfflibmap$23277,75.76%,98.27%,50.52%,NA,NA,NA,NA,
$abc$23791$auto$dfflibmap.cc:519:dfflibmap$23281,100.00%,100.00%,87.66%,NA,NA,NA,NA,
$abc$23791$auto$dfflibmap.cc:519:dfflibmap$23285,69.70%,78.18%,79.65%,0.00%,NA,NA,NA,
$abc$23791$auto$dfflibmap.cc:519:dfflibmap$23289,100.00%,100.00%,0.00%,NA,NA,NA,NA,
$abc$23791$auto$dfflibmap.cc:519:dfflibmap$23293,100.00%,100.00%,84.95%,0.00%,NA,NA,NA,
$abc$23791$auto$dfflibmap.cc:519:dfflibmap$23297,100.00%,100.00%,52.15%,NA,NA,NA,NA,
$abc$23791$auto$dfflibmap.cc:519:dfflibmap$23301,100.00%,100.00%,0.00%,0.00%,NA,NA,NA,
$abc$23791$auto$dfflibmap.cc:519:dfflibmap$23305,66.67%,95.55%,74.64%,0.00%,NA,NA,NA,
$abc$23791$auto$dfflibmap.cc:519:dfflibmap$23309,66.67%,100.00%,100.00%,0.00%,NA,NA,NA,
$abc$23791$auto$dfflibmap.cc:519:dfflibmap$23313,100.00%,100.00%,89.53%,0.00%,NA,NA,NA,
$abc$23791$auto$dfflibmap.cc:519:dfflibmap$23317,100.00%,99.59%,70.50%,NA,NA,NA,NA,
$abc$23791$auto$dfflibmap.cc:519:dfflibmap$23321,100.00%,100.00%,100.00%,NA,NA,NA,NA,
$abc$23791$auto$dfflibmap.cc:519:dfflibmap$23325,100.00%,100.00%,100.00%,0.00%,NA,NA,NA,
$abc$23791$auto$dfflibmap.cc:519:dfflibmap$23329,100.00%,100.00%,100.00%,NA,NA,NA,NA,
$abc$23791$auto$dfflibmap.cc:519:dfflibmap$23333,100.00%,100.00%,0.00%,NA,NA,NA,NA,
$abc$23791$auto$dfflibmap.cc:519:dfflibmap$23337,100.00%,100.00%,0.00%,0.00%,NA,NA,NA,
$abc$23791$auto$dfflibmap.cc:519:dfflibmap$23341,100.00%,99.65%,100.00%,NA,NA,NA,NA,
$abc$23791$auto$dfflibmap.cc:519:dfflibmap$23345,100.00%,100.00%,0.00%,NA,NA,NA,NA,
$abc$23791$auto$dfflibmap.cc:519:dfflibmap$23349,100.00%,100.00%,100.00%,NA,NA,NA,NA,
$abc$23791$auto$dfflibmap.cc:519:dfflibmap$23353,100.00%,100.00%,100.00%,NA,NA,NA,NA,
$abc$23791$auto$dfflibmap.cc:519:dfflibmap$23357,100.00%,100.00%,92.57%,0.00%,NA,NA,NA,
$abc$23791$auto$dfflibmap.cc:519:dfflibmap$23361,100.00%,100.00%,100.00%,NA,NA,NA,NA,
$abc$23791$auto$dfflibmap.cc:519:dfflibmap$23365,33.33%,52.18%,100.00%,NA,NA,NA,NA,
$abc$23791$auto$dfflibmap.cc:519:dfflibmap$23369,100.00%,100.00%,100.00%,NA,NA,NA,NA,
$abc$23791$auto$dfflibmap.cc:519:dfflibmap$23373,100.00%,100.00%,100.00%,NA,NA,NA,NA,
$abc$23791$auto$dfflibmap.cc:519:dfflibmap$23377,66.67%,89.30%,80.69%,NA,NA,NA,NA,
$abc$23791$auto$dfflibmap.cc:519:dfflibmap$23381,100.00%,100.00%,100.00%,NA,NA,NA,NA,
$abc$23791$auto$dfflibmap.cc:519:dfflibmap$23385,100.00%,100.00%,87.06%,NA,NA,NA,NA,
$abc$23791$auto$dfflibmap.cc:519:dfflibmap$23389,100.00%,100.00%,0.00%,NA,NA,NA,NA,
$abc$23791$auto$dfflibmap.cc:519:dfflibmap$23393,100.00%,100.00%,94.02%,NA,NA,NA,NA,
$abc$23791$auto$dfflibmap.cc:519:dfflibmap$23397,100.00%,100.00%,83.26%,NA,NA,NA,NA,
$abc$23791$auto$dfflibmap.cc:519:dfflibmap$23401,66.67%,100.00%,87.17%,NA,NA,NA,NA,
$abc$23791$auto$dfflibmap.cc:519:dfflibmap$23405,100.00%,100.00%,76.08%,0.00%,NA,NA,NA,
$abc$23791$auto$dfflibmap.cc:519:dfflibmap$23409,100.00%,100.00%,0.00%,NA,NA,NA,NA,
$abc$23791$auto$dfflibmap.cc:519:dfflibmap$23413,100.00%,100.00%,0.00%,0.00%,NA,NA,NA,
$abc$23791$auto$dfflibmap.cc:519:dfflibmap$23417,100.00%,100.00%,87.06%,NA,NA,NA,NA,
$abc$23791$auto$dfflibmap.cc:519:dfflibmap$23421,100.00%,100.00%,83.03%,77.25%,NA,NA,NA,
$abc$23791$auto$dfflibmap.cc:519:dfflibmap$23425,88.89%,100.00%,83.22%,NA,NA,NA,NA,
$abc$23791$auto$dfflibmap.cc:519:dfflibmap$23429,66.67%,96.64%,69.08%,NA,NA,NA,NA,
$abc$23791$auto$dfflibmap.cc:519:dfflibmap$23433,100.00%,100.00%,0.00%,NA,NA,NA,NA,
$abc$23791$auto$dfflibmap.cc:519:dfflibmap$23437,100.00%,100.00%,100.00%,NA,NA,NA,NA,
$abc$23791$auto$dfflibmap.cc:519:dfflibmap$23441,66.67%,94.32%,92.26%,NA,NA,NA,NA,
$abc$23791$auto$dfflibmap.cc:519:dfflibmap$23445,100.00%,100.00%,100.00%,0.00%,NA,NA,NA,
$abc$23791$auto$dfflibmap.cc:519:dfflibmap$23449,100.00%,100.00%,100.00%,NA,NA,NA,NA,
$abc$23791$auto$dfflibmap.cc:519:dfflibmap$23453,100.00%,100.00%,100.00%,NA,NA,NA,NA,
$abc$23791$auto$dfflibmap.cc:519:dfflibmap$23457,100.00%,100.00%,100.00%,NA,NA,NA,NA,
$abc$23791$auto$dfflibmap.cc:519:dfflibmap$23461,100.00%,100.00%,90.91%,NA,NA,NA,NA,
$abc$23791$auto$dfflibmap.cc:519:dfflibmap$23465,100.00%,100.00%,0.00%,NA,NA,NA,NA,
$abc$23791$auto$dfflibmap.cc:519:dfflibmap$23469,100.00%,100.00%,100.00%,NA,NA,NA,NA,
$abc$23791$auto$dfflibmap.cc:519:dfflibmap$23473,100.00%,100.00%,100.00%,NA,NA,NA,NA,
$abc$23791$auto$dfflibmap.cc:519:dfflibmap$23477,100.00%,100.00%,100.00%,NA,NA,NA,NA,
$abc$23791$auto$dfflibmap.cc:519:dfflibmap$23481,100.00%,100.00%,93.14%,0.00%,NA,NA,NA,
$abc$23791$auto$dfflibmap.cc:519:dfflibmap$23485,100.00%,100.00%,0.00%,NA,NA,NA,NA,
$abc$23791$auto$dfflibmap.cc:519:dfflibmap$23489,100.00%,100.00%,53.69%,NA,NA,NA,NA,
$abc$23791$auto$dfflibmap.cc:519:dfflibmap$23493,66.67%,59.48%,66.67%,NA,NA,NA,NA,
$abc$23791$auto$dfflibmap.cc:519:dfflibmap$23497,100.00%,100.00%,100.00%,NA,NA,NA,NA,
$abc$23791$auto$dfflibmap.cc:519:dfflibmap$23501,100.00%,88.64%,0.00%,NA,NA,NA,NA,
$abc$23791$auto$dfflibmap.cc:519:dfflibmap$23505,86.25%,100.00%,71.63%,NA,NA,NA,NA,
$abc$23791$auto$dfflibmap.cc:519:dfflibmap$23509,100.00%,100.00%,100.00%,NA,NA,NA,NA,
$abc$23791$auto$dfflibmap.cc:519:dfflibmap$23513,75.76%,86.06%,0.00%,0.00%,NA,NA,NA,
$abc$23791$auto$rtlil.cc:1969:NotGate$23116,100.00%,100.00%,100.00%,NA,NA,NA,NA,
$abc$23791$auto$rtlil.cc:1969:NotGate$23120,100.00%,100.00%,0.00%,NA,NA,NA,NA,
$abc$23791$auto$rtlil.cc:1969:NotGate$23124,100.00%,100.00%,100.00%,NA,NA,NA,NA,
$abc$23791$auto$rtlil.cc:1969:NotGate$23128,0.00%,100.00%,100.00%,NA,NA,NA,NA,
$abc$23791$auto$rtlil.cc:1969:NotGate$23132,100.00%,100.00%,100.00%,NA,NA,NA,NA,
$abc$23791$auto$dfflibmap.cc:519:dfflibmap$23517,100.00%,100.00%,34.07%,NA,NA,NA,NA,
$abc$23791$auto$dfflibmap.cc:519:dfflibmap$23521,100.00%,99.67%,100.00%,NA,NA,NA,NA,
$abc$23791$auto$dfflibmap.cc:519:dfflibmap$23525,100.00%,100.00%,61.11%,0.00%,NA,NA,NA,
$abc$23791$auto$dfflibmap.cc:519:dfflibmap$23529,100.00%,100.00%,100.00%,NA,NA,NA,NA,
$abc$23791$auto$dfflibmap.cc:519:dfflibmap$23533,100.00%,100.00%,0.00%,NA,NA,NA,NA,
$abc$23791$auto$dfflibmap.cc:519:dfflibmap$23537,100.00%,100.00%,86.65%,NA,NA,NA,NA,
$abc$23791$auto$dfflibmap.cc:519:dfflibmap$23541,100.00%,100.00%,87.45%,NA,NA,NA,NA,
$abc$23791$auto$dfflibmap.cc:519:dfflibmap$23545,100.00%,100.00%,79.76%,0.00%,NA,NA,NA,
$abc$23791$auto$dfflibmap.cc:519:dfflibmap$23549,100.00%,100.00%,70.90%,NA,NA,NA,NA,
$abc$23791$auto$dfflibmap.cc:519:dfflibmap$23553,100.00%,99.74%,81.85%,NA,NA,NA,NA,
$abc$23791$auto$dfflibmap.cc:519:dfflibmap$23557,88.89%,100.00%,57.96%,NA,NA,NA,NA,
$abc$23791$auto$dfflibmap.cc:519:dfflibmap$23561,69.70%,64.94%,84.06%,0.00%,NA,NA,NA,
$abc$23791$auto$dfflibmap.cc:519:dfflibmap$23565,100.00%,100.00%,77.35%,100.00%,NA,NA,NA,
$abc$23791$auto$dfflibmap.cc:519:dfflibmap$23569,66.67%,93.79%,45.14%,98.90%,NA,NA,NA,
$abc$23791$auto$dfflibmap.cc:519:dfflibmap$23573,100.00%,97.46%,86.63%,100.00%,NA,NA,NA,
$abc$23791$auto$dfflibmap.cc:519:dfflibmap$23577,66.67%,86.67%,69.64%,0.00%,NA,NA,NA,
$abc$23791$auto$dfflibmap.cc:519:dfflibmap$23581,100.00%,100.00%,0.00%,0.00%,NA,NA,NA,
$abc$23791$auto$dfflibmap.cc:519:dfflibmap$23585,100.00%,100.00%,0.00%,NA,NA,NA,NA,
$abc$23791$auto$dfflibmap.cc:519:dfflibmap$23587,100.00%,100.00%,99.59%,100.00%,NA,NA,NA,
$abc$23791$auto$dfflibmap.cc:519:dfflibmap$23589,100.00%,100.00%,0.00%,NA,NA,NA,NA,
$abc$23791$auto$dfflibmap.cc:519:dfflibmap$23591,87.91%,99.55%,20.20%,16.02%,NA,NA,NA,
$abc$23791$auto$dfflibmap.cc:519:dfflibmap$23593,100.00%,100.00%,100.00%,100.00%,NA,NA,NA,
$abc$23791$auto$dfflibmap.cc:519:dfflibmap$23595,91.67%,99.85%,65.68%,0.00%,NA,NA,NA,
$abc$23791$auto$dfflibmap.cc:519:dfflibmap$23597,100.00%,99.86%,33.72%,0.00%,0.00%,0.00%,NA,
$abc$23791$auto$dfflibmap.cc:519:dfflibmap$23599,91.67%,99.23%,96.59%,100.00%,NA,NA,NA,
$abc$23791$auto$dfflibmap.cc:519:dfflibmap$23601,90.91%,98.18%,100.00%,100.00%,NA,NA,NA,
$abc$23791$auto$dfflibmap.cc:519:dfflibmap$23603,100.00%,100.00%,84.38%,0.00%,NA,NA,NA,
$abc$23791$auto$dfflibmap.cc:519:dfflibmap$23605,43.96%,99.78%,71.55%,NA,NA,NA,NA,
$abc$23791$auto$dfflibmap.cc:519:dfflibmap$23607,90.91%,97.86%,88.46%,0.00%,NA,NA,NA,
$abc$23791$auto$dfflibmap.cc:519:dfflibmap$23609,48.35%,95.85%,78.84%,0.00%,NA,NA,NA,
$abc$23791$auto$dfflibmap.cc:519:dfflibmap$23611,100.00%,100.00%,86.11%,0.00%,NA,NA,NA,
$abc$23791$auto$dfflibmap.cc:519:dfflibmap$23613,100.00%,100.00%,96.23%,24.64%,NA,NA,NA,
$abc$23791$auto$dfflibmap.cc:519:dfflibmap$23615,100.00%,100.00%,81.97%,0.00%,NA,NA,NA,
$abc$23791$auto$dfflibmap.cc:519:dfflibmap$23617,100.00%,100.00%,73.44%,0.00%,NA,NA,NA,
$abc$23791$auto$dfflibmap.cc:519:dfflibmap$23619,100.00%,100.00%,74.04%,NA,NA,NA,NA,
$abc$23791$auto$dfflibmap.cc:519:dfflibmap$23621,100.00%,100.00%,100.00%,100.00%,NA,NA,NA,
$abc$23791$auto$dfflibmap.cc:519:dfflibmap$23623,100.00%,100.00%,100.00%,100.00%,100.00%,NA,NA,
$abc$23791$auto$dfflibmap.cc:519:dfflibmap$23625,100.00%,83.55%,73.89%,NA,NA,NA,NA,
$abc$23791$auto$dfflibmap.cc:519:dfflibmap$23627,87.91%,99.90%,87.85%,92.24%,0.00%,NA,NA,
$abc$23791$auto$dfflibmap.cc:519:dfflibmap$23629,100.00%,100.00%,95.29%,87.54%,NA,NA,NA,
$abc$23791$auto$dfflibmap.cc:519:dfflibmap$23631,100.00%,100.00%,81.85%,NA,NA,NA,NA,
$abc$23791$auto$dfflibmap.cc:519:dfflibmap$23633,88.64%,97.35%,99.38%,82.80%,NA,NA,NA,
$abc$23791$auto$dfflibmap.cc:519:dfflibmap$23635,100.00%,100.00%,95.26%,93.43%,NA,NA,NA,
$abc$23791$auto$dfflibmap.cc:519:dfflibmap$23637,100.00%,99.93%,48.78%,NA,NA,NA,NA,
$abc$23791$auto$dfflibmap.cc:519:dfflibmap$23639,97.73%,100.00%,44.55%,95.49%,NA,NA,NA,
$abc$23791$auto$dfflibmap.cc:519:dfflibmap$23641,100.00%,100.00%,0.00%,NA,NA,NA,NA,
$abc$23791$auto$dfflibmap.cc:519:dfflibmap$23643,100.00%,100.00%,75.69%,0.00%,NA,NA,NA,
$abc$23791$auto$dfflibmap.cc:519:dfflibmap$23645,100.00%,100.00%,88.33%,100.00%,NA,NA,NA,
$abc$23791$auto$dfflibmap.cc:519:dfflibmap$23647,100.00%,100.00%,100.00%,NA,NA,NA,NA,
$abc$23791$auto$dfflibmap.cc:519:dfflibmap$23649,100.00%,98.13%,61.32%,0.00%,NA,NA,NA,
$abc$23791$auto$dfflibmap.cc:519:dfflibmap$23651,100.00%,100.00%,71.59%,NA,NA,NA,NA,
$abc$23791$auto$dfflibmap.cc:519:dfflibmap$23653,100.00%,100.00%,100.00%,NA,NA,NA,NA,
$abc$23791$auto$dfflibmap.cc:519:dfflibmap$23655,100.00%,100.00%,0.00%,NA,NA,NA,NA,
$abc$23791$auto$dfflibmap.cc:519:dfflibmap$23657,100.00%,100.00%,64.21%,NA,NA,NA,NA,
$abc$23791$auto$dfflibmap.cc:519:dfflibmap$23659,100.00%,100.00%,91.01%,0.00%,NA,NA,NA,
$abc$23791$auto$dfflibmap.cc:519:dfflibmap$23661,98.40%,100.00%,90.54%,NA,NA,NA,NA,
$abc$23791$auto$dfflibmap.cc:519:dfflibmap$23663,100.00%,100.00%,89.62%,99.73%,NA,NA,NA,
$abc$23791$auto$dfflibmap.cc:519:dfflibmap$23665,100.00%,98.40%,100.00%,94.57%,NA,NA,NA,
$abc$23791$auto$dfflibmap.cc:519:dfflibmap$23667,93.94%,83.88%,97.51%,0.00%,NA,NA,NA,
$abc$23791$auto$dfflibmap.cc:519:dfflibmap$23669,97.36%,100.00%,44.66%,NA,NA,NA,NA,
$abc$23791$auto$dfflibmap.cc:519:dfflibmap$23671,100.00%,90.90%,72.29%,0.00%,NA,NA,NA,
$abc$23791$auto$dfflibmap.cc:519:dfflibmap$23673,100.00%,100.00%,100.00%,100.00%,NA,NA,NA,
$abc$23791$auto$dfflibmap.cc:519:dfflibmap$23675,100.00%,99.67%,85.00%,0.00%,NA,NA,NA,
$abc$23791$auto$dfflibmap.cc:519:dfflibmap$23677,94.49%,93.74%,78.00%,0.00%,NA,NA,NA,
$abc$23791$auto$dfflibmap.cc:519:dfflibmap$23679,100.00%,100.00%,71.59%,NA,NA,NA,NA,
$abc$23791$auto$dfflibmap.cc:519:dfflibmap$23681,100.00%,100.00%,85.91%,0.00%,NA,NA,NA,
$abc$23791$auto$dfflibmap.cc:519:dfflibmap$23683,100.00%,100.00%,98.21%,0.00%,NA,NA,NA,
$abc$23791$auto$dfflibmap.cc:519:dfflibmap$23685,100.00%,100.00%,98.97%,0.00%,NA,NA,NA,
$abc$23791$auto$dfflibmap.cc:519:dfflibmap$23687,89.22%,83.48%,94.15%,NA,NA,NA,NA,
$abc$23791$auto$dfflibmap.cc:519:dfflibmap$23689,100.00%,100.00%,66.46%,0.00%,NA,NA,NA,
$abc$23791$auto$dfflibmap.cc:519:dfflibmap$23691,100.00%,100.00%,98.73%,0.00%,NA,NA,NA,
$abc$23791$auto$dfflibmap.cc:519:dfflibmap$23693,100.00%,100.00%,89.60%,0.00%,NA,NA,NA,
$abc$23791$auto$dfflibmap.cc:519:dfflibmap$23695,100.00%,100.00%,100.00%,NA,NA,NA,NA,
$abc$23791$auto$dfflibmap.cc:519:dfflibmap$23697,100.00%,100.00%,88.22%,NA,NA,NA,NA,
$abc$23791$auto$dfflibmap.cc:519:dfflibmap$23699,100.00%,99.82%,53.94%,NA,NA,NA,NA,
$abc$23791$auto$dfflibmap.cc:519:dfflibmap$23701,100.00%,100.00%,99.06%,0.00%,NA,NA,NA,
$abc$23791$auto$dfflibmap.cc:519:dfflibmap$23703,80.00%,99.03%,94.11%,0.00%,NA,NA,NA,
$abc$23791$auto$dfflibmap.cc:519:dfflibmap$23705,100.00%,100.00%,89.71%,0.00%,NA,NA,NA,
$abc$23791$auto$dfflibmap.cc:519:dfflibmap$23707,83.33%,80.81%,96.54%,NA,NA,NA,NA,
$abc$23791$auto$dfflibmap.cc:519:dfflibmap$23709,92.62%,96.68%,93.70%,0.00%,NA,NA,NA,
$abc$23791$auto$dfflibmap.cc:519:dfflibmap$23711,48.04%,88.10%,95.27%,NA,NA,NA,NA,
$abc$23791$auto$dfflibmap.cc:519:dfflibmap$23713,100.00%,100.00%,77.53%,NA,NA,NA,NA,
$abc$23791$auto$dfflibmap.cc:519:dfflibmap$23715,100.00%,100.00%,100.00%,NA,NA,NA,NA,
$abc$23791$auto$dfflibmap.cc:519:dfflibmap$23719,100.00%,100.00%,96.75%,0.00%,NA,NA,NA,
$abc$23791$auto$dfflibmap.cc:519:dfflibmap$23723,75.00%,96.49%,62.33%,NA,NA,NA,NA,
$abc$23791$auto$dfflibmap.cc:519:dfflibmap$23727,100.00%,98.70%,88.57%,NA,NA,NA,NA,
$abc$23791$auto$dfflibmap.cc:519:dfflibmap$23731,95.24%,99.41%,97.43%,0.00%,NA,NA,NA,
$abc$23791$auto$dfflibmap.cc:519:dfflibmap$23735,83.33%,96.85%,80.11%,NA,NA,NA,NA,
$abc$23791$auto$dfflibmap.cc:519:dfflibmap$23739,80.00%,87.66%,96.78%,NA,NA,NA,NA,
$abc$23791$auto$dfflibmap.cc:519:dfflibmap$23743,72.73%,100.00%,100.00%,NA,NA,NA,NA,
$abc$23791$auto$dfflibmap.cc:519:dfflibmap$23747,75.00%,95.31%,75.89%,NA,NA,NA,NA,
$abc$23791$auto$dfflibmap.cc:519:dfflibmap$23751,75.00%,90.14%,86.13%,NA,NA,NA,NA,
$abc$23791$auto$dfflibmap.cc:519:dfflibmap$23755,57.14%,79.13%,30.05%,0.00%,NA,NA,NA,
$abc$23791$auto$dfflibmap.cc:519:dfflibmap$23759,100.00%,100.00%,63.79%,0.00%,NA,NA,NA,
$abc$23791$auto$dfflibmap.cc:519:dfflibmap$23763,100.00%,100.00%,51.04%,NA,NA,NA,NA,
$abc$23791$auto$dfflibmap.cc:519:dfflibmap$23767,66.67%,55.90%,0.00%,0.00%,NA,NA,NA,
$abc$23791$auto$dfflibmap.cc:519:dfflibmap$23771,100.00%,100.00%,79.45%,NA,NA,NA,NA,
$abc$23791$auto$dfflibmap.cc:519:dfflibmap$23775,85.19%,92.02%,78.88%,NA,NA,NA,NA,
$abc$23791$auto$dfflibmap.cc:519:dfflibmap$23779,100.00%,99.78%,59.51%,NA,NA,NA,NA,
$abc$23791$auto$dfflibmap.cc:519:dfflibmap$23783,100.00%,100.00%,68.55%,NA,NA,NA,NA,
$abc$23791$auto$dfflibmap.cc:519:dfflibmap$23787,98.48%,100.00%,0.00%,0.00%,NA,NA,NA,
$abc$23791$auto$rtlil.cc:1969:NotGate$23008,100.00%,100.00%,100.00%,NA,NA,NA,NA,
$abc$23791$auto$rtlil.cc:1969:NotGate$23012,100.00%,100.00%,100.00%,NA,NA,NA,NA,
$abc$23791$auto$rtlil.cc:1969:NotGate$23016,100.00%,100.00%,100.00%,NA,NA,NA,NA,
$abc$23791$auto$rtlil.cc:1969:NotGate$23020,0.00%,100.00%,100.00%,NA,NA,NA,NA,
$abc$23791$auto$rtlil.cc:1969:NotGate$23024,100.00%,100.00%,100.00%,NA,NA,NA,NA,
$abc$23791$auto$rtlil.cc:1969:NotGate$23028,100.00%,100.00%,100.00%,NA,NA,NA,NA,
$abc$23791$auto$rtlil.cc:1969:NotGate$23032,100.00%,100.00%,0.00%,NA,NA,NA,NA,
$abc$23791$auto$rtlil.cc:1969:NotGate$23036,100.00%,100.00%,100.00%,NA,NA,NA,NA,
$abc$23791$auto$rtlil.cc:1969:NotGate$23040,100.00%,100.00%,100.00%,NA,NA,NA,NA,
$abc$23791$auto$rtlil.cc:1969:NotGate$23044,100.00%,100.00%,100.00%,NA,NA,NA,NA,
$abc$23791$auto$rtlil.cc:1969:NotGate$23048,100.00%,100.00%,100.00%,NA,NA,NA,NA,
$abc$23791$auto$rtlil.cc:1969:NotGate$23052,100.00%,100.00%,96.75%,NA,NA,NA,NA,
$abc$23791$auto$rtlil.cc:1969:NotGate$23056,100.00%,87.69%,100.00%,NA,NA,NA,NA,
$abc$23791$auto$rtlil.cc:1969:NotGate$23060,100.00%,100.00%,0.00%,NA,NA,NA,NA,
$abc$23791$auto$rtlil.cc:1969:NotGate$23064,100.00%,100.00%,0.00%,NA,NA,NA,NA,
$abc$23791$auto$rtlil.cc:1969:NotGate$23068,100.00%,100.00%,100.00%,NA,NA,NA,NA,
$abc$23791$auto$rtlil.cc:1969:NotGate$23072,100.00%,100.00%,0.00%,NA,NA,NA,NA,
$abc$23791$auto$rtlil.cc:1969:NotGate$23076,100.00%,100.00%,100.00%,NA,NA,NA,NA,
$abc$23791$auto$rtlil.cc:1969:NotGate$23080,100.00%,100.00%,0.00%,NA,NA,NA,NA,
$abc$23791$auto$rtlil.cc:1969:NotGate$23084,100.00%,100.00%,100.00%,NA,NA,NA,NA,
$abc$23791$auto$rtlil.cc:1969:NotGate$23088,100.00%,100.00%,100.00%,NA,NA,NA,NA,
$abc$23791$auto$rtlil.cc:1969:NotGate$23092,100.00%,100.00%,100.00%,NA,NA,NA,NA,
$abc$23791$auto$rtlil.cc:1969:NotGate$23096,100.00%,100.00%,100.00%,NA,NA,NA,NA,
$abc$23791$auto$rtlil.cc:1969:NotGate$23100,100.00%,100.00%,100.00%,NA,NA,NA,NA,
$abc$23791$auto$rtlil.cc:1969:NotGate$23104,100.00%,100.00%,100.00%,NA,NA,NA,NA,
$abc$23791$auto$rtlil.cc:1969:NotGate$23108,100.00%,100.00%,0.00%,0.00%,NA,NA,NA,
$abc$23791$auto$rtlil.cc:1969:NotGate$23112,100.00%,100.00%,100.00%,NA,NA,NA,NA,
$abc$23791$new_n1173_,100.00%,100.00%,0.00%,NA,NA,NA,NA,
$abc$23791$new_n1175_,100.00%,100.00%,100.00%,NA,NA,NA,NA,
$abc$23791$new_n1176_,100.00%,88.64%,0.00%,NA,NA,NA,NA,
net53,100.00%,100.00%,69.06%,0.00%,NA,NA,NA,
$abc$23791$new_n1179_,100.00%,100.00%,0.00%,NA,NA,NA,NA,
$abc$23791$new_n1180_,50.00%,100.00%,0.00%,NA,NA,NA,NA,
$abc$23791$new_n1182_,100.00%,100.00%,100.00%,NA,NA,NA,NA,
$abc$23791$new_n1184_,100.00%,100.00%,100.00%,NA,NA,NA,NA,
$abc$23791$new_n1185_,100.00%,100.00%,100.00%,NA,NA,NA,NA,
$abc$23791$auto$rtlil.cc:1969:NotGate$23136,100.00%,100.00%,100.00%,NA,NA,NA,NA,
$abc$23791$auto$rtlil.cc:1969:NotGate$23140,100.00%,100.00%,100.00%,NA,NA,NA,NA,
$abc$23791$auto$rtlil.cc:1969:NotGate$23144,100.00%,91.41%,66.67%,NA,NA,NA,NA,
$abc$23791$auto$rtlil.cc:1969:NotGate$23148,100.00%,100.00%,100.00%,0.00%,NA,NA,NA,
$abc$23791$auto$rtlil.cc:1969:NotGate$23152,100.00%,100.00%,0.00%,NA,NA,NA,NA,
$abc$23791$auto$rtlil.cc:1969:NotGate$23156,42.42%,66.15%,66.67%,NA,NA,NA,NA,
$abc$23791$auto$rtlil.cc:1969:NotGate$23160,100.00%,100.00%,100.00%,NA,NA,NA,NA,
$abc$23791$auto$rtlil.cc:1969:NotGate$23164,100.00%,100.00%,100.00%,NA,NA,NA,NA,
$abc$23791$auto$rtlil.cc:1969:NotGate$23168,100.00%,100.00%,100.00%,NA,NA,NA,NA,
$abc$23791$auto$rtlil.cc:1969:NotGate$23172,100.00%,100.00%,100.00%,NA,NA,NA,NA,
$abc$23791$auto$rtlil.cc:1969:NotGate$23176,66.67%,88.04%,100.00%,NA,NA,NA,NA,
$abc$23791$auto$rtlil.cc:1969:NotGate$23180,100.00%,88.04%,66.67%,NA,NA,NA,NA,
$abc$23791$auto$rtlil.cc:1969:NotGate$23184,100.00%,100.00%,100.00%,NA,NA,NA,NA,
$abc$23791$auto$rtlil.cc:1969:NotGate$23188,0.00%,100.00%,100.00%,NA,NA,NA,NA,
$abc$23791$auto$rtlil.cc:1969:NotGate$23192,100.00%,100.00%,0.00%,NA,NA,NA,NA,
$abc$23791$auto$rtlil.cc:1969:NotGate$23196,100.00%,100.00%,96.75%,NA,NA,NA,NA,
$abc$23791$auto$rtlil.cc:1969:NotGate$23200,0.00%,34.62%,100.00%,NA,NA,NA,NA,
$abc$23791$auto$rtlil.cc:1969:NotGate$23204,100.00%,100.00%,100.00%,NA,NA,NA,NA,
$abc$23791$auto$rtlil.cc:1969:NotGate$23208,100.00%,100.00%,100.00%,NA,NA,NA,NA,
$abc$23791$auto$rtlil.cc:1969:NotGate$23212,100.00%,100.00%,100.00%,NA,NA,NA,NA,
$abc$23791$auto$rtlil.cc:1969:NotGate$23216,100.00%,100.00%,0.00%,NA,NA,NA,NA,
$abc$23791$auto$rtlil.cc:1969:NotGate$23220,63.64%,82.81%,66.67%,NA,NA,NA,NA,
$abc$23791$auto$rtlil.cc:1969:NotGate$23224,100.00%,100.00%,0.00%,NA,NA,NA,NA,
$abc$23791$auto$rtlil.cc:1969:NotGate$23228,100.00%,100.00%,100.00%,NA,NA,NA,NA,
$abc$23791$auto$rtlil.cc:1969:NotGate$23232,100.00%,100.00%,100.00%,NA,NA,NA,NA,
$abc$23791$auto$rtlil.cc:1969:NotGate$23236,100.00%,100.00%,90.81%,0.00%,NA,NA,NA,
$abc$23791$auto$rtlil.cc:1969:NotGate$23240,0.00%,100.00%,100.00%,NA,NA,NA,NA,
$abc$23791$auto$rtlil.cc:1969:NotGate$23244,100.00%,100.00%,0.00%,NA,NA,NA,NA,
$abc$23791$auto$rtlil.cc:1969:NotGate$23248,100.00%,100.00%,100.00%,NA,NA,NA,NA,
$abc$23791$auto$rtlil.cc:1969:NotGate$23252,100.00%,100.00%,100.00%,NA,NA,NA,NA,
$abc$23791$auto$rtlil.cc:1969:NotGate$23256,100.00%,100.00%,100.00%,NA,NA,NA,NA,
$abc$23791$auto$rtlil.cc:1969:NotGate$23260,100.00%,100.00%,100.00%,NA,NA,NA,NA,
$abc$23791$auto$rtlil.cc:1969:NotGate$23264,100.00%,70.77%,100.00%,NA,NA,NA,NA,
$abc$23791$auto$rtlil.cc:1969:NotGate$23268,100.00%,100.00%,100.00%,NA,NA,NA,NA,
$abc$23791$auto$rtlil.cc:1969:NotGate$23272,100.00%,100.00%,100.00%,NA,NA,NA,NA,
$abc$23791$auto$rtlil.cc:1969:NotGate$23276,100.00%,100.00%,0.00%,NA,NA,NA,NA,
$abc$23791$auto$rtlil.cc:1969:NotGate$23280,100.00%,100.00%,100.00%,NA,NA,NA,NA,
$abc$23791$auto$rtlil.cc:1969:NotGate$23284,0.00%,100.00%,100.00%,NA,NA,NA,NA,
$abc$23791$auto$rtlil.cc:1969:NotGate$23288,100.00%,100.00%,0.00%,NA,NA,NA,NA,
$abc$23791$auto$rtlil.cc:1969:NotGate$23292,0.00%,100.00%,100.00%,NA,NA,NA,NA,
$abc$23791$auto$rtlil.cc:1969:NotGate$23296,100.00%,100.00%,0.00%,NA,NA,NA,NA,
$abc$23791$auto$rtlil.cc:1969:NotGate$23300,100.00%,100.00%,100.00%,NA,NA,NA,NA,
$abc$23791$auto$rtlil.cc:1969:NotGate$23304,100.00%,100.00%,100.00%,NA,NA,NA,NA,
$abc$23791$auto$rtlil.cc:1969:NotGate$23308,100.00%,100.00%,0.00%,NA,NA,NA,NA,
$abc$23791$auto$rtlil.cc:1969:NotGate$23312,100.00%,100.00%,100.00%,NA,NA,NA,NA,
$abc$23791$auto$rtlil.cc:1969:NotGate$23316,0.00%,100.00%,100.00%,NA,NA,NA,NA,
$abc$23791$auto$rtlil.cc:1969:NotGate$23320,100.00%,100.00%,100.00%,NA,NA,NA,NA,
$abc$23791$auto$rtlil.cc:1969:NotGate$23324,100.00%,100.00%,100.00%,NA,NA,NA,NA,
$abc$23791$auto$rtlil.cc:1969:NotGate$23328,100.00%,100.00%,100.00%,NA,NA,NA,NA,
$abc$23791$auto$rtlil.cc:1969:NotGate$23332,100.00%,100.00%,100.00%,NA,NA,NA,NA,
$abc$23791$auto$rtlil.cc:1969:NotGate$23336,100.00%,100.00%,0.00%,NA,NA,NA,NA,
$abc$23791$auto$rtlil.cc:1969:NotGate$23340,100.00%,100.00%,100.00%,NA,NA,NA,NA,
$abc$23791$auto$rtlil.cc:1969:NotGate$23344,100.00%,100.00%,100.00%,NA,NA,NA,NA,
$abc$23791$auto$rtlil.cc:1969:NotGate$23348,100.00%,100.00%,100.00%,NA,NA,NA,NA,
$abc$23791$auto$rtlil.cc:1969:NotGate$23352,100.00%,100.00%,100.00%,NA,NA,NA,NA,
$abc$23791$auto$rtlil.cc:1969:NotGate$23356,100.00%,100.00%,100.00%,NA,NA,NA,NA,
$abc$23791$auto$rtlil.cc:1969:NotGate$23360,100.00%,100.00%,100.00%,NA,NA,NA,NA,
$abc$23791$auto$rtlil.cc:1969:NotGate$23364,100.00%,100.00%,100.00%,NA,NA,NA,NA,
$abc$23791$auto$rtlil.cc:1969:NotGate$23368,100.00%,100.00%,100.00%,NA,NA,NA,NA,
$abc$23791$auto$rtlil.cc:1969:NotGate$23372,100.00%,100.00%,100.00%,NA,NA,NA,NA,
$abc$23791$auto$rtlil.cc:1969:NotGate$23376,100.00%,100.00%,100.00%,NA,NA,NA,NA,
$abc$23791$auto$rtlil.cc:1969:NotGate$23380,100.00%,100.00%,0.00%,NA,NA,NA,NA,
$abc$23791$auto$rtlil.cc:1969:NotGate$23384,100.00%,100.00%,100.00%,NA,NA,NA,NA,
$abc$23791$auto$rtlil.cc:1969:NotGate$23388,100.00%,100.00%,100.00%,NA,NA,NA,NA,
$abc$23791$auto$rtlil.cc:1969:NotGate$23392,100.00%,100.00%,100.00%,NA,NA,NA,NA,
$abc$23791$auto$rtlil.cc:1969:NotGate$23396,100.00%,100.00%,100.00%,NA,NA,NA,NA,
$abc$23791$auto$rtlil.cc:1969:NotGate$23400,100.00%,100.00%,100.00%,NA,NA,NA,NA,
$abc$23791$auto$rtlil.cc:1969:NotGate$23404,100.00%,100.00%,100.00%,NA,NA,NA,NA,
$abc$23791$auto$rtlil.cc:1969:NotGate$23408,100.00%,100.00%,100.00%,NA,NA,NA,NA,
$abc$23791$auto$rtlil.cc:1969:NotGate$23412,100.00%,100.00%,100.00%,NA,NA,NA,NA,
$abc$23791$auto$rtlil.cc:1969:NotGate$23416,63.64%,100.00%,100.00%,NA,NA,NA,NA,
$abc$23791$auto$rtlil.cc:1969:NotGate$23420,100.00%,100.00%,100.00%,NA,NA,NA,NA,
$abc$23791$auto$rtlil.cc:1969:NotGate$23424,100.00%,100.00%,0.00%,NA,NA,NA,NA,
$abc$23791$auto$rtlil.cc:1969:NotGate$23428,100.00%,100.00%,100.00%,NA,NA,NA,NA,
$abc$23791$auto$rtlil.cc:1969:NotGate$23432,100.00%,100.00%,100.00%,NA,NA,NA,NA,
$abc$23791$auto$rtlil.cc:1969:NotGate$23436,100.00%,100.00%,100.00%,NA,NA,NA,NA,
$abc$23791$auto$rtlil.cc:1969:NotGate$23440,100.00%,100.00%,0.00%,NA,NA,NA,NA,
$abc$23791$auto$rtlil.cc:1969:NotGate$23444,100.00%,100.00%,96.75%,NA,NA,NA,NA,
$abc$23791$auto$rtlil.cc:1969:NotGate$23448,100.00%,100.00%,100.00%,NA,NA,NA,NA,
$abc$23791$auto$rtlil.cc:1969:NotGate$23452,100.00%,100.00%,100.00%,NA,NA,NA,NA,
$abc$23791$auto$rtlil.cc:1969:NotGate$23456,100.00%,100.00%,100.00%,NA,NA,NA,NA,
$abc$23791$auto$rtlil.cc:1969:NotGate$23460,100.00%,100.00%,100.00%,NA,NA,NA,NA,
$abc$23791$auto$rtlil.cc:1969:NotGate$23464,100.00%,100.00%,100.00%,NA,NA,NA,NA,
$abc$23791$auto$rtlil.cc:1969:NotGate$23468,100.00%,100.00%,0.00%,NA,NA,NA,NA,
$abc$23791$auto$rtlil.cc:1969:NotGate$23472,100.00%,100.00%,0.00%,NA,NA,NA,NA,
$abc$23791$auto$rtlil.cc:1969:NotGate$23476,100.00%,100.00%,100.00%,NA,NA,NA,NA,
$abc$23791$auto$rtlil.cc:1969:NotGate$23480,100.00%,100.00%,100.00%,NA,NA,NA,NA,
$abc$23791$auto$rtlil.cc:1969:NotGate$23484,100.00%,100.00%,100.00%,NA,NA,NA,NA,
$abc$23791$auto$rtlil.cc:1969:NotGate$23488,100.00%,100.00%,0.00%,NA,NA,NA,NA,
$abc$23791$auto$rtlil.cc:1969:NotGate$23492,100.00%,100.00%,100.00%,NA,NA,NA,NA,
$abc$23791$auto$rtlil.cc:1969:NotGate$23496,100.00%,100.00%,100.00%,NA,NA,NA,NA,
$abc$23791$auto$rtlil.cc:1969:NotGate$23500,100.00%,100.00%,100.00%,NA,NA,NA,NA,
$abc$23791$auto$rtlil.cc:1969:NotGate$23504,100.00%,100.00%,100.00%,NA,NA,NA,NA,
$abc$23791$auto$rtlil.cc:1969:NotGate$23508,100.00%,100.00%,100.00%,NA,NA,NA,NA,
$abc$23791$auto$rtlil.cc:1969:NotGate$23512,100.00%,100.00%,100.00%,NA,NA,NA,NA,
$abc$23791$auto$rtlil.cc:1969:NotGate$23516,100.00%,100.00%,100.00%,NA,NA,NA,NA,
$abc$23791$auto$rtlil.cc:1969:NotGate$23520,100.00%,100.00%,100.00%,NA,NA,NA,NA,
$abc$23791$auto$rtlil.cc:1969:NotGate$23524,100.00%,100.00%,16.53%,0.00%,NA,NA,NA,
$abc$23791$auto$rtlil.cc:1969:NotGate$23528,0.00%,100.00%,100.00%,NA,NA,NA,NA,
$abc$23791$auto$rtlil.cc:1969:NotGate$23532,0.00%,26.69%,100.00%,NA,NA,NA,NA,
$abc$23791$auto$rtlil.cc:1969:NotGate$23536,100.00%,100.00%,100.00%,NA,NA,NA,NA,
$abc$23791$auto$rtlil.cc:1969:NotGate$23540,100.00%,100.00%,100.00%,NA,NA,NA,NA,
$abc$23791$auto$rtlil.cc:1969:NotGate$23544,100.00%,100.00%,100.00%,NA,NA,NA,NA,
$abc$23791$auto$rtlil.cc:1969:NotGate$23548,100.00%,100.00%,0.00%,NA,NA,NA,NA,
$abc$23791$auto$rtlil.cc:1969:NotGate$23552,66.67%,66.15%,66.67%,NA,NA,NA,NA,
$abc$23791$auto$rtlil.cc:1969:NotGate$23556,100.00%,100.00%,100.00%,NA,NA,NA,NA,
$abc$23791$auto$rtlil.cc:1969:NotGate$23560,100.00%,100.00%,100.00%,NA,NA,NA,NA,
$abc$23791$auto$rtlil.cc:1969:NotGate$23564,100.00%,100.00%,0.00%,NA,NA,NA,NA,
$abc$23791$auto$rtlil.cc:1969:NotGate$23568,100.00%,100.00%,100.00%,NA,NA,NA,NA,
$abc$23791$auto$rtlil.cc:1969:NotGate$23572,100.00%,100.00%,100.00%,NA,NA,NA,NA,
$abc$23791$auto$rtlil.cc:1969:NotGate$23576,0.00%,100.00%,100.00%,NA,NA,NA,NA,
$abc$23791$auto$rtlil.cc:1969:NotGate$23580,90.91%,100.00%,100.00%,NA,NA,NA,NA,
$abc$23791$auto$rtlil.cc:1969:NotGate$23584,100.00%,100.00%,100.00%,NA,NA,NA,NA,
$abc$23791$auto$rtlil.cc:1969:NotGate$23718,100.00%,100.00%,100.00%,NA,NA,NA,NA,
$abc$23791$auto$rtlil.cc:1969:NotGate$23722,100.00%,100.00%,100.00%,NA,NA,NA,NA,
$abc$23791$auto$rtlil.cc:1969:NotGate$23726,100.00%,100.00%,100.00%,NA,NA,NA,NA,
$abc$23791$auto$rtlil.cc:1969:NotGate$23730,100.00%,100.00%,100.00%,NA,NA,NA,NA,
$abc$23791$auto$rtlil.cc:1969:NotGate$23734,100.00%,100.00%,0.00%,NA,NA,NA,NA,
$abc$23791$auto$rtlil.cc:1969:NotGate$23738,100.00%,100.00%,100.00%,NA,NA,NA,NA,
$abc$23791$auto$rtlil.cc:1969:NotGate$23742,100.00%,91.41%,66.67%,NA,NA,NA,NA,
$abc$23791$auto$rtlil.cc:1969:NotGate$23746,100.00%,95.34%,66.67%,NA,NA,NA,NA,
$abc$23791$auto$rtlil.cc:1969:NotGate$23750,100.00%,100.00%,100.00%,NA,NA,NA,NA,
$abc$23791$auto$rtlil.cc:1969:NotGate$23754,100.00%,100.00%,100.00%,NA,NA,NA,NA,
$abc$23791$auto$rtlil.cc:1969:NotGate$23758,100.00%,92.71%,94.21%,NA,NA,NA,NA,
$abc$23791$auto$rtlil.cc:1969:NotGate$23762,100.00%,100.00%,100.00%,NA,NA,NA,NA,
$abc$23791$auto$rtlil.cc:1969:NotGate$23766,100.00%,100.00%,100.00%,NA,NA,NA,NA,
$abc$23791$auto$rtlil.cc:1969:NotGate$23770,100.00%,100.00%,0.00%,NA,NA,NA,NA,
$abc$23791$auto$rtlil.cc:1969:NotGate$23774,100.00%,100.00%,0.00%,NA,NA,NA,NA,
$abc$23791$auto$rtlil.cc:1969:NotGate$23778,100.00%,100.00%,0.00%,NA,NA,NA,NA,
$abc$23791$auto$rtlil.cc:1969:NotGate$23782,100.00%,100.00%,100.00%,NA,NA,NA,NA,
$abc$23791$auto$rtlil.cc:1969:NotGate$23786,100.00%,85.64%,0.00%,NA,NA,NA,NA,
$abc$23791$auto$rtlil.cc:1969:NotGate$23790,100.00%,100.00%,100.00%,NA,NA,NA,NA,
clknet_leaf_18_PCLK,98.48%,93.08%,54.59%,0.00%,NA,NA,NA,
$abc$23791$new_n1001_,100.00%,97.38%,100.00%,NA,NA,NA,NA,
$abc$23791$new_n1003_,82.09%,95.08%,89.63%,0.00%,NA,NA,NA,
net34,100.00%,98.22%,86.87%,0.00%,NA,NA,NA,
$abc$23791$new_n1006_,100.00%,100.00%,100.00%,NA,NA,NA,NA,
$abc$23791$new_n1008_,94.08%,96.33%,86.43%,58.93%,NA,NA,NA,
$abc$23791$new_n1011_,84.06%,91.13%,92.29%,NA,NA,NA,NA,
$abc$23791$new_n1013_,100.00%,100.00%,100.00%,NA,NA,NA,NA,
$abc$23791$new_n1015_,100.00%,100.00%,100.00%,NA,NA,NA,NA,
$abc$23791$new_n1017_,100.00%,100.00%,100.00%,NA,NA,NA,NA,
$abc$23791$new_n1018_,100.00%,95.53%,100.00%,NA,NA,NA,NA,
$abc$23791$new_n1019_,100.00%,100.00%,100.00%,NA,NA,NA,NA,
$abc$23791$new_n1020_,50.00%,100.00%,100.00%,NA,NA,NA,NA,
$abc$23791$new_n1022_,50.00%,50.00%,0.00%,NA,NA,NA,NA,
$abc$23791$new_n1024_,100.00%,100.00%,0.00%,NA,NA,NA,NA,
$abc$23791$new_n1025_,100.00%,100.00%,100.00%,NA,NA,NA,NA,
$abc$23791$new_n1026_,100.00%,100.00%,94.19%,0.00%,NA,NA,NA,
$abc$23791$new_n1027_,100.00%,100.00%,100.00%,NA,NA,NA,NA,
$abc$23791$new_n1028_,100.00%,100.00%,0.00%,NA,NA,NA,NA,
$abc$23791$new_n1030_,96.35%,95.46%,93.25%,0.00%,NA,NA,NA,
$abc$23791$new_n1031_,100.00%,100.00%,0.00%,NA,NA,NA,NA,
$abc$23791$new_n1032_,100.00%,96.60%,75.13%,0.00%,NA,NA,NA,
$abc$23791$new_n1033_,100.00%,100.00%,100.00%,NA,NA,NA,NA,
$abc$23791$new_n1034_,100.00%,100.00%,NA,NA,NA,NA,NA,
$abc$23791$new_n1036_,93.45%,98.93%,87.07%,12.99%,92.34%,NA,NA,
$abc$23791$new_n1037_,100.00%,49.05%,0.00%,NA,NA,NA,NA,
$abc$23791$new_n1038_,100.00%,100.00%,0.00%,NA,NA,NA,NA,
$abc$23791$new_n1039_,100.00%,100.00%,0.00%,NA,NA,NA,NA,
$abc$23791$new_n1040_,100.00%,100.00%,0.00%,NA,NA,NA,NA,
$abc$23791$new_n1042_,100.00%,100.00%,100.00%,NA,NA,NA,NA,
$abc$23791$new_n1044_,100.00%,100.00%,100.00%,NA,NA,NA,NA,
$abc$23791$new_n1045_,100.00%,100.00%,100.00%,NA,NA,NA,NA,
$abc$23791$new_n1046_,100.00%,100.00%,73.04%,0.00%,NA,NA,NA,
$abc$23791$new_n1047_,50.00%,77.12%,82.14%,0.00%,NA,NA,NA,
$abc$23791$new_n1048_,100.00%,100.00%,100.00%,NA,NA,NA,NA,
$abc$23791$new_n1050_,100.00%,100.00%,100.00%,NA,NA,NA,NA,
$abc$23791$new_n1051_,100.00%,99.03%,NA,NA,NA,NA,NA,
$abc$23791$new_n1052_,100.00%,100.00%,0.00%,0.00%,NA,NA,NA,
$abc$23791$new_n1053_,100.00%,84.77%,4.94%,NA,NA,NA,NA,
$abc$23791$new_n1054_,100.00%,66.44%,0.00%,NA,NA,NA,NA,
$abc$23791$new_n1057_,66.67%,85.45%,100.00%,NA,NA,NA,NA,
$abc$23791$new_n1058_,88.89%,100.00%,100.00%,NA,NA,NA,NA,
$abc$23791$new_n1059_,100.00%,76.90%,100.00%,NA,NA,NA,NA,
$abc$23791$new_n1060_,100.00%,100.00%,100.00%,NA,NA,NA,NA,
$abc$23791$new_n1062_,100.00%,100.00%,100.00%,NA,NA,NA,NA,
clknet_leaf_2_PCLK,100.00%,97.39%,82.92%,0.00%,NA,NA,NA,
$abc$23791$new_n1064_,99.78%,96.16%,100.00%,NA,NA,NA,NA,
$abc$23791$new_n1065_,83.68%,73.60%,100.00%,NA,NA,NA,NA,
net31,69.32%,78.03%,86.77%,0.00%,NA,NA,NA,
$abc$23791$new_n1067_,100.00%,100.00%,100.00%,NA,NA,NA,NA,
$abc$23791$new_n1068_,100.00%,98.82%,NA,NA,NA,NA,NA,
$abc$23791$new_n1070_,100.00%,100.00%,0.00%,NA,NA,NA,NA,
$abc$23791$new_n1071_,100.00%,86.49%,0.00%,NA,NA,NA,NA,
$abc$23791$new_n1073_,50.00%,73.68%,100.00%,NA,NA,NA,NA,
$abc$23791$new_n1074_,100.00%,100.00%,0.00%,NA,NA,NA,NA,
$abc$23791$new_n1076_,100.00%,100.00%,100.00%,NA,NA,NA,NA,
$abc$23791$new_n1077_,100.00%,100.00%,0.00%,NA,NA,NA,NA,
$abc$23791$new_n1079_,100.00%,100.00%,100.00%,NA,NA,NA,NA,
$abc$23791$new_n1080_,100.00%,100.00%,NA,NA,NA,NA,NA,
$abc$23791$new_n1082_,50.00%,68.49%,0.00%,0.00%,NA,NA,NA,
$abc$23791$new_n1083_,100.00%,100.00%,100.00%,NA,NA,NA,NA,
$abc$23791$new_n1085_,100.00%,100.00%,NA,NA,NA,NA,NA,
$abc$23791$new_n1086_,100.00%,100.00%,0.00%,NA,NA,NA,NA,
$abc$23791$new_n1088_,100.00%,100.00%,79.35%,NA,NA,NA,NA,
$abc$23791$new_n1089_,100.00%,100.00%,NA,NA,NA,NA,NA,
$abc$23791$new_n1091_,99.47%,100.00%,99.94%,NA,NA,NA,NA,
$abc$23791$new_n1093_,100.00%,100.00%,100.00%,NA,NA,NA,NA,
$abc$23791$new_n1094_,100.00%,100.00%,0.00%,NA,NA,NA,NA,
$abc$23791$new_n1096_,100.00%,100.00%,NA,NA,NA,NA,NA,
$abc$23791$new_n1097_,100.00%,100.00%,0.00%,NA,NA,NA,NA,
$abc$23791$new_n1099_,100.00%,100.00%,NA,NA,NA,NA,NA,
$abc$23791$new_n1100_,100.00%,100.00%,100.00%,NA,NA,NA,NA,
$abc$23791$new_n1102_,100.00%,100.00%,0.00%,NA,NA,NA,NA,
$abc$23791$new_n1103_,100.00%,100.00%,100.00%,NA,NA,NA,NA,
$abc$23791$new_n1105_,100.00%,100.00%,NA,NA,NA,NA,NA,
$abc$23791$new_n1106_,100.00%,100.00%,100.00%,NA,NA,NA,NA,
$abc$23791$new_n1108_,100.00%,100.00%,NA,NA,NA,NA,NA,
$abc$23791$new_n1109_,100.00%,100.00%,0.00%,NA,NA,NA,NA,
$abc$23791$new_n1111_,100.00%,100.00%,100.00%,NA,NA,NA,NA,
$abc$23791$new_n1112_,100.00%,100.00%,100.00%,NA,NA,NA,NA,
$abc$23791$new_n1114_,100.00%,100.00%,0.00%,NA,NA,NA,NA,
$abc$23791$new_n1115_,100.00%,100.00%,0.00%,NA,NA,NA,NA,
$abc$23791$new_n1117_,94.65%,95.58%,60.77%,NA,NA,NA,NA,
$abc$23791$new_n1119_,100.00%,100.00%,100.00%,NA,NA,NA,NA,
$abc$23791$new_n1120_,100.00%,100.00%,0.00%,NA,NA,NA,NA,
$abc$23791$new_n1122_,100.00%,100.00%,100.00%,NA,NA,NA,NA,
$abc$23791$new_n1123_,100.00%,100.00%,100.00%,NA,NA,NA,NA,
$abc$23791$new_n1125_,0.00%,0.00%,NA,NA,NA,NA,NA,
$abc$23791$new_n1126_,100.00%,100.00%,0.00%,NA,NA,NA,NA,
$abc$23791$new_n1128_,0.00%,0.00%,NA,NA,NA,NA,NA,
$abc$23791$new_n1129_,100.00%,100.00%,100.00%,NA,NA,NA,NA,
$abc$23791$new_n1131_,100.00%,100.00%,100.00%,NA,NA,NA,NA,
$abc$23791$new_n1132_,100.00%,100.00%,100.00%,NA,NA,NA,NA,
$abc$23791$new_n1134_,50.00%,29.07%,100.00%,NA,NA,NA,NA,
$abc$23791$new_n1135_,100.00%,94.29%,100.00%,NA,NA,NA,NA,
$abc$23791$new_n1137_,100.00%,100.00%,100.00%,NA,NA,NA,NA,
$abc$23791$new_n1138_,100.00%,100.00%,0.00%,NA,NA,NA,NA,
$abc$23791$new_n1140_,50.00%,100.00%,100.00%,NA,NA,NA,NA,
$abc$23791$new_n1141_,100.00%,100.00%,NA,NA,NA,NA,NA,
$abc$23791$new_n1143_,94.65%,92.46%,91.59%,0.00%,NA,NA,NA,
$abc$23791$new_n1145_,100.00%,100.00%,100.00%,NA,NA,NA,NA,
$abc$23791$new_n1146_,100.00%,100.00%,100.00%,NA,NA,NA,NA,
$abc$23791$new_n1148_,100.00%,100.00%,NA,NA,NA,NA,NA,
$abc$23791$new_n1149_,100.00%,100.00%,0.00%,NA,NA,NA,NA,
$abc$23791$new_n1151_,100.00%,100.00%,100.00%,NA,NA,NA,NA,
$abc$23791$new_n1152_,100.00%,100.00%,0.00%,NA,NA,NA,NA,
$abc$23791$new_n1154_,100.00%,100.00%,0.00%,NA,NA,NA,NA,
$abc$23791$new_n1155_,100.00%,100.00%,100.00%,NA,NA,NA,NA,
$abc$23791$new_n1157_,100.00%,100.00%,0.00%,NA,NA,NA,NA,
$abc$23791$new_n1158_,100.00%,100.00%,0.00%,NA,NA,NA,NA,
$abc$23791$new_n1160_,100.00%,100.00%,0.00%,NA,NA,NA,NA,
$abc$23791$new_n1161_,83.33%,91.97%,100.00%,NA,NA,NA,NA,
$abc$23791$new_n1163_,100.00%,100.00%,100.00%,NA,NA,NA,NA,
$abc$23791$new_n1164_,100.00%,98.54%,100.00%,NA,NA,NA,NA,
$abc$23791$new_n1166_,100.00%,100.00%,100.00%,NA,NA,NA,NA,
$abc$23791$new_n1167_,100.00%,100.00%,100.00%,NA,NA,NA,NA,
$abc$23791$new_n1169_,98.38%,99.88%,66.65%,0.00%,NA,NA,NA,
$abc$23791$new_n1170_,94.12%,99.83%,93.79%,0.00%,NA,NA,NA,
$abc$23791$new_n1172_,100.00%,100.00%,100.00%,NA,NA,NA,NA,
$abc$23791$new_n1870_,100.00%,100.00%,0.00%,0.00%,NA,NA,NA,
$abc$23791$new_n1872_,100.00%,100.00%,78.93%,NA,NA,NA,NA,
$abc$23791$new_n1873_,100.00%,100.00%,0.00%,NA,NA,NA,NA,
$abc$23791$new_n1874_,100.00%,100.00%,100.00%,NA,NA,NA,NA,
$abc$23791$new_n1875_,100.00%,100.00%,100.00%,NA,NA,NA,NA,
$abc$23791$new_n1877_,83.33%,100.00%,100.00%,NA,NA,NA,NA,
$abc$23791$new_n1878_,100.00%,100.00%,100.00%,NA,NA,NA,NA,
$abc$23791$new_n1879_,100.00%,100.00%,0.00%,NA,NA,NA,NA,
$abc$23791$new_n1880_,100.00%,100.00%,100.00%,NA,NA,NA,NA,
$abc$23791$new_n1882_,100.00%,100.00%,0.00%,NA,NA,NA,NA,
$abc$23791$new_n1883_,87.36%,68.96%,0.00%,NA,NA,NA,NA,
$abc$23791$new_n1884_,100.00%,100.00%,NA,NA,NA,NA,NA,
$abc$23791$new_n1886_,76.77%,78.20%,89.27%,0.00%,NA,NA,NA,
$abc$23791$new_n1887_,66.67%,100.00%,83.22%,NA,NA,NA,NA,
$abc$23791$new_n1888_,100.00%,100.00%,98.52%,0.00%,NA,NA,NA,
$abc$23791$new_n1889_,97.73%,100.00%,76.53%,0.00%,NA,NA,NA,
$abc$23791$new_n1890_,100.00%,100.00%,0.00%,0.00%,NA,NA,NA,
$abc$23791$new_n1187_,100.00%,100.00%,0.00%,0.00%,NA,NA,NA,
$abc$23791$new_n1188_,100.00%,100.00%,100.00%,NA,NA,NA,NA,
$abc$23791$new_n1190_,100.00%,100.00%,100.00%,NA,NA,NA,NA,
$abc$23791$new_n1191_,100.00%,100.00%,0.00%,NA,NA,NA,NA,
$abc$23791$new_n1193_,100.00%,100.00%,NA,NA,NA,NA,NA,
$abc$23791$new_n1194_,100.00%,100.00%,100.00%,NA,NA,NA,NA,
$abc$23791$new_n1196_,98.54%,99.77%,80.22%,0.00%,NA,NA,NA,
$abc$23791$new_n1198_,100.00%,100.00%,0.00%,NA,NA,NA,NA,
$abc$23791$new_n1199_,100.00%,100.00%,100.00%,NA,NA,NA,NA,
$abc$23791$new_n1201_,100.00%,100.00%,0.00%,NA,NA,NA,NA,
$abc$23791$new_n1202_,100.00%,100.00%,0.00%,NA,NA,NA,NA,
$abc$23791$new_n1204_,100.00%,100.00%,NA,NA,NA,NA,NA,
$abc$23791$new_n1205_,100.00%,100.00%,0.00%,NA,NA,NA,NA,
$abc$23791$new_n1207_,100.00%,100.00%,0.00%,NA,NA,NA,NA,
$abc$23791$new_n1208_,100.00%,97.61%,100.00%,NA,NA,NA,NA,
$abc$23791$new_n1210_,100.00%,100.00%,100.00%,NA,NA,NA,NA,
$abc$23791$new_n1211_,100.00%,100.00%,100.00%,NA,NA,NA,NA,
$abc$23791$new_n1213_,100.00%,89.91%,66.67%,NA,NA,NA,NA,
$abc$23791$new_n1214_,100.00%,100.00%,NA,NA,NA,NA,NA,
$abc$23791$new_n1216_,100.00%,100.00%,45.38%,0.00%,NA,NA,NA,
$abc$23791$new_n1217_,100.00%,70.50%,0.00%,NA,NA,NA,NA,
$abc$23791$new_n1219_,100.00%,100.00%,100.00%,NA,NA,NA,NA,
$abc$23791$new_n1220_,100.00%,100.00%,100.00%,NA,NA,NA,NA,
$abc$23791$new_n1222_,96.32%,96.70%,88.14%,0.00%,NA,NA,NA,
$abc$23791$new_n1224_,100.00%,100.00%,0.00%,NA,NA,NA,NA,
$abc$23791$new_n1225_,100.00%,100.00%,NA,NA,NA,NA,NA,
$abc$23791$new_n1227_,100.00%,100.00%,100.00%,NA,NA,NA,NA,
$abc$23791$new_n1228_,100.00%,100.00%,NA,NA,NA,NA,NA,
$abc$23791$new_n1230_,100.00%,100.00%,100.00%,NA,NA,NA,NA,
$abc$23791$new_n1231_,100.00%,100.00%,100.00%,NA,NA,NA,NA,
$abc$23791$new_n1233_,100.00%,100.00%,0.00%,NA,NA,NA,NA,
$abc$23791$new_n1234_,100.00%,100.00%,0.00%,NA,NA,NA,NA,
$abc$23791$new_n1236_,100.00%,100.00%,0.00%,NA,NA,NA,NA,
$abc$23791$new_n1237_,100.00%,100.00%,100.00%,NA,NA,NA,NA,
$abc$23791$new_n1239_,100.00%,100.00%,0.00%,NA,NA,NA,NA,
$abc$23791$new_n1240_,100.00%,100.00%,100.00%,NA,NA,NA,NA,
$abc$23791$new_n1242_,100.00%,100.00%,100.00%,NA,NA,NA,NA,
$abc$23791$new_n1243_,100.00%,100.00%,0.00%,NA,NA,NA,NA,
$abc$23791$new_n1245_,100.00%,100.00%,100.00%,NA,NA,NA,NA,
$abc$23791$new_n1246_,100.00%,90.10%,0.00%,NA,NA,NA,NA,
$abc$23791$new_n1248_,100.00%,91.95%,77.64%,0.00%,NA,NA,NA,
$abc$23791$new_n1250_,100.00%,100.00%,NA,NA,NA,NA,NA,
$abc$23791$new_n1251_,83.33%,89.11%,100.00%,NA,NA,NA,NA,
$abc$23791$new_n1253_,100.00%,100.00%,100.00%,NA,NA,NA,NA,
$abc$23791$new_n1254_,100.00%,93.24%,100.00%,NA,NA,NA,NA,
$abc$23791$new_n1256_,100.00%,100.00%,100.00%,0.00%,NA,NA,NA,
$abc$23791$new_n1257_,68.18%,100.00%,100.00%,NA,NA,NA,NA,
$abc$23791$new_n1259_,100.00%,100.00%,100.00%,NA,NA,NA,NA,
$abc$23791$new_n1260_,100.00%,100.00%,100.00%,NA,NA,NA,NA,
$abc$23791$new_n1262_,100.00%,100.00%,0.00%,0.00%,NA,NA,NA,
$abc$23791$new_n1263_,100.00%,100.00%,0.00%,NA,NA,NA,NA,
$abc$23791$new_n1265_,100.00%,100.00%,100.00%,NA,NA,NA,NA,
$abc$23791$new_n1266_,100.00%,100.00%,0.00%,NA,NA,NA,NA,
$abc$23791$new_n1268_,100.00%,100.00%,NA,NA,NA,NA,NA,
$abc$23791$new_n1269_,100.00%,100.00%,0.00%,NA,NA,NA,NA,
$abc$23791$new_n1271_,100.00%,94.47%,0.00%,NA,NA,NA,NA,
$abc$23791$new_n1272_,100.00%,100.00%,100.00%,NA,NA,NA,NA,
clknet_leaf_1_PCLK,72.02%,100.00%,90.15%,0.00%,NA,NA,NA,
$abc$23791$new_n1275_,100.00%,100.00%,50.80%,NA,NA,NA,NA,
$abc$23791$new_n1276_,90.91%,99.56%,92.74%,NA,NA,NA,NA,
$abc$23791$new_n1277_,100.00%,100.00%,100.00%,NA,NA,NA,NA,
clknet_leaf_6_PCLK,72.02%,98.85%,54.37%,0.00%,NA,NA,NA,
$abc$23791$new_n1279_,100.00%,85.11%,38.46%,0.00%,NA,NA,NA,
net52,91.96%,98.35%,85.18%,0.00%,0.00%,NA,NA,
$abc$23791$new_n1281_,100.00%,96.95%,100.00%,NA,NA,NA,NA,
$abc$23791$new_n1282_,92.74%,99.79%,96.04%,NA,NA,NA,NA,
$abc$23791$new_n1283_,90.91%,98.22%,90.94%,0.00%,NA,NA,NA,
$abc$23791$new_n1284_,100.00%,100.00%,0.00%,0.00%,NA,NA,NA,
$abc$23791$new_n1285_,100.00%,100.00%,100.00%,NA,NA,NA,NA,
$abc$23791$new_n1286_,100.00%,100.00%,100.00%,NA,NA,NA,NA,
$abc$23791$new_n1287_,100.00%,80.42%,0.00%,NA,NA,NA,NA,
$abc$23791$new_n1288_,77.60%,98.76%,85.43%,0.00%,0.00%,NA,NA,
net47,100.00%,97.32%,91.87%,21.80%,NA,NA,NA,
net42,78.31%,69.19%,68.47%,0.00%,0.00%,NA,NA,
$abc$23791$new_n1291_,100.00%,100.00%,100.00%,0.00%,NA,NA,NA,
$abc$23791$new_n1292_,71.90%,93.73%,79.19%,0.00%,NA,NA,NA,
$abc$23791$new_n1293_,100.00%,100.00%,0.00%,NA,NA,NA,NA,
$abc$23791$new_n1294_,92.65%,87.87%,40.51%,NA,NA,NA,NA,
$abc$23791$new_n1295_,33.33%,51.30%,100.00%,NA,NA,NA,NA,
$abc$23791$new_n1296_,100.00%,100.00%,100.00%,NA,NA,NA,NA,
$abc$23791$new_n1297_,60.75%,98.20%,97.08%,20.75%,NA,NA,NA,
$abc$23791$new_n1298_,100.00%,100.00%,0.00%,0.00%,NA,NA,NA,
net49,96.97%,99.47%,77.18%,0.00%,0.00%,NA,NA,
net43,89.78%,97.77%,83.69%,0.00%,0.00%,NA,NA,
$abc$23791$new_n1302_,100.00%,99.88%,58.28%,0.00%,NA,NA,NA,
$abc$23791$new_n1303_,81.82%,100.00%,100.00%,NA,NA,NA,NA,
$abc$23791$new_n1304_,100.00%,100.00%,0.00%,0.00%,NA,NA,NA,
$abc$23791$new_n1305_,100.00%,100.00%,0.00%,NA,NA,NA,NA,
$abc$23791$new_n1306_,50.00%,100.00%,100.00%,NA,NA,NA,NA,
$abc$23791$new_n1307_,100.00%,100.00%,100.00%,NA,NA,NA,NA,
$abc$23791$new_n1308_,100.00%,100.00%,100.00%,NA,NA,NA,NA,
$abc$23791$new_n1309_,80.30%,100.00%,77.72%,0.00%,NA,NA,NA,
$abc$23791$new_n1310_,78.79%,100.00%,100.00%,NA,NA,NA,NA,
$abc$23791$new_n1311_,100.00%,100.00%,0.00%,NA,NA,NA,NA,
net44,81.39%,94.56%,94.45%,30.07%,0.00%,0.00%,NA,
clknet_leaf_5_PCLK,100.00%,100.00%,96.81%,0.00%,NA,NA,NA,
$abc$23791$new_n1314_,100.00%,100.00%,0.00%,NA,NA,NA,NA,
$abc$23791$new_n1315_,100.00%,100.00%,100.00%,NA,NA,NA,NA,
clknet_leaf_0_PCLK,100.00%,100.00%,98.00%,0.00%,NA,NA,NA,
$abc$23791$new_n1318_,100.00%,100.00%,92.33%,0.00%,NA,NA,NA,
$abc$23791$new_n1319_,100.00%,100.00%,100.00%,NA,NA,NA,NA,
clknet_leaf_4_PCLK,83.33%,96.32%,52.62%,0.00%,NA,NA,NA,
$abc$23791$new_n1321_,100.00%,100.00%,0.00%,NA,NA,NA,NA,
$abc$23791$new_n1322_,100.00%,100.00%,80.85%,0.00%,NA,NA,NA,
$abc$23791$new_n1323_,100.00%,100.00%,0.00%,NA,NA,NA,NA,
$abc$23791$new_n1324_,100.00%,100.00%,NA,NA,NA,NA,NA,
$abc$23791$new_n1325_,100.00%,100.00%,71.14%,NA,NA,NA,NA,
$abc$23791$new_n1326_,83.33%,96.21%,100.00%,NA,NA,NA,NA,
$abc$23791$new_n1327_,100.00%,74.36%,100.00%,0.00%,0.00%,NA,NA,
$abc$23791$new_n1328_,100.00%,100.00%,100.00%,NA,NA,NA,NA,
net48,96.14%,77.43%,78.66%,0.00%,0.00%,NA,NA,
$abc$23791$new_n1330_,100.00%,100.00%,100.00%,NA,NA,NA,NA,
$abc$23791$new_n1332_,93.45%,99.38%,83.14%,0.00%,NA,NA,NA,
$abc$23791$new_n1333_,100.00%,100.00%,100.00%,NA,NA,NA,NA,
$abc$23791$new_n1334_,100.00%,100.00%,100.00%,NA,NA,NA,NA,
$abc$23791$new_n1335_,100.00%,34.25%,0.00%,0.00%,NA,NA,NA,
$abc$23791$new_n1336_,100.00%,100.00%,100.00%,0.00%,NA,NA,NA,
$abc$23791$new_n1337_,100.00%,100.00%,100.00%,0.00%,NA,NA,NA,
$abc$23791$new_n1338_,100.00%,100.00%,NA,NA,NA,NA,NA,
$abc$23791$new_n1339_,100.00%,100.00%,100.00%,0.00%,NA,NA,NA,
$abc$23791$new_n1340_,100.00%,100.00%,100.00%,69.00%,100.00%,NA,NA,
$abc$23791$new_n1341_,100.00%,100.00%,0.00%,NA,NA,NA,NA,
$abc$23791$new_n1343_,100.00%,100.00%,100.00%,NA,NA,NA,NA,
$abc$23791$new_n1344_,100.00%,100.00%,100.00%,NA,NA,NA,NA,
$abc$23791$new_n1345_,100.00%,100.00%,0.00%,NA,NA,NA,NA,
$abc$23791$new_n1346_,100.00%,100.00%,100.00%,NA,NA,NA,NA,
$abc$23791$new_n1347_,83.33%,89.11%,0.00%,NA,NA,NA,NA,
$abc$23791$new_n1348_,100.00%,100.00%,NA,NA,NA,NA,NA,
$abc$23791$new_n1349_,100.00%,100.00%,93.06%,0.00%,NA,NA,NA,
$abc$23791$new_n1350_,100.00%,100.00%,100.00%,NA,NA,NA,NA,
$abc$23791$new_n1351_,100.00%,100.00%,100.00%,NA,NA,NA,NA,
$abc$23791$new_n1353_,100.00%,100.00%,100.00%,NA,NA,NA,NA,
$abc$23791$new_n1354_,100.00%,100.00%,100.00%,NA,NA,NA,NA,
$abc$23791$new_n1355_,100.00%,100.00%,0.00%,0.00%,NA,NA,NA,
$abc$23791$new_n1356_,100.00%,100.00%,100.00%,NA,NA,NA,NA,
$abc$23791$new_n1357_,50.00%,100.00%,0.00%,NA,NA,NA,NA,
$abc$23791$new_n1358_,100.00%,100.00%,0.00%,NA,NA,NA,NA,
$abc$23791$new_n1359_,100.00%,100.00%,100.00%,NA,NA,NA,NA,
$abc$23791$new_n1360_,100.00%,91.07%,100.00%,NA,NA,NA,NA,
net30,90.05%,95.41%,84.70%,0.00%,NA,NA,NA,
clknet_leaf_3_PCLK,68.93%,98.71%,49.80%,0.00%,NA,NA,NA,
$abc$23791$new_n1363_,100.00%,100.00%,NA,NA,NA,NA,NA,
$abc$23791$new_n1364_,100.00%,100.00%,100.00%,NA,NA,NA,NA,
$abc$23791$new_n1366_,100.00%,100.00%,100.00%,NA,NA,NA,NA,
$abc$23791$new_n1367_,50.00%,56.16%,100.00%,NA,NA,NA,NA,
$abc$23791$new_n1368_,100.00%,100.00%,100.00%,NA,NA,NA,NA,
$abc$23791$new_n1369_,100.00%,100.00%,100.00%,NA,NA,NA,NA,
$abc$23791$new_n1370_,100.00%,100.00%,0.00%,NA,NA,NA,NA,
$abc$23791$new_n1371_,83.33%,96.09%,0.00%,NA,NA,NA,NA,
$abc$23791$new_n1372_,100.00%,86.38%,100.00%,NA,NA,NA,NA,
$abc$23791$new_n1373_,100.00%,59.35%,100.00%,NA,NA,NA,NA,
$abc$23791$new_n1374_,100.00%,100.00%,0.00%,NA,NA,NA,NA,
$abc$23791$new_n1376_,100.00%,100.00%,100.00%,NA,NA,NA,NA,
$abc$23791$new_n1377_,100.00%,100.00%,69.98%,0.00%,NA,NA,NA,
$abc$23791$new_n1378_,100.00%,98.30%,57.51%,NA,NA,NA,NA,
$abc$23791$new_n1379_,100.00%,77.31%,33.82%,0.00%,NA,NA,NA,
$abc$23791$new_n1380_,100.00%,100.00%,0.00%,NA,NA,NA,NA,
$abc$23791$new_n1381_,100.00%,100.00%,NA,NA,NA,NA,NA,
$abc$23791$new_n1382_,100.00%,100.00%,100.00%,NA,NA,NA,NA,
$abc$23791$new_n1383_,100.00%,100.00%,100.00%,100.00%,100.00%,NA,NA,
$abc$23791$new_n1384_,100.00%,100.00%,19.55%,0.00%,NA,NA,NA,
$abc$23791$new_n1386_,100.00%,98.59%,100.00%,NA,NA,NA,NA,
$abc$23791$new_n1387_,100.00%,100.00%,100.00%,NA,NA,NA,NA,
$abc$23791$new_n1388_,100.00%,100.00%,NA,NA,NA,NA,NA,
$abc$23791$new_n1389_,100.00%,100.00%,100.00%,NA,NA,NA,NA,
$abc$23791$new_n1390_,100.00%,100.00%,100.00%,NA,NA,NA,NA,
$abc$23791$new_n1391_,100.00%,100.00%,100.00%,NA,NA,NA,NA,
$abc$23791$new_n1392_,100.00%,100.00%,79.88%,0.00%,NA,NA,NA,
$abc$23791$new_n1393_,100.00%,98.16%,100.00%,NA,NA,NA,NA,
$abc$23791$new_n1394_,100.00%,99.31%,76.47%,0.00%,NA,NA,NA,
$abc$23791$new_n1396_,50.00%,42.41%,100.00%,NA,NA,NA,NA,
$abc$23791$new_n1397_,100.00%,94.35%,90.91%,NA,NA,NA,NA,
$abc$23791$new_n1398_,100.00%,100.00%,NA,NA,NA,NA,NA,
$abc$23791$new_n1399_,100.00%,100.00%,0.00%,NA,NA,NA,NA,
$abc$23791$new_n1400_,33.33%,43.78%,0.00%,NA,NA,NA,NA,
$abc$23791$new_n1401_,100.00%,100.00%,81.09%,0.00%,NA,NA,NA,
$abc$23791$new_n1402_,83.33%,98.89%,0.00%,0.00%,NA,NA,NA,
$abc$23791$new_n1403_,81.82%,95.28%,99.18%,0.00%,NA,NA,NA,
$abc$23791$new_n1404_,100.00%,100.00%,100.00%,NA,NA,NA,NA,
$abc$23791$new_n1406_,50.00%,100.00%,0.00%,NA,NA,NA,NA,
$abc$23791$new_n1407_,100.00%,100.00%,100.00%,0.00%,NA,NA,NA,
$abc$23791$new_n1408_,100.00%,100.00%,0.00%,0.00%,NA,NA,NA,
$abc$23791$new_n1409_,85.06%,100.00%,NA,NA,NA,NA,NA,
$abc$23791$new_n1410_,50.00%,39.37%,0.00%,NA,NA,NA,NA,
$abc$23791$new_n1411_,100.00%,100.00%,100.00%,NA,NA,NA,NA,
$abc$23791$new_n1412_,100.00%,100.00%,95.74%,0.00%,NA,NA,NA,
$abc$23791$new_n1413_,100.00%,100.00%,79.54%,NA,NA,NA,NA,
$abc$23791$new_n1414_,100.00%,100.00%,NA,NA,NA,NA,NA,
$abc$23791$new_n1416_,100.00%,100.00%,100.00%,NA,NA,NA,NA,
$abc$23791$new_n1417_,100.00%,100.00%,90.46%,0.00%,NA,NA,NA,
$abc$23791$new_n1418_,100.00%,100.00%,100.00%,NA,NA,NA,NA,
$abc$23791$new_n1419_,100.00%,100.00%,72.50%,0.00%,0.00%,NA,NA,
$abc$23791$new_n1420_,100.00%,100.00%,100.00%,NA,NA,NA,NA,
$abc$23791$new_n1421_,100.00%,100.00%,0.00%,NA,NA,NA,NA,
$abc$23791$new_n1422_,100.00%,100.00%,0.00%,0.00%,NA,NA,NA,
$abc$23791$new_n1423_,100.00%,100.00%,0.00%,NA,NA,NA,NA,
$abc$23791$new_n1424_,100.00%,88.37%,98.98%,NA,NA,NA,NA,
$abc$23791$new_n1425_,100.00%,100.00%,0.00%,0.00%,NA,NA,NA,
$abc$23791$new_n1427_,100.00%,98.13%,62.49%,0.00%,NA,NA,NA,
$abc$23791$new_n1428_,100.00%,100.00%,100.00%,NA,NA,NA,NA,
$abc$23791$new_n1429_,100.00%,100.00%,100.00%,0.00%,NA,NA,NA,
$abc$23791$new_n1430_,100.00%,100.00%,0.00%,NA,NA,NA,NA,
$abc$23791$new_n1431_,100.00%,100.00%,86.11%,0.00%,NA,NA,NA,
$abc$23791$new_n1432_,100.00%,100.00%,100.00%,NA,NA,NA,NA,
$abc$23791$new_n1433_,100.00%,100.00%,100.00%,NA,NA,NA,NA,
$abc$23791$new_n1434_,100.00%,100.00%,100.00%,NA,NA,NA,NA,
$abc$23791$new_n1435_,100.00%,100.00%,0.00%,0.00%,NA,NA,NA,
$abc$23791$new_n1436_,95.45%,100.00%,100.00%,NA,NA,NA,NA,
$abc$23791$new_n1438_,100.00%,100.00%,NA,NA,NA,NA,NA,
$abc$23791$new_n1439_,83.33%,98.51%,95.06%,0.00%,NA,NA,NA,
$abc$23791$new_n1440_,100.00%,97.52%,66.67%,NA,NA,NA,NA,
$abc$23791$new_n1441_,100.00%,100.00%,0.00%,0.00%,NA,NA,NA,
$abc$23791$new_n1442_,100.00%,100.00%,100.00%,NA,NA,NA,NA,
$abc$23791$new_n1443_,100.00%,100.00%,100.00%,NA,NA,NA,NA,
$abc$23791$new_n1444_,100.00%,100.00%,100.00%,NA,NA,NA,NA,
$abc$23791$new_n1445_,100.00%,44.72%,99.50%,0.00%,NA,NA,NA,
$abc$23791$new_n1446_,15.94%,100.00%,86.08%,NA,NA,NA,NA,
$abc$23791$new_n1448_,100.00%,100.00%,100.00%,NA,NA,NA,NA,
$abc$23791$new_n1449_,100.00%,100.00%,100.00%,100.00%,100.00%,NA,NA,
$abc$23791$new_n1450_,100.00%,60.57%,0.00%,NA,NA,NA,NA,
$abc$23791$new_n1451_,90.91%,100.00%,NA,NA,NA,NA,NA,
$abc$23791$new_n1452_,100.00%,100.00%,0.00%,NA,NA,NA,NA,
$abc$23791$new_n1453_,50.00%,95.54%,27.68%,0.00%,NA,NA,NA,
$abc$23791$new_n1454_,100.00%,100.00%,100.00%,100.00%,NA,NA,NA,
$abc$23791$new_n1455_,100.00%,100.00%,0.00%,NA,NA,NA,NA,
$abc$23791$new_n1457_,100.00%,54.62%,80.20%,NA,NA,NA,NA,
$abc$23791$new_n1458_,100.00%,100.00%,0.00%,NA,NA,NA,NA,
$abc$23791$new_n1459_,100.00%,100.00%,100.00%,NA,NA,NA,NA,
$abc$23791$new_n1460_,100.00%,98.16%,100.00%,NA,NA,NA,NA,
$abc$23791$new_n1461_,100.00%,100.00%,0.00%,0.00%,NA,NA,NA,
$abc$23791$new_n1462_,100.00%,100.00%,74.11%,0.00%,NA,NA,NA,
$abc$23791$new_n1463_,100.00%,100.00%,100.00%,NA,NA,NA,NA,
$abc$23791$new_n1464_,100.00%,90.37%,100.00%,NA,NA,NA,NA,
$abc$23791$new_n1465_,100.00%,100.00%,0.00%,NA,NA,NA,NA,
$abc$23791$new_n1467_,82.64%,97.38%,93.56%,0.00%,NA,NA,NA,
$abc$23791$new_n1468_,100.00%,53.55%,92.99%,100.00%,NA,NA,NA,
$abc$23791$new_n1469_,100.00%,100.00%,64.74%,0.00%,NA,NA,NA,
$abc$23791$new_n1470_,100.00%,100.00%,100.00%,NA,NA,NA,NA,
$abc$23791$new_n1471_,100.00%,31.98%,27.45%,0.00%,NA,NA,NA,
$abc$23791$new_n1472_,95.63%,96.30%,88.25%,0.00%,0.00%,0.00%,NA,
$abc$23791$new_n1473_,100.00%,100.00%,100.00%,NA,NA,NA,NA,
$abc$23791$new_n1474_,100.00%,100.00%,100.00%,NA,NA,NA,NA,
$abc$23791$new_n1475_,78.61%,92.65%,87.90%,0.00%,NA,NA,NA,
net62,95.64%,99.86%,85.38%,0.00%,0.00%,NA,NA,
$abc$23791$new_n1480_,100.00%,100.00%,100.00%,NA,NA,NA,NA,
$abc$23791$new_n1481_,100.00%,100.00%,NA,NA,NA,NA,NA,
$abc$23791$new_n1482_,100.00%,99.15%,100.00%,NA,NA,NA,NA,
$abc$23791$new_n1483_,100.00%,100.00%,0.00%,NA,NA,NA,NA,
$abc$23791$new_n1484_,100.00%,100.00%,79.16%,0.00%,NA,NA,NA,
net61,94.72%,93.60%,78.92%,0.00%,NA,NA,NA,
$abc$23791$new_n1486_,100.00%,100.00%,86.81%,NA,NA,NA,NA,
$abc$23791$new_n1488_,59.48%,100.00%,0.00%,NA,NA,NA,NA,
$abc$23791$new_n1489_,100.00%,100.00%,100.00%,NA,NA,NA,NA,
$abc$23791$new_n1490_,66.98%,100.00%,100.00%,NA,NA,NA,NA,
$abc$23791$new_n1491_,100.00%,100.00%,0.00%,NA,NA,NA,NA,
$abc$23791$new_n1492_,100.00%,100.00%,100.00%,NA,NA,NA,NA,
$abc$23791$new_n1494_,100.00%,100.00%,87.13%,0.00%,NA,NA,NA,
$abc$23791$new_n1495_,100.00%,100.00%,NA,NA,NA,NA,NA,
$abc$23791$new_n1496_,100.00%,100.00%,99.82%,100.00%,NA,NA,NA,
$abc$23791$new_n1497_,100.00%,100.00%,0.00%,0.00%,NA,NA,NA,
$abc$23791$new_n1498_,100.00%,100.00%,NA,NA,NA,NA,NA,
$abc$23791$new_n1500_,68.18%,77.63%,100.00%,NA,NA,NA,NA,
$abc$23791$new_n1501_,100.00%,100.00%,NA,NA,NA,NA,NA,
$abc$23791$new_n1502_,100.00%,44.51%,29.85%,81.86%,100.00%,NA,NA,
$abc$23791$new_n1503_,95.45%,100.00%,100.00%,NA,NA,NA,NA,
$abc$23791$new_n1504_,83.33%,98.61%,0.00%,0.00%,NA,NA,NA,
$abc$23791$new_n1506_,100.00%,92.08%,0.00%,0.00%,NA,NA,NA,
$abc$23791$new_n1507_,100.00%,100.00%,0.00%,0.00%,NA,NA,NA,
$abc$23791$new_n1508_,100.00%,73.98%,100.00%,NA,NA,NA,NA,
$abc$23791$new_n1509_,100.00%,100.00%,0.00%,NA,NA,NA,NA,
$abc$23791$new_n1510_,95.45%,100.00%,0.00%,0.00%,NA,NA,NA,
$abc$23791$new_n1512_,100.00%,100.00%,75.48%,91.64%,100.00%,NA,NA,
$abc$23791$new_n1513_,100.00%,100.00%,100.00%,NA,NA,NA,NA,
$abc$23791$new_n1514_,100.00%,86.67%,100.00%,0.00%,NA,NA,NA,
$abc$23791$new_n1515_,100.00%,90.95%,100.00%,NA,NA,NA,NA,
$abc$23791$new_n1516_,100.00%,100.00%,NA,NA,NA,NA,NA,
$abc$23791$new_n1518_,100.00%,100.00%,NA,NA,NA,NA,NA,
$abc$23791$new_n1519_,100.00%,100.00%,100.00%,NA,NA,NA,NA,
$abc$23791$new_n1520_,100.00%,100.00%,100.00%,NA,NA,NA,NA,
$abc$23791$new_n1521_,100.00%,100.00%,100.00%,NA,NA,NA,NA,
$abc$23791$new_n1522_,100.00%,100.00%,0.00%,NA,NA,NA,NA,
$abc$23791$new_n1524_,31.88%,100.00%,0.00%,0.00%,NA,NA,NA,
$abc$23791$new_n1525_,100.00%,100.00%,74.05%,NA,NA,NA,NA,
$abc$23791$new_n1526_,100.00%,100.00%,100.00%,NA,NA,NA,NA,
$abc$23791$new_n1527_,100.00%,100.00%,NA,NA,NA,NA,NA,
$abc$23791$new_n1528_,100.00%,100.00%,0.00%,NA,NA,NA,NA,
$abc$23791$new_n1530_,32.89%,63.41%,0.00%,0.00%,NA,NA,NA,
$abc$23791$new_n1531_,100.00%,100.00%,NA,NA,NA,NA,NA,
$abc$23791$new_n1532_,50.00%,32.00%,100.00%,NA,NA,NA,NA,
$abc$23791$new_n1533_,100.00%,100.00%,0.00%,NA,NA,NA,NA,
$abc$23791$new_n1534_,100.00%,100.00%,0.00%,0.00%,NA,NA,NA,
$abc$23791$new_n1536_,100.00%,100.00%,0.00%,NA,NA,NA,NA,
$abc$23791$new_n1537_,100.00%,100.00%,65.83%,NA,NA,NA,NA,
$abc$23791$new_n1538_,100.00%,100.00%,100.00%,NA,NA,NA,NA,
$abc$23791$new_n1539_,100.00%,100.00%,100.00%,NA,NA,NA,NA,
$abc$23791$new_n1540_,12.50%,100.00%,NA,NA,NA,NA,NA,
$abc$23791$new_n1542_,88.89%,90.09%,28.22%,75.08%,100.00%,NA,NA,
$abc$23791$new_n1543_,100.00%,100.00%,100.00%,NA,NA,NA,NA,
$abc$23791$new_n1544_,100.00%,75.00%,100.00%,NA,NA,NA,NA,
$abc$23791$new_n1545_,81.82%,95.88%,0.00%,0.00%,NA,NA,NA,
$abc$23791$new_n1546_,100.00%,100.00%,0.00%,NA,NA,NA,NA,
$abc$23791$new_n1548_,100.00%,100.00%,0.00%,NA,NA,NA,NA,
$abc$23791$new_n1549_,100.00%,100.00%,NA,NA,NA,NA,NA,
$abc$23791$new_n1550_,83.33%,100.00%,100.00%,NA,NA,NA,NA,
$abc$23791$new_n1551_,50.00%,39.02%,0.00%,NA,NA,NA,NA,
$abc$23791$new_n1552_,95.45%,100.00%,0.00%,NA,NA,NA,NA,
$abc$23791$new_n1554_,100.00%,100.00%,0.00%,NA,NA,NA,NA,
$abc$23791$new_n1555_,100.00%,100.00%,0.00%,NA,NA,NA,NA,
$abc$23791$new_n1556_,100.00%,100.00%,100.00%,0.00%,NA,NA,NA,
$abc$23791$new_n1557_,33.33%,88.21%,0.00%,NA,NA,NA,NA,
$abc$23791$new_n1558_,100.00%,76.02%,0.00%,NA,NA,NA,NA,
$abc$23791$new_n1560_,68.10%,98.25%,59.33%,42.79%,NA,NA,NA,
$abc$23791$new_n1561_,100.00%,100.00%,100.00%,NA,NA,NA,NA,
$abc$23791$new_n1562_,100.00%,100.00%,100.00%,0.00%,0.00%,NA,NA,
$abc$23791$new_n1563_,100.00%,100.00%,84.46%,0.00%,NA,NA,NA,
$abc$23791$new_n1564_,100.00%,100.00%,0.00%,NA,NA,NA,NA,
$abc$23791$new_n1566_,100.00%,100.00%,88.78%,57.47%,NA,NA,NA,
$abc$23791$new_n1567_,100.00%,100.00%,0.00%,NA,NA,NA,NA,
$abc$23791$new_n1568_,50.00%,100.00%,0.00%,NA,NA,NA,NA,
$abc$23791$new_n1569_,100.00%,100.00%,100.00%,0.00%,NA,NA,NA,
$abc$23791$new_n1570_,100.00%,89.34%,0.00%,NA,NA,NA,NA,
$abc$23791$new_n1572_,100.00%,100.00%,100.00%,NA,NA,NA,NA,
$abc$23791$new_n1574_,50.00%,39.02%,82.94%,NA,NA,NA,NA,
$abc$23791$new_n1577_,50.00%,58.18%,0.00%,0.00%,NA,NA,NA,
$abc$23791$new_n1579_,93.65%,99.14%,85.27%,0.00%,NA,NA,NA,
$abc$23791$new_n1580_,81.82%,77.13%,100.00%,NA,NA,NA,NA,
$abc$23791$new_n1582_,100.00%,100.00%,47.15%,NA,NA,NA,NA,
$abc$23791$new_n1583_,100.00%,100.00%,0.00%,NA,NA,NA,NA,
$abc$23791$new_n1584_,100.00%,100.00%,100.00%,NA,NA,NA,NA,
net32,71.65%,88.21%,91.37%,0.00%,NA,NA,NA,
$abc$23791$new_n1587_,100.00%,100.00%,0.00%,NA,NA,NA,NA,
$abc$23791$new_n1590_,100.00%,100.00%,100.00%,NA,NA,NA,NA,
$abc$23791$new_n1592_,100.00%,100.00%,24.62%,0.00%,NA,NA,NA,
$abc$23791$new_n1593_,100.00%,100.00%,100.00%,NA,NA,NA,NA,
$abc$23791$new_n1596_,100.00%,100.00%,100.00%,NA,NA,NA,NA,
net33,99.19%,97.97%,86.11%,0.00%,NA,NA,NA,
$abc$23791$new_n1599_,83.33%,91.41%,100.00%,NA,NA,NA,NA,
$abc$23791$new_n1602_,100.00%,100.00%,100.00%,NA,NA,NA,NA,
$abc$23791$new_n1604_,100.00%,100.00%,0.00%,NA,NA,NA,NA,
$abc$23791$new_n1606_,100.00%,100.00%,100.00%,NA,NA,NA,NA,
$abc$23791$new_n1608_,100.00%,100.00%,100.00%,NA,NA,NA,NA,
$abc$23791$new_n1610_,100.00%,100.00%,100.00%,NA,NA,NA,NA,
$abc$23791$new_n1612_,80.99%,93.63%,95.86%,0.00%,0.00%,NA,NA,
$abc$23791$new_n1613_,100.00%,100.00%,NA,NA,NA,NA,NA,
net51,94.12%,95.81%,72.79%,0.00%,NA,NA,NA,
$abc$23791$new_n1616_,100.00%,100.00%,95.46%,0.00%,NA,NA,NA,
$abc$23791$new_n1617_,100.00%,100.00%,100.00%,NA,NA,NA,NA,
$abc$23791$new_n1619_,100.00%,100.00%,100.00%,NA,NA,NA,NA,
$abc$23791$new_n1622_,100.00%,100.00%,NA,NA,NA,NA,NA,
$abc$23791$new_n1624_,0.00%,0.00%,NA,NA,NA,NA,NA,
$abc$23791$new_n1626_,100.00%,100.00%,100.00%,NA,NA,NA,NA,
$abc$23791$new_n1628_,100.00%,100.00%,0.00%,NA,NA,NA,NA,
$abc$23791$new_n1630_,100.00%,100.00%,100.00%,NA,NA,NA,NA,
$abc$23791$new_n1632_,81.82%,85.39%,100.00%,0.00%,NA,NA,NA,
$abc$23791$new_n1634_,81.82%,70.32%,0.00%,NA,NA,NA,NA,
$abc$23791$new_n1636_,100.00%,100.00%,100.00%,NA,NA,NA,NA,
$abc$23791$new_n1638_,100.00%,100.00%,NA,NA,NA,NA,NA,
$abc$23791$new_n1639_,100.00%,100.00%,0.00%,0.00%,NA,NA,NA,
$abc$23791$new_n1641_,100.00%,100.00%,NA,NA,NA,NA,NA,
$abc$23791$new_n1643_,53.84%,87.91%,88.13%,0.00%,NA,NA,NA,
$abc$23791$new_n1644_,100.00%,100.00%,100.00%,NA,NA,NA,NA,
$abc$23791$new_n1646_,100.00%,100.00%,100.00%,NA,NA,NA,NA,
$abc$23791$new_n1648_,100.00%,100.00%,0.00%,NA,NA,NA,NA,
$abc$23791$new_n1650_,100.00%,100.00%,100.00%,0.00%,NA,NA,NA,
$abc$23791$new_n1652_,100.00%,100.00%,100.00%,NA,NA,NA,NA,
$abc$23791$new_n1654_,0.00%,46.90%,91.09%,NA,NA,NA,NA,
$abc$23791$new_n1656_,100.00%,100.00%,0.00%,NA,NA,NA,NA,
$abc$23791$new_n1658_,100.00%,97.25%,100.00%,NA,NA,NA,NA,
$abc$23791$new_n1660_,100.00%,100.00%,100.00%,NA,NA,NA,NA,
$abc$23791$new_n1662_,83.33%,93.64%,100.00%,NA,NA,NA,NA,
$abc$23791$new_n1664_,93.33%,98.89%,72.24%,0.00%,NA,NA,NA,
$abc$23791$new_n1665_,100.00%,100.00%,68.91%,0.00%,NA,NA,NA,
$abc$23791$new_n1666_,97.44%,97.69%,73.04%,0.00%,NA,NA,NA,
$abc$23791$new_n1667_,71.74%,100.00%,95.39%,NA,NA,NA,NA,
$abc$23791$new_n1669_,94.05%,88.14%,91.64%,0.00%,NA,NA,NA,
$abc$23791$new_n1671_,20.95%,100.00%,100.00%,NA,NA,NA,NA,
$abc$23791$new_n1673_,100.00%,100.00%,96.17%,0.00%,NA,NA,NA,
clknet_leaf_23_PCLK,100.00%,95.56%,68.73%,0.00%,NA,NA,NA,
$abc$23791$new_n1675_,100.00%,100.00%,0.00%,NA,NA,NA,NA,
$abc$23791$new_n1677_,100.00%,100.00%,92.89%,0.00%,NA,NA,NA,
$abc$23791$new_n1678_,100.00%,100.00%,67.35%,0.00%,NA,NA,NA,
$abc$23791$new_n1679_,100.00%,100.00%,0.00%,NA,NA,NA,NA,
$abc$23791$new_n1681_,94.21%,99.62%,90.21%,66.69%,95.71%,NA,NA,
$abc$23791$new_n1682_,100.00%,100.00%,0.00%,NA,NA,NA,NA,
$abc$23791$new_n1684_,33.67%,100.00%,78.27%,0.00%,0.00%,NA,NA,
$abc$23791$new_n1685_,79.71%,82.43%,100.00%,NA,NA,NA,NA,
$abc$23791$new_n1687_,100.00%,100.00%,80.32%,0.00%,NA,NA,NA,
$abc$23791$new_n1688_,100.00%,100.00%,100.00%,NA,NA,NA,NA,
$abc$23791$new_n1690_,96.97%,99.75%,87.29%,0.00%,NA,NA,NA,
$abc$23791$new_n1691_,50.00%,74.85%,0.00%,NA,NA,NA,NA,
$abc$23791$new_n1693_,100.00%,100.00%,100.00%,NA,NA,NA,NA,
$abc$23791$new_n1694_,100.00%,100.00%,100.00%,NA,NA,NA,NA,
$abc$23791$new_n1695_,100.00%,100.00%,100.00%,NA,NA,NA,NA,
$abc$23791$new_n1697_,32.65%,100.00%,87.92%,0.00%,0.00%,NA,NA,
$abc$23791$new_n1698_,100.00%,77.59%,0.00%,NA,NA,NA,NA,
$abc$23791$new_n1700_,39.86%,100.00%,59.51%,0.00%,NA,NA,NA,
$abc$23791$new_n1701_,100.00%,100.00%,NA,NA,NA,NA,NA,
$abc$23791$new_n1703_,100.00%,100.00%,100.00%,100.00%,NA,NA,NA,
$abc$23791$new_n1704_,100.00%,100.00%,0.00%,NA,NA,NA,NA,
$abc$23791$new_n1706_,0.00%,18.60%,84.40%,NA,NA,NA,NA,
$abc$23791$new_n1708_,100.00%,99.30%,100.00%,100.00%,NA,NA,NA,
$abc$23791$new_n1709_,100.00%,100.00%,0.00%,NA,NA,NA,NA,
$abc$23791$new_n1711_,100.00%,100.00%,94.99%,99.79%,NA,NA,NA,
clknet_leaf_17_PCLK,90.91%,94.42%,64.69%,0.00%,NA,NA,NA,
$abc$23791$new_n1713_,100.00%,100.00%,100.00%,NA,NA,NA,NA,
$abc$23791$new_n1715_,100.00%,100.00%,92.80%,0.00%,NA,NA,NA,
$abc$23791$new_n1716_,100.00%,64.96%,47.69%,0.00%,NA,NA,NA,
$abc$23791$new_n1718_,100.00%,99.74%,97.17%,0.00%,NA,NA,NA,
$abc$23791$new_n1719_,100.00%,100.00%,0.00%,NA,NA,NA,NA,
$abc$23791$new_n1721_,100.00%,100.00%,NA,NA,NA,NA,NA,
$abc$23791$new_n1723_,19.39%,89.88%,51.81%,98.98%,100.00%,NA,NA,
clknet_leaf_22_PCLK,82.35%,64.44%,74.45%,0.00%,NA,NA,NA,
$abc$23791$new_n1725_,88.41%,83.33%,NA,NA,NA,NA,NA,
$abc$23791$new_n1727_,87.88%,88.23%,91.16%,0.00%,NA,NA,NA,
$abc$23791$new_n1728_,79.61%,86.29%,94.64%,0.00%,NA,NA,NA,
$abc$23791$new_n1729_,100.00%,100.00%,0.00%,NA,NA,NA,NA,
$abc$23791$new_n1731_,100.00%,86.39%,100.00%,NA,NA,NA,NA,
$abc$23791$new_n1732_,83.33%,100.00%,0.00%,0.00%,NA,NA,NA,
$abc$23791$new_n1734_,100.00%,100.00%,100.00%,NA,NA,NA,NA,
$abc$23791$new_n1736_,100.00%,100.00%,100.00%,NA,NA,NA,NA,
$abc$23791$new_n1737_,98.02%,100.00%,96.85%,20.49%,NA,NA,NA,
$abc$23791$new_n1738_,96.86%,99.36%,90.78%,0.00%,NA,NA,NA,
$abc$23791$new_n1741_,100.00%,100.00%,0.00%,NA,NA,NA,NA,
$abc$23791$new_n1743_,83.33%,93.71%,47.07%,NA,NA,NA,NA,
$abc$23791$new_n1745_,100.00%,100.00%,0.00%,NA,NA,NA,NA,
$abc$23791$new_n1747_,100.00%,100.00%,100.00%,NA,NA,NA,NA,
$abc$23791$new_n1749_,100.00%,100.00%,100.00%,NA,NA,NA,NA,
$abc$23791$new_n1751_,100.00%,100.00%,100.00%,NA,NA,NA,NA,
$abc$23791$new_n1753_,100.00%,100.00%,NA,NA,NA,NA,NA,
$abc$23791$new_n1755_,100.00%,100.00%,0.00%,NA,NA,NA,NA,
clknet_leaf_16_PCLK,96.30%,96.06%,73.12%,0.00%,NA,NA,NA,
$abc$23791$new_n1758_,100.00%,100.00%,100.00%,NA,NA,NA,NA,
$abc$23791$new_n1760_,100.00%,100.00%,100.00%,NA,NA,NA,NA,
$abc$23791$new_n1762_,83.33%,96.43%,0.00%,NA,NA,NA,NA,
$abc$23791$new_n1764_,100.00%,100.00%,100.00%,NA,NA,NA,NA,
$abc$23791$new_n1766_,100.00%,100.00%,100.00%,NA,NA,NA,NA,
$abc$23791$new_n1768_,100.00%,100.00%,100.00%,NA,NA,NA,NA,
$abc$23791$new_n1770_,54.55%,6.12%,0.00%,NA,NA,NA,NA,
$abc$23791$new_n1772_,100.00%,100.00%,100.00%,NA,NA,NA,NA,
$abc$23791$new_n1774_,66.67%,100.00%,100.00%,NA,NA,NA,NA,
$abc$23791$new_n1775_,100.00%,100.00%,100.00%,NA,NA,NA,NA,
$abc$23791$new_n1776_,100.00%,100.00%,100.00%,NA,NA,NA,NA,
$abc$23791$new_n1778_,62.86%,65.52%,NA,NA,NA,NA,NA,
$abc$23791$new_n1780_,100.00%,100.00%,80.41%,0.00%,NA,NA,NA,
$abc$23791$new_n1782_,100.00%,100.00%,0.00%,0.00%,NA,NA,NA,
$abc$23791$new_n1784_,100.00%,100.00%,NA,NA,NA,NA,NA,
$abc$23791$new_n1786_,100.00%,100.00%,95.71%,0.00%,NA,NA,NA,
$abc$23791$new_n1787_,100.00%,100.00%,100.00%,NA,NA,NA,NA,
$abc$23791$new_n1788_,100.00%,100.00%,0.00%,NA,NA,NA,NA,
$abc$23791$new_n1790_,93.94%,85.57%,96.71%,72.65%,100.00%,NA,NA,
$abc$23791$new_n1791_,100.00%,100.00%,NA,NA,NA,NA,NA,
$abc$23791$new_n1793_,95.45%,100.00%,99.06%,NA,NA,NA,NA,
$abc$23791$new_n1795_,100.00%,100.00%,0.00%,NA,NA,NA,NA,
$abc$23791$new_n1797_,100.00%,100.00%,NA,NA,NA,NA,NA,
$abc$23791$new_n1799_,100.00%,100.00%,100.00%,NA,NA,NA,NA,
$abc$23791$new_n1801_,100.00%,100.00%,100.00%,NA,NA,NA,NA,
$abc$23791$new_n1803_,100.00%,100.00%,100.00%,0.00%,NA,NA,NA,
$abc$23791$new_n1805_,100.00%,100.00%,NA,NA,NA,NA,NA,
$abc$23791$new_n1807_,100.00%,100.00%,0.00%,NA,NA,NA,NA,
$abc$23791$new_n1808_,87.50%,100.00%,NA,NA,NA,NA,NA,
$abc$23791$new_n1810_,50.00%,39.69%,95.71%,NA,NA,NA,NA,
$abc$23791$new_n1812_,100.00%,95.58%,0.00%,NA,NA,NA,NA,
$abc$23791$new_n1814_,100.00%,100.00%,100.00%,NA,NA,NA,NA,
$abc$23791$new_n1816_,100.00%,100.00%,100.00%,NA,NA,NA,NA,
$abc$23791$new_n1818_,100.00%,100.00%,0.00%,NA,NA,NA,NA,
$abc$23791$new_n1820_,100.00%,100.00%,NA,NA,NA,NA,NA,
$abc$23791$new_n1822_,100.00%,100.00%,100.00%,NA,NA,NA,NA,
$abc$23791$new_n1824_,97.73%,100.00%,60.65%,0.00%,NA,NA,NA,
$abc$23791$new_n1825_,100.00%,100.00%,100.00%,NA,NA,NA,NA,
$abc$23791$new_n1826_,99.09%,99.91%,91.99%,0.00%,NA,NA,NA,
$abc$23791$new_n1828_,100.00%,100.00%,100.00%,NA,NA,NA,NA,
$abc$23791$new_n1829_,100.00%,100.00%,100.00%,NA,NA,NA,NA,
$abc$23791$new_n1831_,100.00%,100.00%,NA,NA,NA,NA,NA,
net40,87.17%,73.15%,87.19%,69.60%,NA,NA,NA,
$abc$23791$new_n1833_,100.00%,100.00%,100.00%,NA,NA,NA,NA,
$abc$23791$new_n1834_,100.00%,100.00%,100.00%,NA,NA,NA,NA,
$abc$23791$new_n1836_,100.00%,100.00%,0.00%,NA,NA,NA,NA,
$abc$23791$new_n1837_,100.00%,100.00%,100.00%,NA,NA,NA,NA,
$abc$23791$new_n1838_,50.00%,83.17%,84.40%,0.00%,NA,NA,NA,
$abc$23791$new_n1839_,100.00%,100.00%,100.00%,NA,NA,NA,NA,
$abc$23791$new_n1841_,100.00%,100.00%,NA,NA,NA,NA,NA,
$abc$23791$new_n1842_,100.00%,100.00%,100.00%,NA,NA,NA,NA,
$abc$23791$new_n1843_,100.00%,100.00%,100.00%,NA,NA,NA,NA,
$abc$23791$new_n1844_,100.00%,100.00%,100.00%,NA,NA,NA,NA,
$abc$23791$new_n1846_,90.91%,100.00%,NA,NA,NA,NA,NA,
$abc$23791$new_n1847_,100.00%,98.38%,100.00%,NA,NA,NA,NA,
$abc$23791$new_n1848_,100.00%,100.00%,100.00%,NA,NA,NA,NA,
$abc$23791$new_n1849_,100.00%,100.00%,100.00%,0.00%,NA,NA,NA,
$abc$23791$new_n1851_,100.00%,100.00%,97.48%,0.00%,NA,NA,NA,
$abc$23791$new_n1853_,100.00%,100.00%,100.00%,NA,NA,NA,NA,
$abc$23791$new_n1854_,100.00%,100.00%,NA,NA,NA,NA,NA,
$abc$23791$new_n1855_,100.00%,100.00%,0.00%,NA,NA,NA,NA,
$abc$23791$new_n1857_,100.00%,100.00%,100.00%,NA,NA,NA,NA,
$abc$23791$new_n1858_,100.00%,100.00%,100.00%,NA,NA,NA,NA,
$abc$23791$new_n1859_,100.00%,100.00%,NA,NA,NA,NA,NA,
$abc$23791$new_n1860_,100.00%,100.00%,96.58%,0.00%,NA,NA,NA,
$abc$23791$new_n1862_,100.00%,100.00%,100.00%,NA,NA,NA,NA,
$abc$23791$new_n1863_,100.00%,100.00%,0.00%,NA,NA,NA,NA,
$abc$23791$new_n1864_,100.00%,100.00%,100.00%,NA,NA,NA,NA,
$abc$23791$new_n1866_,100.00%,100.00%,83.62%,0.00%,NA,NA,NA,
$abc$23791$new_n1867_,100.00%,100.00%,0.00%,NA,NA,NA,NA,
$abc$23791$new_n1868_,100.00%,100.00%,NA,NA,NA,NA,NA,
$abc$23791$new_n1869_,100.00%,100.00%,100.00%,NA,NA,NA,NA,
$abc$23791$new_n1891_,95.45%,100.00%,0.00%,NA,NA,NA,NA,
$abc$23791$new_n1893_,83.33%,97.70%,0.00%,NA,NA,NA,NA,
$abc$23791$new_n1894_,50.00%,60.70%,90.38%,NA,NA,NA,NA,
$abc$23791$new_n1895_,100.00%,100.00%,100.00%,NA,NA,NA,NA,
$abc$23791$new_n1896_,50.00%,58.73%,100.00%,NA,NA,NA,NA,
$abc$23791$new_n1897_,100.00%,100.00%,100.00%,NA,NA,NA,NA,
$abc$23791$new_n1899_,100.00%,95.70%,67.15%,NA,NA,NA,NA,
$abc$23791$new_n1900_,100.00%,100.00%,100.00%,NA,NA,NA,NA,
$abc$23791$new_n1901_,100.00%,100.00%,NA,NA,NA,NA,NA,
$abc$23791$new_n1902_,50.00%,22.55%,100.00%,NA,NA,NA,NA,
$abc$23791$new_n1903_,100.00%,100.00%,73.90%,NA,NA,NA,NA,
clknet_leaf_12_PCLK,98.04%,94.31%,74.42%,0.00%,NA,NA,NA,
$abc$23791$new_n1906_,100.00%,100.00%,0.00%,NA,NA,NA,NA,
$abc$23791$new_n1907_,100.00%,100.00%,100.00%,NA,NA,NA,NA,
$abc$23791$new_n1909_,100.00%,100.00%,100.00%,NA,NA,NA,NA,
$abc$23791$new_n1910_,100.00%,100.00%,0.00%,NA,NA,NA,NA,
$abc$23791$new_n1912_,100.00%,100.00%,100.00%,NA,NA,NA,NA,
clknet_leaf_15_PCLK,63.71%,55.72%,77.36%,0.00%,NA,NA,NA,
net39,86.91%,94.03%,88.38%,0.00%,0.00%,NA,NA,
$abc$23791$new_n1957_,97.62%,95.04%,91.96%,0.00%,NA,NA,NA,
$abc$23791$new_n1968_,99.17%,97.77%,89.92%,26.64%,NA,NA,NA,
$abc$23791$new_n1979_,93.39%,90.11%,94.40%,36.91%,NA,NA,NA,
$abc$23791$new_n1990_,94.09%,98.92%,90.72%,17.39%,0.00%,NA,NA,
$abc$23791$new_n2001_,93.66%,82.78%,80.23%,0.00%,NA,NA,NA,
$abc$23791$new_n2012_,67.06%,95.14%,94.70%,0.00%,NA,NA,NA,
$abc$23791$new_n2013_,94.77%,99.86%,97.02%,0.00%,NA,NA,NA,
$abc$23791$new_n2024_,99.46%,97.65%,96.70%,0.00%,NA,NA,NA,
$abc$23791$new_n2035_,90.91%,93.08%,86.58%,9.12%,100.00%,NA,NA,
$abc$23791$new_n2046_,79.43%,96.25%,94.38%,0.00%,NA,NA,NA,
$abc$23791$new_n2057_,70.63%,98.44%,74.60%,0.00%,NA,NA,NA,
$abc$23791$new_n2068_,95.87%,98.42%,95.09%,0.00%,NA,NA,NA,
$abc$23791$new_n2079_,96.69%,100.00%,93.72%,30.86%,0.00%,0.00%,NA,
$abc$23791$new_n2090_,55.22%,97.45%,83.84%,64.86%,100.00%,NA,NA,
$abc$23791$new_n2101_,74.63%,89.96%,97.98%,94.57%,NA,NA,NA,
$abc$23791$new_n2112_,90.91%,100.00%,83.46%,0.00%,NA,NA,NA,
$abc$23791$new_n734_,99.17%,99.91%,78.12%,0.00%,NA,NA,NA,
$abc$23791$new_n735_,100.00%,99.56%,96.60%,0.00%,NA,NA,NA,
clknet_leaf_21_PCLK,90.00%,95.58%,86.08%,0.00%,NA,NA,NA,
clknet_leaf_20_PCLK,59.02%,99.70%,75.62%,0.00%,NA,NA,NA,
clknet_leaf_14_PCLK,100.00%,100.00%,78.84%,0.00%,0.00%,NA,NA,
$abc$23791$new_n742_,100.00%,100.00%,92.64%,0.00%,NA,NA,NA,
$abc$23791$new_n743_,50.38%,100.00%,61.21%,0.00%,NA,NA,NA,
$abc$23791$new_n744_,100.00%,100.00%,100.00%,NA,NA,NA,NA,
$abc$23791$new_n745_,92.52%,100.00%,0.00%,NA,NA,NA,NA,
$abc$23791$new_n746_,66.67%,91.65%,62.06%,100.00%,NA,NA,NA,
$abc$23791$new_n747_,100.00%,100.00%,100.00%,NA,NA,NA,NA,
$abc$23791$new_n748_,100.00%,100.00%,63.98%,0.00%,NA,NA,NA,
$abc$23791$new_n749_,100.00%,100.00%,0.00%,NA,NA,NA,NA,
$abc$23791$new_n750_,100.00%,94.23%,98.95%,78.04%,NA,NA,NA,
$abc$23791$new_n751_,100.00%,95.00%,100.00%,NA,NA,NA,NA,
$abc$23791$new_n752_,100.00%,100.00%,0.00%,NA,NA,NA,NA,
$abc$23791$new_n753_,100.00%,100.00%,0.00%,0.00%,NA,NA,NA,
$abc$23791$new_n754_,100.00%,100.00%,0.00%,NA,NA,NA,NA,
$abc$23791$new_n755_,100.00%,100.00%,0.00%,NA,NA,NA,NA,
$abc$23791$new_n756_,100.00%,100.00%,40.38%,95.91%,NA,NA,NA,
$abc$23791$new_n757_,100.00%,100.00%,0.00%,0.00%,NA,NA,NA,
$abc$23791$new_n759_,100.00%,100.00%,0.00%,NA,NA,NA,NA,
clknet_leaf_13_PCLK,98.35%,99.56%,90.80%,0.00%,0.00%,NA,NA,
clknet_leaf_9_PCLK,78.27%,100.00%,97.33%,0.00%,NA,NA,NA,
$abc$23791$new_n763_,88.89%,89.47%,96.96%,0.00%,NA,NA,NA,
net57,81.10%,89.21%,85.54%,0.00%,0.00%,0.00%,NA,
clknet_leaf_8_PCLK,100.00%,92.89%,59.28%,0.00%,NA,NA,NA,
$abc$23791$new_n766_,93.94%,93.69%,98.61%,0.00%,0.00%,NA,NA,
$abc$23791$new_n767_,95.45%,91.50%,80.03%,0.00%,NA,NA,NA,
net38,98.29%,98.68%,72.43%,0.00%,NA,NA,NA,
$abc$23791$new_n769_,100.00%,99.83%,82.68%,0.00%,NA,NA,NA,
clknet_leaf_11_PCLK,95.87%,89.20%,88.27%,0.00%,NA,NA,NA,
net55,99.30%,100.00%,86.64%,0.00%,0.00%,NA,NA,
$abc$23791$new_n772_,100.00%,100.00%,91.69%,0.00%,NA,NA,NA,
$abc$23791$new_n773_,100.00%,75.00%,0.00%,0.00%,0.00%,NA,NA,
$abc$23791$new_n775_,90.91%,100.00%,91.91%,0.00%,0.00%,0.00%,NA,
$abc$23791$new_n776_,90.91%,93.07%,99.49%,76.12%,NA,NA,NA,
$abc$23791$new_n777_,100.00%,100.00%,100.00%,NA,NA,NA,NA,
clknet_leaf_7_PCLK,100.00%,100.00%,73.98%,0.00%,NA,NA,NA,
$abc$23791$new_n780_,83.01%,93.91%,50.00%,0.00%,NA,NA,NA,
$abc$23791$new_n781_,100.00%,93.02%,52.13%,NA,NA,NA,NA,
$abc$23791$new_n782_,100.00%,100.00%,96.93%,NA,NA,NA,NA,
$abc$23791$new_n783_,100.00%,100.00%,100.00%,NA,NA,NA,NA,
$abc$23791$new_n784_,99.17%,99.72%,93.07%,0.00%,0.00%,NA,NA,
$abc$23791$new_n785_,100.00%,100.00%,100.00%,NA,NA,NA,NA,
$abc$23791$new_n786_,100.00%,100.00%,0.00%,NA,NA,NA,NA,
$abc$23791$new_n788_,100.00%,100.00%,51.70%,0.00%,NA,NA,NA,
$abc$23791$new_n790_,57.32%,77.50%,85.82%,44.89%,NA,NA,NA,
net60,88.38%,93.68%,82.63%,0.00%,0.00%,NA,NA,
$abc$23791$new_n792_,100.00%,100.00%,81.30%,0.00%,NA,NA,NA,
$abc$23791$new_n793_,95.45%,100.00%,0.00%,NA,NA,NA,NA,
net41,98.15%,94.60%,69.90%,29.93%,0.00%,NA,NA,
$abc$23791$new_n796_,100.00%,100.00%,100.00%,NA,NA,NA,NA,
net56,96.97%,96.69%,65.52%,0.00%,NA,NA,NA,
$abc$23791$new_n799_,83.33%,98.58%,86.95%,0.00%,NA,NA,NA,
net50,97.77%,98.94%,84.65%,0.00%,0.00%,NA,NA,
$abc$23791$new_n801_,96.04%,97.82%,84.10%,0.00%,NA,NA,NA,
$abc$23791$new_n803_,95.24%,95.45%,76.76%,0.00%,NA,NA,NA,
$abc$23791$new_n804_,94.61%,100.00%,35.49%,0.00%,0.00%,NA,NA,
$abc$23791$new_n805_,100.00%,100.00%,55.25%,NA,NA,NA,NA,
$abc$23791$new_n806_,72.03%,93.28%,76.62%,0.00%,NA,NA,NA,
$abc$23791$new_n808_,100.00%,100.00%,0.00%,NA,NA,NA,NA,
$abc$23791$new_n809_,100.00%,100.00%,98.82%,NA,NA,NA,NA,
net58,80.61%,87.87%,66.50%,0.00%,0.00%,NA,NA,
$abc$23791$new_n812_,100.00%,100.00%,100.00%,NA,NA,NA,NA,
net37,86.30%,90.53%,73.70%,0.00%,0.00%,NA,NA,
$abc$23791$new_n814_,100.00%,100.00%,0.00%,NA,NA,NA,NA,
$abc$23791$new_n816_,100.00%,100.00%,100.00%,NA,NA,NA,NA,
$abc$23791$new_n817_,100.00%,100.00%,95.04%,0.00%,NA,NA,NA,
$abc$23791$new_n818_,100.00%,93.18%,65.49%,0.00%,NA,NA,NA,
net36,81.67%,83.88%,93.59%,51.04%,NA,NA,NA,
$abc$23791$new_n820_,100.00%,100.00%,100.00%,NA,NA,NA,NA,
$abc$23791$new_n821_,100.00%,100.00%,45.67%,NA,NA,NA,NA,
$abc$23791$new_n822_,59.31%,95.40%,70.66%,33.12%,NA,NA,NA,
$abc$23791$new_n823_,100.00%,100.00%,NA,NA,NA,NA,NA,
$abc$23791$new_n824_,100.00%,100.00%,0.00%,NA,NA,NA,NA,
$abc$23791$new_n826_,90.00%,96.73%,87.49%,0.00%,NA,NA,NA,
$abc$23791$new_n827_,100.00%,100.00%,0.00%,NA,NA,NA,NA,
$abc$23791$new_n829_,100.00%,100.00%,100.00%,NA,NA,NA,NA,
$abc$23791$new_n831_,90.48%,86.63%,96.87%,64.86%,100.00%,NA,NA,
net35,66.87%,91.79%,86.42%,14.53%,0.00%,NA,NA,
$abc$23791$new_n834_,68.18%,63.05%,100.00%,0.00%,0.00%,NA,NA,
net46,88.89%,99.94%,78.07%,0.00%,0.00%,NA,NA,
$abc$23791$new_n837_,100.00%,92.07%,95.69%,0.00%,NA,NA,NA,
$abc$23791$new_n838_,100.00%,92.87%,95.73%,73.08%,NA,NA,NA,
$abc$23791$new_n839_,100.00%,100.00%,100.00%,NA,NA,NA,NA,
$abc$23791$new_n840_,91.21%,99.03%,89.73%,0.00%,NA,NA,NA,
clknet_1_1__leaf_PCLK,100.00%,94.60%,81.46%,89.09%,88.58%,NA,NA,
$abc$23791$new_n842_,100.00%,100.00%,65.93%,NA,NA,NA,NA,
$abc$23791$new_n844_,100.00%,100.00%,100.00%,NA,NA,NA,NA,
$abc$23791$new_n845_,100.00%,55.99%,100.00%,NA,NA,NA,NA,
$abc$23791$new_n846_,100.00%,100.00%,0.00%,NA,NA,NA,NA,
$abc$23791$new_n848_,82.90%,89.59%,86.19%,22.47%,86.92%,NA,NA,
$abc$23791$new_n849_,50.00%,100.00%,88.81%,0.00%,NA,NA,NA,
$abc$23791$new_n850_,96.97%,100.00%,58.11%,0.00%,NA,NA,NA,
$abc$23791$new_n851_,81.82%,93.07%,0.00%,0.00%,NA,NA,NA,
$abc$23791$new_n852_,100.00%,75.26%,0.00%,NA,NA,NA,NA,
$abc$23791$new_n854_,100.00%,100.00%,100.00%,NA,NA,NA,NA,
$abc$23791$new_n856_,100.00%,98.18%,44.05%,NA,NA,NA,NA,
$abc$23791$new_n857_,97.87%,84.89%,72.38%,0.00%,0.00%,NA,NA,
$abc$23791$new_n858_,100.00%,100.00%,0.00%,0.00%,NA,NA,NA,
$abc$23791$new_n859_,100.00%,100.00%,60.32%,0.00%,NA,NA,NA,
$abc$23791$new_n860_,100.00%,100.00%,NA,NA,NA,NA,NA,
$abc$23791$new_n862_,100.00%,100.00%,100.00%,NA,NA,NA,NA,
$abc$23791$new_n863_,66.67%,41.21%,0.00%,0.00%,NA,NA,NA,
clknet_0_PCLK,88.89%,97.18%,91.32%,99.61%,32.68%,0.00%,NA,
$abc$23791$new_n865_,100.00%,100.00%,0.00%,0.00%,NA,NA,NA,
$abc$23791$new_n866_,100.00%,100.00%,100.00%,NA,NA,NA,NA,
$abc$23791$new_n868_,81.82%,89.95%,0.00%,0.00%,NA,NA,NA,
$abc$23791$new_n869_,100.00%,100.00%,80.62%,0.00%,NA,NA,NA,
$abc$23791$new_n870_,88.41%,71.53%,NA,NA,NA,NA,NA,
$abc$23791$new_n871_,95.45%,100.00%,35.69%,0.00%,NA,NA,NA,
$abc$23791$new_n873_,100.00%,100.00%,67.78%,0.00%,NA,NA,NA,
$abc$23791$new_n874_,100.00%,100.00%,100.00%,NA,NA,NA,NA,
$abc$23791$new_n875_,100.00%,100.00%,0.00%,NA,NA,NA,NA,
$abc$23791$new_n877_,100.00%,100.00%,100.00%,0.00%,NA,NA,NA,
clknet_1_0__leaf_PCLK,99.39%,100.00%,89.51%,96.61%,99.37%,NA,NA,
$abc$23791$new_n879_,100.00%,100.00%,100.00%,NA,NA,NA,NA,
$abc$23791$new_n880_,100.00%,100.00%,100.00%,NA,NA,NA,NA,
$abc$23791$new_n881_,100.00%,100.00%,0.00%,0.00%,NA,NA,NA,
$abc$23791$new_n883_,100.00%,100.00%,100.00%,NA,NA,NA,NA,
$abc$23791$new_n884_,96.97%,100.00%,100.00%,NA,NA,NA,NA,
$abc$23791$new_n885_,95.45%,100.00%,100.00%,NA,NA,NA,NA,
$abc$23791$new_n886_,100.00%,100.00%,0.00%,0.00%,NA,NA,NA,
$abc$23791$new_n888_,50.00%,76.47%,0.00%,0.00%,NA,NA,NA,
$abc$23791$new_n889_,100.00%,99.67%,100.00%,NA,NA,NA,NA,
$abc$23791$new_n892_,100.00%,100.00%,100.00%,NA,NA,NA,NA,
$abc$23791$new_n894_,100.00%,100.00%,100.00%,NA,NA,NA,NA,
$abc$23791$new_n897_,93.39%,74.40%,96.24%,100.00%,NA,NA,NA,
$abc$23791$new_n898_,100.00%,100.00%,100.00%,NA,NA,NA,NA,
$abc$23791$new_n900_,100.00%,99.58%,94.15%,0.00%,NA,NA,NA,
$abc$23791$new_n901_,93.94%,99.00%,26.67%,0.00%,NA,NA,NA,
$abc$23791$new_n902_,100.00%,100.00%,100.00%,0.00%,NA,NA,NA,
net54,95.68%,100.00%,61.00%,0.00%,NA,NA,NA,
net59,97.88%,89.99%,50.26%,0.00%,0.00%,NA,NA,
$abc$23791$new_n905_,100.00%,100.00%,75.82%,NA,NA,NA,NA,
$abc$23791$new_n907_,100.00%,98.58%,NA,NA,NA,NA,NA,
$abc$23791$new_n908_,100.00%,100.00%,0.00%,NA,NA,NA,NA,
$abc$23791$new_n909_,100.00%,100.00%,100.00%,0.00%,NA,NA,NA,
$abc$23791$new_n910_,100.00%,100.00%,100.00%,NA,NA,NA,NA,
$abc$23791$new_n911_,100.00%,100.00%,96.92%,0.00%,NA,NA,NA,
$abc$23791$new_n912_,100.00%,93.29%,74.82%,0.00%,NA,NA,NA,
$abc$23791$new_n914_,100.00%,100.00%,100.00%,0.00%,NA,NA,NA,
$abc$23791$new_n915_,100.00%,100.00%,100.00%,NA,NA,NA,NA,
clknet_leaf_24_PCLK,99.51%,90.58%,22.58%,0.00%,NA,NA,NA,
$abc$23791$new_n917_,100.00%,100.00%,100.00%,NA,NA,NA,NA,
$abc$23791$new_n918_,100.00%,100.00%,0.00%,0.00%,NA,NA,NA,
$abc$23791$new_n919_,88.89%,100.00%,78.50%,0.00%,NA,NA,NA,
$abc$23791$new_n920_,100.00%,100.00%,NA,NA,NA,NA,NA,
$abc$23791$new_n921_,100.00%,97.25%,100.00%,NA,NA,NA,NA,
$abc$23791$new_n923_,91.67%,99.09%,82.96%,0.00%,NA,NA,NA,
$abc$23791$new_n924_,100.00%,100.00%,NA,NA,NA,NA,NA,
$abc$23791$new_n925_,100.00%,100.00%,0.00%,NA,NA,NA,NA,
$abc$23791$new_n926_,100.00%,100.00%,96.20%,0.00%,NA,NA,NA,
$abc$23791$new_n927_,100.00%,100.00%,0.00%,NA,NA,NA,NA,
$abc$23791$new_n928_,100.00%,84.19%,12.74%,0.00%,NA,NA,NA,
$abc$23791$new_n930_,91.67%,99.00%,90.71%,0.00%,NA,NA,NA,
$abc$23791$new_n931_,100.00%,100.00%,100.00%,NA,NA,NA,NA,
$abc$23791$new_n932_,100.00%,100.00%,0.00%,NA,NA,NA,NA,
$abc$23791$new_n933_,100.00%,100.00%,100.00%,0.00%,NA,NA,NA,
$abc$23791$new_n934_,100.00%,100.00%,0.00%,NA,NA,NA,NA,
$abc$23791$new_n935_,100.00%,100.00%,0.00%,NA,NA,NA,NA,
$abc$23791$new_n936_,100.00%,100.00%,100.00%,NA,NA,NA,NA,
$abc$23791$new_n938_,100.00%,100.00%,100.00%,NA,NA,NA,NA,
$abc$23791$new_n939_,100.00%,100.00%,0.00%,NA,NA,NA,NA,
$abc$23791$new_n940_,100.00%,100.00%,NA,NA,NA,NA,NA,
$abc$23791$new_n941_,100.00%,100.00%,0.00%,0.00%,NA,NA,NA,
$abc$23791$new_n942_,100.00%,99.60%,84.96%,NA,NA,NA,NA,
$abc$23791$new_n943_,100.00%,100.00%,100.00%,NA,NA,NA,NA,
$abc$23791$new_n944_,100.00%,100.00%,100.00%,NA,NA,NA,NA,
$abc$23791$new_n945_,100.00%,100.00%,100.00%,NA,NA,NA,NA,
clknet_leaf_10_PCLK,93.45%,95.61%,92.37%,0.00%,NA,NA,NA,
$abc$23791$new_n948_,100.00%,100.00%,96.61%,NA,NA,NA,NA,
$abc$23791$new_n949_,78.79%,89.32%,98.20%,NA,NA,NA,NA,
$abc$23791$new_n950_,100.00%,100.00%,0.00%,NA,NA,NA,NA,
$abc$23791$new_n951_,50.00%,36.63%,90.69%,0.00%,NA,NA,NA,
$abc$23791$new_n952_,99.02%,100.00%,99.09%,0.00%,NA,NA,NA,
$abc$23791$new_n953_,100.00%,100.00%,100.00%,NA,NA,NA,NA,
$abc$23791$new_n954_,100.00%,100.00%,86.21%,0.00%,NA,NA,NA,
$abc$23791$new_n955_,50.00%,72.38%,63.32%,0.00%,NA,NA,NA,
$abc$23791$new_n956_,100.00%,100.00%,100.00%,NA,NA,NA,NA,
net45,100.00%,87.64%,11.76%,0.00%,NA,NA,NA,
$abc$23791$new_n960_,100.00%,100.00%,0.00%,NA,NA,NA,NA,
$abc$23791$new_n961_,100.00%,100.00%,NA,NA,NA,NA,NA,
$abc$23791$new_n963_,88.89%,97.58%,100.00%,NA,NA,NA,NA,
$abc$23791$new_n964_,100.00%,100.00%,100.00%,NA,NA,NA,NA,
$abc$23791$new_n965_,100.00%,100.00%,100.00%,NA,NA,NA,NA,
clknet_leaf_19_PCLK,95.52%,99.53%,91.04%,NA,NA,NA,NA,
$abc$23791$new_n967_,83.33%,100.00%,100.00%,NA,NA,NA,NA,
$abc$23791$new_n968_,100.00%,100.00%,0.00%,NA,NA,NA,NA,
$abc$23791$new_n970_,100.00%,100.00%,0.00%,NA,NA,NA,NA,
$abc$23791$new_n971_,100.00%,100.00%,0.00%,NA,NA,NA,NA,
$abc$23791$new_n972_,100.00%,100.00%,80.56%,0.00%,NA,NA,NA,
$abc$23791$new_n974_,100.00%,100.00%,100.00%,NA,NA,NA,NA,
$abc$23791$new_n975_,100.00%,100.00%,0.00%,NA,NA,NA,NA,
$abc$23791$new_n976_,100.00%,100.00%,100.00%,NA,NA,NA,NA,
$abc$23791$new_n978_,100.00%,100.00%,100.00%,NA,NA,NA,NA,
$abc$23791$new_n979_,100.00%,100.00%,100.00%,NA,NA,NA,NA,
$abc$23791$new_n980_,100.00%,100.00%,100.00%,NA,NA,NA,NA,
$abc$23791$new_n982_,98.85%,100.00%,0.00%,NA,NA,NA,NA,
$abc$23791$new_n983_,100.00%,79.13%,0.00%,NA,NA,NA,NA,
$abc$23791$new_n984_,100.00%,100.00%,0.00%,0.00%,NA,NA,NA,
$abc$23791$new_n985_,50.00%,100.00%,100.00%,NA,NA,NA,NA,
$abc$23791$new_n987_,100.00%,100.00%,95.23%,0.00%,NA,NA,NA,
$abc$23791$new_n988_,100.00%,100.00%,100.00%,NA,NA,NA,NA,
$abc$23791$new_n989_,100.00%,100.00%,100.00%,0.00%,NA,NA,NA,
$abc$23791$new_n990_,100.00%,100.00%,100.00%,NA,NA,NA,NA,
$abc$23791$new_n992_,100.00%,100.00%,NA,NA,NA,NA,NA,
$abc$23791$new_n993_,100.00%,99.48%,0.00%,0.00%,NA,NA,NA,
$abc$23791$new_n994_,100.00%,100.00%,NA,NA,NA,NA,NA,
$abc$23791$new_n996_,100.00%,100.00%,91.35%,0.00%,NA,NA,NA,
$abc$23791$new_n997_,69.68%,100.00%,0.00%,NA,NA,NA,NA,
$abc$23791$new_n998_,100.00%,100.00%,0.00%,NA,NA,NA,NA,
$abc$23791$techmap\\u_clgen.$0\\counter\[15:0\]\[10\],100.00%,100.00%,0.00%,NA,NA,NA,NA,
$abc$23791$techmap\\u_clgen.$0\\counter\[15:0\]\[12\],100.00%,100.00%,100.00%,NA,NA,NA,NA,
$abc$23791$techmap\\u_clgen.$0\\counter\[15:0\]\[14\],100.00%,100.00%,0.00%,NA,NA,NA,NA,
$abc$23791$techmap\\u_clgen.$0\\counter\[15:0\]\[15\],100.00%,100.00%,0.00%,NA,NA,NA,NA,
$abc$23791$techmap\\u_clgen.$0\\counter\[15:0\]\[1\],100.00%,100.00%,100.00%,NA,NA,NA,NA,
$abc$23791$techmap\\u_clgen.$0\\counter\[15:0\]\[6\],100.00%,100.00%,0.00%,NA,NA,NA,NA,
$abc$23791$techmap\\u_clgen.$0\\counter\[15:0\]\[9\],100.00%,100.00%,93.94%,0.00%,NA,NA,NA,
$abc$23791$techmap\\u_clgen.$0\\neg_edge\[0:0\],100.00%,100.00%,0.00%,0.00%,NA,NA,NA,
$abc$23791$techmap\\u_shift.$0\\IN_reg\[127:0\]\[0\],100.00%,64.63%,0.00%,NA,NA,NA,NA,
$abc$23791$techmap\\u_shift.$0\\IN_reg\[127:0\]\[100\],100.00%,100.00%,100.00%,NA,NA,NA,NA,
$abc$23791$techmap\\u_shift.$0\\IN_reg\[127:0\]\[101\],100.00%,100.00%,100.00%,NA,NA,NA,NA,
$abc$23791$techmap\\u_shift.$0\\IN_reg\[127:0\]\[102\],83.33%,72.67%,0.00%,NA,NA,NA,NA,
$abc$23791$techmap\\u_shift.$0\\IN_reg\[127:0\]\[103\],100.00%,100.00%,0.00%,NA,NA,NA,NA,
$abc$23791$techmap\\u_shift.$0\\IN_reg\[127:0\]\[105\],100.00%,100.00%,100.00%,NA,NA,NA,NA,
$abc$23791$techmap\\u_shift.$0\\IN_reg\[127:0\]\[106\],100.00%,100.00%,0.00%,NA,NA,NA,NA,
$abc$23791$techmap\\u_shift.$0\\IN_reg\[127:0\]\[107\],100.00%,100.00%,100.00%,NA,NA,NA,NA,
$abc$23791$techmap\\u_shift.$0\\IN_reg\[127:0\]\[108\],100.00%,100.00%,100.00%,NA,NA,NA,NA,
$abc$23791$techmap\\u_shift.$0\\IN_reg\[127:0\]\[109\],100.00%,100.00%,100.00%,NA,NA,NA,NA,
$abc$23791$techmap\\u_shift.$0\\IN_reg\[127:0\]\[10\],100.00%,100.00%,0.00%,NA,NA,NA,NA,
$abc$23791$techmap\\u_shift.$0\\IN_reg\[127:0\]\[110\],100.00%,100.00%,0.00%,NA,NA,NA,NA,
$abc$23791$techmap\\u_shift.$0\\IN_reg\[127:0\]\[112\],100.00%,100.00%,0.00%,NA,NA,NA,NA,
$abc$23791$techmap\\u_shift.$0\\IN_reg\[127:0\]\[113\],100.00%,100.00%,0.00%,NA,NA,NA,NA,
$abc$23791$techmap\\u_shift.$0\\IN_reg\[127:0\]\[114\],100.00%,100.00%,0.00%,NA,NA,NA,NA,
$abc$23791$techmap\\u_shift.$0\\IN_reg\[127:0\]\[115\],100.00%,100.00%,0.00%,NA,NA,NA,NA,
$abc$23791$techmap\\u_shift.$0\\IN_reg\[127:0\]\[116\],100.00%,100.00%,0.00%,NA,NA,NA,NA,
$abc$23791$techmap\\u_shift.$0\\IN_reg\[127:0\]\[117\],100.00%,100.00%,100.00%,NA,NA,NA,NA,
$abc$23791$techmap\\u_shift.$0\\IN_reg\[127:0\]\[118\],100.00%,100.00%,0.00%,NA,NA,NA,NA,
$abc$23791$techmap\\u_shift.$0\\IN_reg\[127:0\]\[119\],100.00%,100.00%,0.00%,NA,NA,NA,NA,
$abc$23791$techmap\\u_shift.$0\\IN_reg\[127:0\]\[11\],50.00%,85.09%,34.48%,NA,NA,NA,NA,
$abc$23791$techmap\\u_shift.$0\\IN_reg\[127:0\]\[121\],100.00%,100.00%,0.00%,NA,NA,NA,NA,
$abc$23791$techmap\\u_shift.$0\\IN_reg\[127:0\]\[122\],100.00%,100.00%,100.00%,0.00%,NA,NA,NA,
$abc$23791$techmap\\u_shift.$0\\IN_reg\[127:0\]\[123\],100.00%,100.00%,0.00%,NA,NA,NA,NA,
$abc$23791$techmap\\u_shift.$0\\IN_reg\[127:0\]\[124\],100.00%,100.00%,100.00%,NA,NA,NA,NA,
$abc$23791$techmap\\u_shift.$0\\IN_reg\[127:0\]\[125\],100.00%,100.00%,0.00%,NA,NA,NA,NA,
$abc$23791$techmap\\u_shift.$0\\IN_reg\[127:0\]\[126\],100.00%,100.00%,100.00%,NA,NA,NA,NA,
$abc$23791$techmap\\u_shift.$0\\IN_reg\[127:0\]\[12\],66.67%,45.95%,66.67%,NA,NA,NA,NA,
$abc$23791$techmap\\u_shift.$0\\IN_reg\[127:0\]\[13\],100.00%,100.00%,0.00%,0.00%,NA,NA,NA,
$abc$23791$techmap\\u_shift.$0\\IN_reg\[127:0\]\[14\],100.00%,98.08%,21.28%,NA,NA,NA,NA,
$abc$23791$techmap\\u_shift.$0\\IN_reg\[127:0\]\[16\],100.00%,100.00%,100.00%,NA,NA,NA,NA,
$abc$23791$techmap\\u_shift.$0\\IN_reg\[127:0\]\[17\],50.00%,87.57%,0.00%,NA,NA,NA,NA,
$abc$23791$techmap\\u_shift.$0\\IN_reg\[127:0\]\[18\],100.00%,100.00%,0.00%,NA,NA,NA,NA,
$abc$23791$techmap\\u_shift.$0\\IN_reg\[127:0\]\[19\],100.00%,100.00%,68.70%,NA,NA,NA,NA,
$abc$23791$techmap\\u_shift.$0\\IN_reg\[127:0\]\[1\],83.33%,100.00%,100.00%,NA,NA,NA,NA,
$abc$23791$techmap\\u_shift.$0\\IN_reg\[127:0\]\[20\],100.00%,100.00%,100.00%,NA,NA,NA,NA,
$abc$23791$techmap\\u_shift.$0\\IN_reg\[127:0\]\[21\],100.00%,100.00%,0.00%,NA,NA,NA,NA,
$abc$23791$techmap\\u_shift.$0\\IN_reg\[127:0\]\[22\],100.00%,100.00%,100.00%,NA,NA,NA,NA,
$abc$23791$techmap\\u_shift.$0\\IN_reg\[127:0\]\[23\],100.00%,100.00%,0.00%,NA,NA,NA,NA,
$abc$23791$techmap\\u_shift.$0\\IN_reg\[127:0\]\[24\],100.00%,100.00%,100.00%,NA,NA,NA,NA,
$abc$23791$techmap\\u_shift.$0\\IN_reg\[127:0\]\[25\],100.00%,100.00%,0.00%,NA,NA,NA,NA,
$abc$23791$techmap\\u_shift.$0\\IN_reg\[127:0\]\[26\],100.00%,100.00%,0.00%,NA,NA,NA,NA,
$abc$23791$techmap\\u_shift.$0\\IN_reg\[127:0\]\[27\],100.00%,100.00%,0.00%,NA,NA,NA,NA,
$abc$23791$techmap\\u_shift.$0\\IN_reg\[127:0\]\[28\],100.00%,100.00%,0.00%,0.00%,NA,NA,NA,
$abc$23791$techmap\\u_shift.$0\\IN_reg\[127:0\]\[29\],100.00%,100.00%,100.00%,NA,NA,NA,NA,
$abc$23791$techmap\\u_shift.$0\\IN_reg\[127:0\]\[2\],83.33%,97.61%,100.00%,NA,NA,NA,NA,
$abc$23791$techmap\\u_shift.$0\\IN_reg\[127:0\]\[30\],100.00%,100.00%,100.00%,NA,NA,NA,NA,
$abc$23791$techmap\\u_shift.$0\\IN_reg\[127:0\]\[31\],100.00%,100.00%,100.00%,NA,NA,NA,NA,
$abc$23791$techmap\\u_shift.$0\\IN_reg\[127:0\]\[32\],100.00%,94.11%,0.00%,NA,NA,NA,NA,
$abc$23791$techmap\\u_shift.$0\\IN_reg\[127:0\]\[33\],100.00%,100.00%,0.00%,NA,NA,NA,NA,
$abc$23791$techmap\\u_shift.$0\\IN_reg\[127:0\]\[34\],25.29%,100.00%,100.00%,NA,NA,NA,NA,
$abc$23791$techmap\\u_shift.$0\\IN_reg\[127:0\]\[35\],100.00%,100.00%,0.00%,NA,NA,NA,NA,
$abc$23791$techmap\\u_shift.$0\\IN_reg\[127:0\]\[36\],100.00%,100.00%,0.00%,0.00%,NA,NA,NA,
$abc$23791$techmap\\u_shift.$0\\IN_reg\[127:0\]\[37\],100.00%,98.52%,0.00%,NA,NA,NA,NA,
$abc$23791$techmap\\u_shift.$0\\IN_reg\[127:0\]\[38\],100.00%,100.00%,100.00%,NA,NA,NA,NA,
$abc$23791$techmap\\u_shift.$0\\IN_reg\[127:0\]\[39\],100.00%,100.00%,0.00%,0.00%,NA,NA,NA,
$abc$23791$techmap\\u_shift.$0\\IN_reg\[127:0\]\[3\],100.00%,100.00%,0.00%,NA,NA,NA,NA,
$abc$23791$techmap\\u_shift.$0\\IN_reg\[127:0\]\[40\],100.00%,100.00%,53.19%,0.00%,NA,NA,NA,
$abc$23791$techmap\\u_shift.$0\\IN_reg\[127:0\]\[41\],100.00%,100.00%,100.00%,NA,NA,NA,NA,
$abc$23791$techmap\\u_shift.$0\\IN_reg\[127:0\]\[42\],50.00%,100.00%,73.05%,0.00%,NA,NA,NA,
$abc$23791$techmap\\u_shift.$0\\IN_reg\[127:0\]\[43\],100.00%,100.00%,0.00%,NA,NA,NA,NA,
$abc$23791$techmap\\u_shift.$0\\IN_reg\[127:0\]\[44\],100.00%,100.00%,0.00%,0.00%,NA,NA,NA,
$abc$23791$techmap\\u_shift.$0\\IN_reg\[127:0\]\[45\],100.00%,100.00%,0.00%,NA,NA,NA,NA,
$abc$23791$techmap\\u_shift.$0\\IN_reg\[127:0\]\[46\],100.00%,100.00%,88.37%,0.00%,NA,NA,NA,
$abc$23791$techmap\\u_shift.$0\\IN_reg\[127:0\]\[47\],66.67%,89.00%,0.00%,NA,NA,NA,NA,
$abc$23791$techmap\\u_shift.$0\\IN_reg\[127:0\]\[48\],100.00%,100.00%,0.00%,NA,NA,NA,NA,
$abc$23791$techmap\\u_shift.$0\\IN_reg\[127:0\]\[49\],100.00%,100.00%,0.00%,NA,NA,NA,NA,
$abc$23791$techmap\\u_shift.$0\\IN_reg\[127:0\]\[4\],100.00%,100.00%,100.00%,NA,NA,NA,NA,
$abc$23791$techmap\\u_shift.$0\\IN_reg\[127:0\]\[50\],50.00%,100.00%,0.00%,NA,NA,NA,NA,
$abc$23791$techmap\\u_shift.$0\\IN_reg\[127:0\]\[51\],100.00%,100.00%,100.00%,NA,NA,NA,NA,
$abc$23791$techmap\\u_shift.$0\\IN_reg\[127:0\]\[52\],83.33%,95.51%,100.00%,NA,NA,NA,NA,
$abc$23791$techmap\\u_shift.$0\\IN_reg\[127:0\]\[53\],100.00%,98.92%,100.00%,NA,NA,NA,NA,
$abc$23791$techmap\\u_shift.$0\\IN_reg\[127:0\]\[54\],100.00%,100.00%,NA,NA,NA,NA,NA,
$abc$23791$techmap\\u_shift.$0\\IN_reg\[127:0\]\[55\],100.00%,97.61%,100.00%,NA,NA,NA,NA,
$abc$23791$techmap\\u_shift.$0\\IN_reg\[127:0\]\[56\],100.00%,100.00%,100.00%,NA,NA,NA,NA,
$abc$23791$techmap\\u_shift.$0\\IN_reg\[127:0\]\[57\],100.00%,98.38%,100.00%,NA,NA,NA,NA,
$abc$23791$techmap\\u_shift.$0\\IN_reg\[127:0\]\[58\],50.00%,100.00%,100.00%,NA,NA,NA,NA,
$abc$23791$techmap\\u_shift.$0\\IN_reg\[127:0\]\[59\],100.00%,100.00%,0.00%,NA,NA,NA,NA,
$abc$23791$techmap\\u_shift.$0\\IN_reg\[127:0\]\[5\],100.00%,100.00%,0.00%,NA,NA,NA,NA,
$abc$23791$techmap\\u_shift.$0\\IN_reg\[127:0\]\[60\],100.00%,100.00%,100.00%,NA,NA,NA,NA,
$abc$23791$techmap\\u_shift.$0\\IN_reg\[127:0\]\[61\],100.00%,100.00%,100.00%,NA,NA,NA,NA,
$abc$23791$techmap\\u_shift.$0\\IN_reg\[127:0\]\[62\],100.00%,100.00%,100.00%,NA,NA,NA,NA,
$abc$23791$techmap\\u_shift.$0\\IN_reg\[127:0\]\[63\],100.00%,100.00%,0.00%,0.00%,NA,NA,NA,
$abc$23791$techmap\\u_shift.$0\\IN_reg\[127:0\]\[64\],100.00%,100.00%,0.00%,NA,NA,NA,NA,
$abc$23791$techmap\\u_shift.$0\\IN_reg\[127:0\]\[65\],100.00%,100.00%,0.00%,NA,NA,NA,NA,
$abc$23791$techmap\\u_shift.$0\\IN_reg\[127:0\]\[66\],100.00%,100.00%,0.00%,NA,NA,NA,NA,
$abc$23791$techmap\\u_shift.$0\\IN_reg\[127:0\]\[67\],100.00%,100.00%,0.00%,NA,NA,NA,NA,
$abc$23791$techmap\\u_shift.$0\\IN_reg\[127:0\]\[68\],100.00%,100.00%,0.00%,NA,NA,NA,NA,
$abc$23791$techmap\\u_shift.$0\\IN_reg\[127:0\]\[69\],100.00%,100.00%,100.00%,NA,NA,NA,NA,
$abc$23791$techmap\\u_shift.$0\\IN_reg\[127:0\]\[6\],50.00%,100.00%,100.00%,0.00%,NA,NA,NA,
$abc$23791$techmap\\u_shift.$0\\IN_reg\[127:0\]\[70\],100.00%,100.00%,0.00%,NA,NA,NA,NA,
$abc$23791$techmap\\u_shift.$0\\IN_reg\[127:0\]\[71\],100.00%,100.00%,100.00%,NA,NA,NA,NA,
$abc$23791$techmap\\u_shift.$0\\IN_reg\[127:0\]\[73\],100.00%,100.00%,100.00%,NA,NA,NA,NA,
$abc$23791$techmap\\u_shift.$0\\IN_reg\[127:0\]\[74\],100.00%,98.16%,100.00%,NA,NA,NA,NA,
$abc$23791$techmap\\u_shift.$0\\IN_reg\[127:0\]\[75\],50.00%,100.00%,0.00%,NA,NA,NA,NA,
$abc$23791$techmap\\u_shift.$0\\IN_reg\[127:0\]\[76\],100.00%,100.00%,0.00%,NA,NA,NA,NA,
$abc$23791$techmap\\u_shift.$0\\IN_reg\[127:0\]\[77\],100.00%,100.00%,100.00%,NA,NA,NA,NA,
$abc$23791$techmap\\u_shift.$0\\IN_reg\[127:0\]\[78\],33.33%,19.65%,66.67%,NA,NA,NA,NA,
$abc$23791$techmap\\u_shift.$0\\IN_reg\[127:0\]\[7\],100.00%,100.00%,100.00%,NA,NA,NA,NA,
$abc$23791$techmap\\u_shift.$0\\IN_reg\[127:0\]\[8\],100.00%,100.00%,0.00%,0.00%,NA,NA,NA,
$abc$23791$techmap\\u_shift.$0\\IN_reg\[127:0\]\[96\],100.00%,100.00%,100.00%,NA,NA,NA,NA,
$abc$23791$techmap\\u_shift.$0\\IN_reg\[127:0\]\[97\],100.00%,100.00%,100.00%,NA,NA,NA,NA,
$abc$23791$techmap\\u_shift.$0\\IN_reg\[127:0\]\[98\],100.00%,100.00%,0.00%,NA,NA,NA,NA,
$abc$23791$techmap\\u_shift.$0\\IN_reg\[127:0\]\[99\],100.00%,100.00%,100.00%,NA,NA,NA,NA,
$abc$23791$techmap\\u_shift.$0\\IN_reg\[127:0\]\[9\],100.00%,100.00%,63.80%,NA,NA,NA,NA,
$abc$23791$techmap\\u_shift.$0\\counter\[7:0\]\[0\],100.00%,100.00%,100.00%,NA,NA,NA,NA,
$abc$23791$techmap\\u_shift.$0\\counter\[7:0\]\[2\],100.00%,100.00%,0.00%,NA,NA,NA,NA,
$abc$23791$techmap\\u_shift.$0\\counter\[7:0\]\[3\],100.00%,87.95%,100.00%,NA,NA,NA,NA,
$abc$23791$techmap\\u_shift.$0\\counter\[7:0\]\[4\],100.00%,100.00%,100.00%,NA,NA,NA,NA,
$abc$23791$techmap\\u_shift.$0\\counter\[7:0\]\[5\],50.00%,100.00%,100.00%,NA,NA,NA,NA,
$abc$23791$techmap\\u_shift.$0\\counter\[7:0\]\[6\],100.00%,100.00%,100.00%,NA,NA,NA,NA,
$abc$23791$techmap\\u_shift.$0\\counter\[7:0\]\[7\],100.00%,100.00%,0.00%,NA,NA,NA,NA,
$abc$23791$techmap\\u_shift.$0\\rx_bit_pos\[6:0\]\[0\],100.00%,100.00%,100.00%,NA,NA,NA,NA,
$abc$23791$techmap\\u_shift.$0\\rx_bit_pos\[6:0\]\[2\],100.00%,100.00%,0.00%,NA,NA,NA,NA,
$abc$23791$techmap\\u_shift.$0\\serial_out\[0:0\],100.00%,96.35%,0.00%,NA,NA,NA,NA,
$auto$hilomap.cc:39:hilomap_worker$25185,100.00%,97.75%,100.00%,NA,NA,NA,NA,
$auto$hilomap.cc:39:hilomap_worker$25187,100.00%,100.00%,100.00%,NA,NA,NA,NA,
$auto$hilomap.cc:39:hilomap_worker$25189,66.67%,95.36%,48.51%,NA,NA,NA,NA,
$auto$hilomap.cc:39:hilomap_worker$25191,100.00%,100.00%,100.00%,NA,NA,NA,NA,
$auto$hilomap.cc:39:hilomap_worker$25193,0.00%,100.00%,100.00%,NA,NA,NA,NA,
$auto$hilomap.cc:39:hilomap_worker$25195,100.00%,100.00%,0.00%,NA,NA,NA,NA,
$auto$hilomap.cc:39:hilomap_worker$25197,100.00%,100.00%,100.00%,NA,NA,NA,NA,
$auto$hilomap.cc:39:hilomap_worker$25199,100.00%,100.00%,100.00%,NA,NA,NA,NA,
$auto$hilomap.cc:39:hilomap_worker$25201,100.00%,78.12%,0.00%,NA,NA,NA,NA,
$auto$hilomap.cc:39:hilomap_worker$25203,100.00%,100.00%,100.00%,NA,NA,NA,NA,
$auto$hilomap.cc:39:hilomap_worker$25205,100.00%,100.00%,100.00%,NA,NA,NA,NA,
$auto$hilomap.cc:39:hilomap_worker$25207,100.00%,100.00%,100.00%,NA,NA,NA,NA,
$auto$hilomap.cc:39:hilomap_worker$25209,100.00%,100.00%,100.00%,NA,NA,NA,NA,
$auto$hilomap.cc:39:hilomap_worker$25211,100.00%,100.00%,100.00%,NA,NA,NA,NA,
$auto$hilomap.cc:39:hilomap_worker$25213,100.00%,100.00%,100.00%,NA,NA,NA,NA,
$auto$hilomap.cc:39:hilomap_worker$25215,100.00%,56.77%,0.00%,NA,NA,NA,NA,
$auto$hilomap.cc:39:hilomap_worker$25217,100.00%,100.00%,0.00%,NA,NA,NA,NA,
$auto$hilomap.cc:39:hilomap_worker$25219,100.00%,100.00%,100.00%,NA,NA,NA,NA,
$auto$hilomap.cc:39:hilomap_worker$25221,100.00%,100.00%,0.00%,NA,NA,NA,NA,
$auto$hilomap.cc:39:hilomap_worker$25223,0.00%,100.00%,100.00%,NA,NA,NA,NA,
$auto$hilomap.cc:39:hilomap_worker$25225,100.00%,100.00%,100.00%,NA,NA,NA,NA,
$auto$hilomap.cc:39:hilomap_worker$25227,66.67%,95.96%,100.00%,NA,NA,NA,NA,
$auto$hilomap.cc:39:hilomap_worker$25229,100.00%,100.00%,100.00%,NA,NA,NA,NA,
$auto$hilomap.cc:39:hilomap_worker$25231,100.00%,100.00%,100.00%,NA,NA,NA,NA,
$auto$hilomap.cc:39:hilomap_worker$25233,63.64%,22.94%,0.00%,NA,NA,NA,NA,
$auto$hilomap.cc:39:hilomap_worker$25235,90.91%,100.00%,99.38%,NA,NA,NA,NA,
$auto$hilomap.cc:39:hilomap_worker$25237,100.00%,100.00%,100.00%,NA,NA,NA,NA,
$auto$hilomap.cc:39:hilomap_worker$25239,100.00%,100.00%,100.00%,NA,NA,NA,NA,
$auto$hilomap.cc:39:hilomap_worker$25241,100.00%,100.00%,100.00%,NA,NA,NA,NA,
$auto$hilomap.cc:39:hilomap_worker$25243,100.00%,100.00%,100.00%,NA,NA,NA,NA,
$auto$hilomap.cc:39:hilomap_worker$25245,100.00%,100.00%,100.00%,NA,NA,NA,NA,
$auto$hilomap.cc:39:hilomap_worker$25247,100.00%,100.00%,100.00%,NA,NA,NA,NA,
$auto$hilomap.cc:39:hilomap_worker$25249,100.00%,100.00%,0.00%,NA,NA,NA,NA,
$auto$hilomap.cc:39:hilomap_worker$25251,100.00%,100.00%,100.00%,NA,NA,NA,NA,
$auto$hilomap.cc:39:hilomap_worker$25253,14.47%,100.00%,100.00%,NA,NA,NA,NA,
$auto$hilomap.cc:39:hilomap_worker$25255,100.00%,100.00%,100.00%,NA,NA,NA,NA,
$auto$hilomap.cc:39:hilomap_worker$25257,100.00%,100.00%,100.00%,NA,NA,NA,NA,
$auto$hilomap.cc:39:hilomap_worker$25259,100.00%,100.00%,100.00%,NA,NA,NA,NA,
$auto$hilomap.cc:39:hilomap_worker$25261,100.00%,100.00%,100.00%,NA,NA,NA,NA,
$auto$hilomap.cc:39:hilomap_worker$25263,0.00%,100.00%,100.00%,NA,NA,NA,NA,
$auto$hilomap.cc:39:hilomap_worker$25265,100.00%,100.00%,100.00%,NA,NA,NA,NA,
$auto$hilomap.cc:39:hilomap_worker$25267,100.00%,100.00%,78.87%,0.00%,NA,NA,NA,
$auto$hilomap.cc:39:hilomap_worker$25269,100.00%,100.00%,100.00%,NA,NA,NA,NA,
$auto$hilomap.cc:39:hilomap_worker$25271,100.00%,100.00%,100.00%,NA,NA,NA,NA,
$auto$hilomap.cc:39:hilomap_worker$25273,100.00%,100.00%,100.00%,NA,NA,NA,NA,
$auto$hilomap.cc:39:hilomap_worker$25275,100.00%,69.57%,0.00%,NA,NA,NA,NA,
$auto$hilomap.cc:39:hilomap_worker$25277,100.00%,100.00%,0.00%,NA,NA,NA,NA,
$auto$hilomap.cc:39:hilomap_worker$25279,100.00%,100.00%,0.00%,NA,NA,NA,NA,
$auto$hilomap.cc:39:hilomap_worker$25281,100.00%,100.00%,100.00%,NA,NA,NA,NA,
$auto$hilomap.cc:39:hilomap_worker$25283,100.00%,100.00%,0.00%,NA,NA,NA,NA,
$auto$hilomap.cc:39:hilomap_worker$25285,100.00%,100.00%,0.00%,NA,NA,NA,NA,
$auto$hilomap.cc:39:hilomap_worker$25287,100.00%,100.00%,100.00%,NA,NA,NA,NA,
$auto$hilomap.cc:39:hilomap_worker$25289,100.00%,100.00%,100.00%,NA,NA,NA,NA,
$auto$hilomap.cc:39:hilomap_worker$25291,100.00%,100.00%,0.00%,NA,NA,NA,NA,
$auto$hilomap.cc:39:hilomap_worker$25293,100.00%,100.00%,0.00%,NA,NA,NA,NA,
$auto$hilomap.cc:39:hilomap_worker$25295,100.00%,100.00%,100.00%,NA,NA,NA,NA,
$auto$hilomap.cc:39:hilomap_worker$25297,100.00%,69.57%,0.00%,NA,NA,NA,NA,
$auto$hilomap.cc:39:hilomap_worker$25299,100.00%,100.00%,100.00%,NA,NA,NA,NA,
$auto$hilomap.cc:39:hilomap_worker$25301,100.00%,85.64%,0.00%,NA,NA,NA,NA,
$auto$hilomap.cc:39:hilomap_worker$25303,100.00%,100.00%,100.00%,NA,NA,NA,NA,
$auto$hilomap.cc:39:hilomap_worker$25305,70.21%,100.00%,100.00%,NA,NA,NA,NA,
$auto$hilomap.cc:39:hilomap_worker$25307,100.00%,87.69%,100.00%,NA,NA,NA,NA,
$auto$hilomap.cc:39:hilomap_worker$25309,100.00%,100.00%,100.00%,NA,NA,NA,NA,
$auto$hilomap.cc:39:hilomap_worker$25311,100.00%,100.00%,100.00%,NA,NA,NA,NA,
$auto$hilomap.cc:39:hilomap_worker$25313,100.00%,100.00%,100.00%,NA,NA,NA,NA,
$auto$hilomap.cc:39:hilomap_worker$25315,100.00%,100.00%,0.00%,NA,NA,NA,NA,
$auto$hilomap.cc:39:hilomap_worker$25317,100.00%,100.00%,100.00%,NA,NA,NA,NA,
$auto$hilomap.cc:39:hilomap_worker$25319,100.00%,82.93%,0.00%,NA,NA,NA,NA,
$auto$hilomap.cc:39:hilomap_worker$25321,100.00%,100.00%,0.00%,NA,NA,NA,NA,
$auto$hilomap.cc:39:hilomap_worker$25323,90.91%,100.00%,100.00%,NA,NA,NA,NA,
$auto$hilomap.cc:39:hilomap_worker$25325,100.00%,100.00%,100.00%,NA,NA,NA,NA,
$auto$hilomap.cc:39:hilomap_worker$25327,100.00%,100.00%,NA,NA,NA,NA,NA,
$auto$hilomap.cc:39:hilomap_worker$25329,100.00%,100.00%,100.00%,NA,NA,NA,NA,
$auto$hilomap.cc:39:hilomap_worker$25331,100.00%,100.00%,0.00%,NA,NA,NA,NA,
$auto$hilomap.cc:39:hilomap_worker$25333,100.00%,100.00%,100.00%,NA,NA,NA,NA,
$auto$hilomap.cc:39:hilomap_worker$25335,100.00%,100.00%,100.00%,NA,NA,NA,NA,
$auto$hilomap.cc:39:hilomap_worker$25337,100.00%,100.00%,0.00%,NA,NA,NA,NA,
$auto$hilomap.cc:39:hilomap_worker$25339,100.00%,100.00%,100.00%,NA,NA,NA,NA,
$auto$hilomap.cc:39:hilomap_worker$25341,100.00%,100.00%,0.00%,NA,NA,NA,NA,
$auto$hilomap.cc:39:hilomap_worker$25343,100.00%,100.00%,0.00%,NA,NA,NA,NA,
$auto$hilomap.cc:39:hilomap_worker$25345,100.00%,56.92%,0.00%,NA,NA,NA,NA,
$auto$hilomap.cc:39:hilomap_worker$25347,100.00%,100.00%,0.00%,NA,NA,NA,NA,
$auto$hilomap.cc:39:hilomap_worker$25349,100.00%,100.00%,0.00%,NA,NA,NA,NA,
$auto$hilomap.cc:39:hilomap_worker$25351,100.00%,85.64%,98.28%,NA,NA,NA,NA,
$auto$hilomap.cc:39:hilomap_worker$25353,100.00%,100.00%,0.00%,NA,NA,NA,NA,
$auto$hilomap.cc:39:hilomap_worker$25355,100.00%,100.00%,100.00%,NA,NA,NA,NA,
$auto$hilomap.cc:39:hilomap_worker$25357,100.00%,66.67%,0.00%,NA,NA,NA,NA,
$auto$hilomap.cc:39:hilomap_worker$25359,100.00%,100.00%,0.00%,NA,NA,NA,NA,
$auto$hilomap.cc:39:hilomap_worker$25361,100.00%,100.00%,100.00%,NA,NA,NA,NA,
$auto$hilomap.cc:39:hilomap_worker$25363,100.00%,100.00%,100.00%,NA,NA,NA,NA,
$auto$hilomap.cc:39:hilomap_worker$25365,100.00%,100.00%,0.00%,NA,NA,NA,NA,
$auto$hilomap.cc:39:hilomap_worker$25367,100.00%,100.00%,100.00%,NA,NA,NA,NA,
$auto$hilomap.cc:39:hilomap_worker$25369,100.00%,96.95%,100.00%,NA,NA,NA,NA,
$auto$hilomap.cc:39:hilomap_worker$25371,100.00%,100.00%,100.00%,NA,NA,NA,NA,
$auto$hilomap.cc:39:hilomap_worker$25373,100.00%,100.00%,100.00%,NA,NA,NA,NA,
$auto$hilomap.cc:39:hilomap_worker$25375,90.91%,100.00%,99.38%,NA,NA,NA,NA,
$auto$hilomap.cc:39:hilomap_worker$25377,100.00%,100.00%,0.00%,NA,NA,NA,NA,
$auto$hilomap.cc:39:hilomap_worker$25379,100.00%,100.00%,0.00%,NA,NA,NA,NA,
$auto$hilomap.cc:39:hilomap_worker$25381,100.00%,100.00%,100.00%,NA,NA,NA,NA,
$auto$hilomap.cc:39:hilomap_worker$25383,100.00%,100.00%,100.00%,NA,NA,NA,NA,
$auto$hilomap.cc:39:hilomap_worker$25385,100.00%,100.00%,100.00%,NA,NA,NA,NA,
$auto$hilomap.cc:39:hilomap_worker$25387,100.00%,100.00%,0.00%,NA,NA,NA,NA,
$auto$hilomap.cc:39:hilomap_worker$25389,100.00%,100.00%,100.00%,NA,NA,NA,NA,
$auto$hilomap.cc:39:hilomap_worker$25391,66.67%,57.48%,0.00%,NA,NA,NA,NA,
$auto$hilomap.cc:39:hilomap_worker$25393,0.00%,100.00%,100.00%,NA,NA,NA,NA,
$auto$hilomap.cc:39:hilomap_worker$25395,100.00%,100.00%,0.00%,NA,NA,NA,NA,
$auto$hilomap.cc:39:hilomap_worker$25397,66.67%,93.29%,100.00%,NA,NA,NA,NA,
$auto$hilomap.cc:39:hilomap_worker$25399,100.00%,100.00%,100.00%,NA,NA,NA,NA,
$auto$hilomap.cc:39:hilomap_worker$25401,0.00%,92.71%,97.78%,NA,NA,NA,NA,
$auto$hilomap.cc:39:hilomap_worker$25403,100.00%,100.00%,100.00%,NA,NA,NA,NA,
$auto$hilomap.cc:39:hilomap_worker$25405,100.00%,100.00%,100.00%,NA,NA,NA,NA,
$auto$hilomap.cc:39:hilomap_worker$25407,100.00%,100.00%,100.00%,NA,NA,NA,NA,
$auto$hilomap.cc:39:hilomap_worker$25409,100.00%,100.00%,100.00%,NA,NA,NA,NA,
$auto$hilomap.cc:39:hilomap_worker$25411,0.00%,65.99%,0.00%,NA,NA,NA,NA,
$auto$hilomap.cc:39:hilomap_worker$25413,100.00%,100.00%,100.00%,NA,NA,NA,NA,
$auto$hilomap.cc:39:hilomap_worker$25415,100.00%,100.00%,100.00%,NA,NA,NA,NA,
$auto$hilomap.cc:39:hilomap_worker$25417,100.00%,100.00%,100.00%,NA,NA,NA,NA,
$auto$hilomap.cc:39:hilomap_worker$25419,100.00%,100.00%,100.00%,NA,NA,NA,NA,
$auto$hilomap.cc:39:hilomap_worker$25421,100.00%,100.00%,100.00%,NA,NA,NA,NA,
$auto$hilomap.cc:39:hilomap_worker$25423,100.00%,100.00%,0.00%,NA,NA,NA,NA,
$auto$hilomap.cc:39:hilomap_worker$25425,100.00%,100.00%,100.00%,NA,NA,NA,NA,
$auto$hilomap.cc:39:hilomap_worker$25427,100.00%,100.00%,0.00%,NA,NA,NA,NA,
$auto$hilomap.cc:39:hilomap_worker$25429,100.00%,100.00%,0.00%,NA,NA,NA,NA,
$auto$hilomap.cc:39:hilomap_worker$25431,100.00%,38.76%,0.00%,NA,NA,NA,NA,
$auto$hilomap.cc:39:hilomap_worker$25433,100.00%,100.00%,0.00%,NA,NA,NA,NA,
$auto$hilomap.cc:39:hilomap_worker$25435,90.91%,100.00%,0.00%,NA,NA,NA,NA,
$auto$hilomap.cc:39:hilomap_worker$25437,100.00%,100.00%,100.00%,NA,NA,NA,NA,
$auto$hilomap.cc:39:hilomap_worker$25439,90.91%,100.00%,0.00%,NA,NA,NA,NA,
$auto$hilomap.cc:39:hilomap_worker$25441,100.00%,89.86%,100.00%,NA,NA,NA,NA,
$auto$hilomap.cc:39:hilomap_worker$25443,66.67%,100.00%,100.00%,NA,NA,NA,NA,
$auto$hilomap.cc:39:hilomap_worker$25445,100.00%,94.57%,0.00%,NA,NA,NA,NA,
$auto$hilomap.cc:39:hilomap_worker$25447,100.00%,85.64%,0.00%,NA,NA,NA,NA,
$auto$hilomap.cc:39:hilomap_worker$25449,42.42%,94.23%,66.67%,NA,NA,NA,NA,
$auto$hilomap.cc:39:hilomap_worker$25451,100.00%,100.00%,100.00%,NA,NA,NA,NA,
$auto$hilomap.cc:39:hilomap_worker$25453,100.00%,100.00%,100.00%,0.00%,NA,NA,NA,
$auto$hilomap.cc:39:hilomap_worker$25455,100.00%,100.00%,100.00%,NA,NA,NA,NA,
$auto$hilomap.cc:39:hilomap_worker$25457,90.91%,56.92%,0.00%,NA,NA,NA,NA,
$auto$hilomap.cc:39:hilomap_worker$25459,100.00%,100.00%,100.00%,NA,NA,NA,NA,
$auto$hilomap.cc:39:hilomap_worker$25461,100.00%,100.00%,0.00%,NA,NA,NA,NA,
$auto$hilomap.cc:39:hilomap_worker$25463,100.00%,100.00%,100.00%,NA,NA,NA,NA,
$auto$hilomap.cc:39:hilomap_worker$25465,100.00%,80.08%,0.00%,NA,NA,NA,NA,
$auto$hilomap.cc:39:hilomap_worker$25467,100.00%,100.00%,0.00%,NA,NA,NA,NA,
$auto$hilomap.cc:39:hilomap_worker$25469,100.00%,100.00%,100.00%,NA,NA,NA,NA,
$auto$hilomap.cc:39:hilomap_worker$25471,100.00%,100.00%,100.00%,NA,NA,NA,NA,
$auto$hilomap.cc:39:hilomap_worker$25473,100.00%,69.57%,0.00%,NA,NA,NA,NA,
$auto$hilomap.cc:39:hilomap_worker$25475,100.00%,100.00%,100.00%,NA,NA,NA,NA,
$auto$hilomap.cc:39:hilomap_worker$25477,100.00%,82.93%,0.00%,NA,NA,NA,NA,
$auto$hilomap.cc:39:hilomap_worker$25479,100.00%,93.29%,66.67%,NA,NA,NA,NA,
$auto$hilomap.cc:39:hilomap_worker$25481,100.00%,100.00%,0.00%,NA,NA,NA,NA,
$auto$hilomap.cc:39:hilomap_worker$25483,100.00%,100.00%,100.00%,NA,NA,NA,NA,
$auto$hilomap.cc:39:hilomap_worker$25485,100.00%,100.00%,100.00%,NA,NA,NA,NA,
$auto$hilomap.cc:39:hilomap_worker$25487,100.00%,100.00%,100.00%,NA,NA,NA,NA,
$auto$hilomap.cc:39:hilomap_worker$25489,100.00%,100.00%,100.00%,NA,NA,NA,NA,
$auto$hilomap.cc:39:hilomap_worker$25491,100.00%,100.00%,100.00%,NA,NA,NA,NA,
$auto$hilomap.cc:39:hilomap_worker$25493,100.00%,92.71%,94.21%,NA,NA,NA,NA,
$auto$hilomap.cc:39:hilomap_worker$25495,100.00%,100.00%,100.00%,NA,NA,NA,NA,
$auto$hilomap.cc:39:hilomap_worker$25497,100.00%,100.00%,100.00%,NA,NA,NA,NA,
$auto$hilomap.cc:39:hilomap_worker$25499,100.00%,100.00%,0.00%,NA,NA,NA,NA,
$auto$hilomap.cc:39:hilomap_worker$25501,100.00%,100.00%,0.00%,NA,NA,NA,NA,
$auto$hilomap.cc:39:hilomap_worker$25503,63.64%,100.00%,100.00%,NA,NA,NA,NA,
$auto$hilomap.cc:39:hilomap_worker$25505,100.00%,100.00%,100.00%,NA,NA,NA,NA,
$auto$hilomap.cc:39:hilomap_worker$25507,100.00%,100.00%,100.00%,NA,NA,NA,NA,
$auto$hilomap.cc:39:hilomap_worker$25509,100.00%,100.00%,100.00%,NA,NA,NA,NA,
$auto$hilomap.cc:39:hilomap_worker$25511,100.00%,100.00%,100.00%,NA,NA,NA,NA,
$auto$hilomap.cc:39:hilomap_worker$25513,100.00%,100.00%,100.00%,NA,NA,NA,NA,
$auto$hilomap.cc:39:hilomap_worker$25515,90.91%,100.00%,100.00%,NA,NA,NA,NA,
$auto$hilomap.cc:39:hilomap_worker$25517,100.00%,100.00%,0.00%,NA,NA,NA,NA,
$auto$hilomap.cc:39:hilomap_worker$25519,100.00%,100.00%,0.00%,NA,NA,NA,NA,
$auto$hilomap.cc:39:hilomap_worker$25521,100.00%,100.00%,100.00%,NA,NA,NA,NA,
$auto$hilomap.cc:39:hilomap_worker$25523,100.00%,100.00%,0.00%,NA,NA,NA,NA,
$auto$hilomap.cc:39:hilomap_worker$25525,100.00%,100.00%,100.00%,NA,NA,NA,NA,
$auto$hilomap.cc:39:hilomap_worker$25527,100.00%,100.00%,0.00%,NA,NA,NA,NA,
$auto$hilomap.cc:39:hilomap_worker$25529,0.00%,100.00%,98.98%,NA,NA,NA,NA,
$auto$hilomap.cc:39:hilomap_worker$25531,100.00%,100.00%,0.00%,NA,NA,NA,NA,
$auto$hilomap.cc:39:hilomap_worker$25533,100.00%,100.00%,0.00%,NA,NA,NA,NA,
$auto$hilomap.cc:39:hilomap_worker$25535,100.00%,100.00%,0.00%,NA,NA,NA,NA,
$auto$hilomap.cc:39:hilomap_worker$25537,100.00%,100.00%,100.00%,NA,NA,NA,NA,
$auto$hilomap.cc:39:hilomap_worker$25539,100.00%,100.00%,100.00%,NA,NA,NA,NA,
$auto$hilomap.cc:39:hilomap_worker$25541,0.00%,10.29%,100.00%,NA,NA,NA,NA,
$auto$hilomap.cc:39:hilomap_worker$25543,100.00%,100.00%,100.00%,NA,NA,NA,NA,
$auto$hilomap.cc:39:hilomap_worker$25545,100.00%,100.00%,100.00%,NA,NA,NA,NA,
$auto$hilomap.cc:39:hilomap_worker$25547,100.00%,100.00%,100.00%,NA,NA,NA,NA,
$auto$hilomap.cc:39:hilomap_worker$25549,100.00%,69.57%,0.00%,0.00%,0.00%,NA,NA,
$auto$hilomap.cc:39:hilomap_worker$25551,100.00%,100.00%,100.00%,NA,NA,NA,NA,
$auto$hilomap.cc:39:hilomap_worker$25553,100.00%,100.00%,100.00%,NA,NA,NA,NA,
$auto$hilomap.cc:39:hilomap_worker$25555,0.00%,100.00%,100.00%,NA,NA,NA,NA,
$auto$hilomap.cc:39:hilomap_worker$25557,100.00%,100.00%,100.00%,NA,NA,NA,NA,
$auto$hilomap.cc:39:hilomap_worker$25559,100.00%,100.00%,100.00%,NA,NA,NA,NA,
$auto$hilomap.cc:39:hilomap_worker$25561,100.00%,100.00%,100.00%,NA,NA,NA,NA,
$auto$hilomap.cc:39:hilomap_worker$25563,100.00%,100.00%,100.00%,NA,NA,NA,NA,
$auto$hilomap.cc:39:hilomap_worker$25565,100.00%,100.00%,0.00%,NA,NA,NA,NA,
$auto$hilomap.cc:39:hilomap_worker$25567,100.00%,100.00%,100.00%,NA,NA,NA,NA,
$auto$hilomap.cc:39:hilomap_worker$25569,100.00%,100.00%,100.00%,NA,NA,NA,NA,
$auto$hilomap.cc:39:hilomap_worker$25571,100.00%,100.00%,100.00%,NA,NA,NA,NA,
$auto$hilomap.cc:39:hilomap_worker$25573,100.00%,100.00%,0.00%,NA,NA,NA,NA,
$auto$hilomap.cc:39:hilomap_worker$25575,100.00%,42.67%,0.00%,NA,NA,NA,NA,
$auto$hilomap.cc:39:hilomap_worker$25577,100.00%,100.00%,100.00%,NA,NA,NA,NA,
$auto$hilomap.cc:39:hilomap_worker$25579,100.00%,100.00%,0.00%,0.00%,NA,NA,NA,
$auto$hilomap.cc:39:hilomap_worker$25581,100.00%,100.00%,100.00%,NA,NA,NA,NA,
$auto$hilomap.cc:39:hilomap_worker$25583,100.00%,100.00%,100.00%,NA,NA,NA,NA,
$auto$hilomap.cc:39:hilomap_worker$25585,100.00%,96.92%,100.00%,NA,NA,NA,NA,
$auto$hilomap.cc:39:hilomap_worker$25587,100.00%,100.00%,100.00%,NA,NA,NA,NA,
$auto$hilomap.cc:39:hilomap_worker$25589,100.00%,100.00%,0.00%,NA,NA,NA,NA,
$auto$hilomap.cc:39:hilomap_worker$25591,100.00%,100.00%,0.00%,NA,NA,NA,NA,
$auto$hilomap.cc:39:hilomap_worker$25593,100.00%,100.00%,NA,NA,NA,NA,NA,
$auto$hilomap.cc:39:hilomap_worker$25595,100.00%,100.00%,100.00%,NA,NA,NA,NA,
$auto$hilomap.cc:39:hilomap_worker$25597,100.00%,100.00%,0.00%,NA,NA,NA,NA,
$auto$hilomap.cc:39:hilomap_worker$25599,62.07%,100.00%,100.00%,NA,NA,NA,NA,
$auto$hilomap.cc:39:hilomap_worker$25601,100.00%,100.00%,100.00%,NA,NA,NA,NA,
$auto$hilomap.cc:39:hilomap_worker$25603,100.00%,100.00%,100.00%,NA,NA,NA,NA,
$auto$hilomap.cc:39:hilomap_worker$25605,100.00%,56.92%,0.00%,NA,NA,NA,NA,
$auto$hilomap.cc:39:hilomap_worker$25607,100.00%,100.00%,100.00%,NA,NA,NA,NA,
$auto$hilomap.cc:39:hilomap_worker$25609,100.00%,94.57%,89.91%,0.00%,NA,NA,NA,
$auto$hilomap.cc:39:hilomap_worker$25611,100.00%,18.97%,0.00%,NA,NA,NA,NA,
$auto$hilomap.cc:39:hilomap_worker$25613,90.91%,100.00%,0.00%,NA,NA,NA,NA,
$auto$hilomap.cc:39:hilomap_worker$25615,100.00%,100.00%,100.00%,NA,NA,NA,NA,
$auto$hilomap.cc:39:hilomap_worker$25617,100.00%,100.00%,100.00%,NA,NA,NA,NA,
$auto$hilomap.cc:39:hilomap_worker$25619,100.00%,100.00%,100.00%,NA,NA,NA,NA,
$auto$hilomap.cc:39:hilomap_worker$25621,100.00%,100.00%,0.00%,NA,NA,NA,NA,
$auto$hilomap.cc:39:hilomap_worker$25623,100.00%,100.00%,100.00%,NA,NA,NA,NA,
$auto$hilomap.cc:39:hilomap_worker$25625,100.00%,100.00%,100.00%,NA,NA,NA,NA,
$auto$hilomap.cc:39:hilomap_worker$25627,100.00%,100.00%,0.00%,NA,NA,NA,NA,
$auto$hilomap.cc:39:hilomap_worker$25629,100.00%,100.00%,100.00%,NA,NA,NA,NA,
$auto$hilomap.cc:39:hilomap_worker$25631,100.00%,70.77%,0.00%,NA,NA,NA,NA,
$auto$hilomap.cc:39:hilomap_worker$25633,100.00%,100.00%,100.00%,NA,NA,NA,NA,
$auto$hilomap.cc:39:hilomap_worker$25635,63.64%,100.00%,100.00%,NA,NA,NA,NA,
$auto$hilomap.cc:39:hilomap_worker$25637,100.00%,100.00%,100.00%,NA,NA,NA,NA,
$auto$hilomap.cc:39:hilomap_worker$25639,100.00%,100.00%,100.00%,NA,NA,NA,NA,
$auto$hilomap.cc:39:hilomap_worker$25641,100.00%,100.00%,100.00%,NA,NA,NA,NA,
PADDR[0],NA,NA,NA,NA,NA,NA,NA,
PADDR[1],NA,NA,NA,NA,NA,NA,NA,
PADDR[2],94.95%,99.35%,99.84%,87.56%,NA,NA,NA,
PADDR[3],94.81%,92.57%,96.25%,0.00%,NA,NA,NA,
PADDR[4],61.06%,93.27%,100.00%,0.00%,NA,NA,NA,
PCLK,100.00%,100.00%,100.00%,83.07%,100.00%,NA,NA,
PENABLE,43.97%,93.10%,99.02%,82.53%,0.00%,NA,NA,
PRDATA[0],100.00%,90.06%,97.23%,0.00%,NA,NA,NA,
PRDATA[10],0.00%,9.92%,100.00%,0.00%,NA,NA,NA,
PRDATA[11],100.00%,95.97%,100.00%,NA,NA,NA,NA,
PRDATA[12],100.00%,100.00%,100.00%,NA,NA,NA,NA,
PRDATA[13],100.00%,40.93%,100.00%,NA,NA,NA,NA,
PRDATA[14],0.00%,70.29%,97.88%,NA,NA,NA,NA,
PRDATA[15],100.00%,76.31%,91.16%,0.00%,NA,NA,NA,
PRDATA[16],100.00%,39.02%,100.00%,NA,NA,NA,NA,
PRDATA[17],100.00%,100.00%,100.00%,NA,NA,NA,NA,
PRDATA[18],100.00%,100.00%,100.00%,NA,NA,NA,NA,
PRDATA[19],100.00%,100.00%,100.00%,NA,NA,NA,NA,
PRDATA[1],100.00%,64.21%,100.00%,0.00%,NA,NA,NA,
PRDATA[20],100.00%,30.84%,58.10%,NA,NA,NA,NA,
PRDATA[21],100.00%,100.00%,100.00%,NA,NA,NA,NA,
PRDATA[22],100.00%,84.38%,82.54%,NA,NA,NA,NA,
PRDATA[23],100.00%,100.00%,73.17%,0.00%,NA,NA,NA,
PRDATA[24],100.00%,71.99%,94.96%,0.00%,NA,NA,NA,
PRDATA[25],24.72%,100.00%,100.00%,NA,NA,NA,NA,
PRDATA[26],100.00%,86.77%,93.88%,0.00%,NA,NA,NA,
PRDATA[27],100.00%,100.00%,100.00%,NA,NA,NA,NA,
PRDATA[28],100.00%,98.64%,50.21%,NA,NA,NA,NA,
PRDATA[29],100.00%,100.00%,100.00%,100.00%,NA,NA,NA,
PRDATA[2],100.00%,83.56%,68.65%,0.00%,0.00%,NA,NA,
PRDATA[30],100.00%,99.76%,69.52%,NA,NA,NA,NA,
PRDATA[31],100.00%,87.16%,68.86%,0.00%,0.00%,NA,NA,
PRDATA[3],100.00%,100.00%,100.00%,100.00%,100.00%,NA,NA,
PRDATA[4],12.94%,92.44%,100.00%,NA,NA,NA,NA,
PRDATA[5],100.00%,100.00%,100.00%,100.00%,100.00%,0.00%,0.00%,
PRDATA[6],7.45%,96.16%,100.00%,NA,NA,NA,NA,
PRDATA[7],100.00%,100.00%,100.00%,100.00%,100.00%,NA,NA,
PRDATA[8],0.00%,0.00%,98.78%,0.00%,NA,NA,NA,
PRDATA[9],0.00%,90.91%,99.18%,0.00%,0.00%,NA,NA,
PREADY,100.00%,100.00%,100.00%,NA,NA,NA,NA,
PRESETn,100.00%,93.09%,79.82%,0.00%,0.00%,NA,NA,
PSEL,100.00%,93.58%,95.76%,0.00%,NA,NA,NA,
PSLVERR,100.00%,100.00%,100.00%,NA,NA,NA,NA,
PSTRB[0],49.62%,100.00%,100.00%,NA,NA,NA,NA,
PSTRB[1],20.25%,100.00%,94.89%,0.00%,NA,NA,NA,
PSTRB[2],100.00%,100.00%,0.00%,NA,NA,NA,NA,
PSTRB[3],100.00%,100.00%,NA,NA,NA,NA,NA,
PWDATA[0],88.89%,93.99%,81.56%,100.00%,100.00%,NA,NA,
PWDATA[10],100.00%,90.97%,89.70%,0.00%,0.00%,NA,NA,
PWDATA[11],100.00%,100.00%,98.04%,0.00%,NA,NA,NA,
PWDATA[12],85.47%,84.30%,83.51%,37.13%,NA,NA,NA,
PWDATA[13],100.00%,74.55%,44.51%,87.72%,0.00%,NA,NA,
PWDATA[14],100.00%,100.00%,79.48%,0.00%,NA,NA,NA,
PWDATA[15],100.00%,100.00%,98.83%,85.38%,NA,NA,NA,
PWDATA[16],100.00%,100.00%,NA,NA,NA,NA,NA,
PWDATA[17],24.72%,71.60%,100.00%,NA,NA,NA,NA,
PWDATA[18],100.00%,100.00%,0.00%,0.00%,NA,NA,NA,
PWDATA[19],100.00%,85.15%,NA,NA,NA,NA,NA,
PWDATA[1],100.00%,63.89%,95.70%,42.53%,NA,NA,NA,
PWDATA[20],100.00%,100.00%,100.00%,NA,NA,NA,NA,
PWDATA[21],100.00%,100.00%,NA,NA,NA,NA,NA,
PWDATA[22],100.00%,100.00%,NA,NA,NA,NA,NA,
PWDATA[23],100.00%,100.00%,NA,NA,NA,NA,NA,
PWDATA[24],12.94%,100.00%,NA,NA,NA,NA,NA,
PWDATA[25],0.00%,100.00%,100.00%,NA,NA,NA,NA,
PWDATA[26],100.00%,100.00%,NA,NA,NA,NA,NA,
PWDATA[27],7.91%,100.00%,0.00%,NA,NA,NA,NA,
PWDATA[28],100.00%,100.00%,NA,NA,NA,NA,NA,
PWDATA[29],100.00%,100.00%,0.00%,NA,NA,NA,NA,
PWDATA[2],66.67%,79.71%,98.40%,NA,NA,NA,NA,
PWDATA[30],100.00%,100.00%,NA,NA,NA,NA,NA,
PWDATA[31],100.00%,100.00%,0.00%,NA,NA,NA,NA,
PWDATA[3],100.00%,99.75%,100.00%,NA,NA,NA,NA,
PWDATA[4],66.67%,98.54%,90.49%,0.00%,NA,NA,NA,
PWDATA[5],100.00%,100.00%,74.72%,100.00%,NA,NA,NA,
PWDATA[6],100.00%,99.80%,43.75%,0.00%,NA,NA,NA,
PWDATA[7],100.00%,99.45%,100.00%,NA,NA,NA,NA,
PWDATA[8],100.00%,40.05%,100.00%,97.36%,NA,NA,NA,
PWDATA[9],100.00%,44.88%,95.77%,100.00%,NA,NA,NA,
PWRITE,100.00%,100.00%,62.46%,96.74%,100.00%,NA,NA,
ass,NA,NA,NA,NA,NA,NA,NA,
miso_pad_i,100.00%,100.00%,98.55%,0.00%,NA,NA,NA,
mosi_pad_o,100.00%,100.00%,NA,NA,NA,NA,NA,
rx\[111\],NA,NA,NA,NA,NA,NA,NA,
rx\[112\],NA,NA,NA,NA,NA,NA,NA,
rx\[113\],NA,NA,NA,NA,NA,NA,NA,
rx\[114\],NA,NA,NA,NA,NA,NA,NA,
sclk_pad_o,100.00%,100.00%,90.29%,0.00%,NA,NA,NA,
spi_int_o,100.00%,100.00%,82.48%,37.16%,NA,NA,NA,
ss_pad_o[0],100.00%,100.00%,NA,NA,NA,NA,NA,
ss_pad_o[10],100.00%,100.00%,0.00%,NA,NA,NA,NA,
ss_pad_o[11],100.00%,100.00%,0.00%,NA,NA,NA,NA,
ss_pad_o[12],100.00%,100.00%,NA,NA,NA,NA,NA,
ss_pad_o[13],100.00%,100.00%,NA,NA,NA,NA,NA,
ss_pad_o[14],9.09%,100.00%,NA,NA,NA,NA,NA,
ss_pad_o[15],100.00%,100.00%,NA,NA,NA,NA,NA,
ss_pad_o[16],24.72%,100.00%,NA,NA,NA,NA,NA,
ss_pad_o[17],100.00%,100.00%,NA,NA,NA,NA,NA,
ss_pad_o[18],100.00%,100.00%,NA,NA,NA,NA,NA,
ss_pad_o[19],14.47%,100.00%,NA,NA,NA,NA,NA,
ss_pad_o[1],100.00%,100.00%,92.66%,0.00%,NA,NA,NA,
ss_pad_o[20],100.00%,100.00%,NA,NA,NA,NA,NA,
ss_pad_o[21],54.03%,100.00%,NA,NA,NA,NA,NA,
ss_pad_o[22],47.80%,100.00%,NA,NA,NA,NA,NA,
ss_pad_o[23],24.72%,100.00%,NA,NA,NA,NA,NA,
ss_pad_o[24],0.00%,76.13%,NA,NA,NA,NA,NA,
ss_pad_o[25],100.00%,100.00%,NA,NA,NA,NA,NA,
ss_pad_o[26],100.00%,100.00%,NA,NA,NA,NA,NA,
ss_pad_o[27],18.97%,100.00%,NA,NA,NA,NA,NA,
ss_pad_o[28],100.00%,100.00%,NA,NA,NA,NA,NA,
ss_pad_o[29],49.68%,100.00%,NA,NA,NA,NA,NA,
ss_pad_o[2],100.00%,100.00%,NA,NA,NA,NA,NA,
ss_pad_o[30],63.39%,98.18%,100.00%,NA,NA,NA,NA,
ss_pad_o[31],9.09%,83.33%,99.39%,NA,NA,NA,NA,
ss_pad_o[3],100.00%,100.00%,NA,NA,NA,NA,NA,
ss_pad_o[4],100.00%,100.00%,NA,NA,NA,NA,NA,
ss_pad_o[5],100.00%,100.00%,NA,NA,NA,NA,NA,
ss_pad_o[6],100.00%,100.00%,NA,NA,NA,NA,NA,
ss_pad_o[7],7.91%,100.00%,NA,NA,NA,NA,NA,
ss_pad_o[8],100.00%,100.00%,NA,NA,NA,NA,NA,
ss_pad_o[9],24.72%,100.00%,NA,NA,NA,NA,NA,
Total,91.72%,95.89%,84.22%,36.61%,68.59%,0.00%,0.00%,72.87%,